[2025-05-20 10:01:37,821] DEBUG   core.views:23 Запущен home_view с GET-параметрами: {}
[2025-05-20 10:02:40,055] DEBUG   core.views:23 Запущен home_view с GET-параметрами: {}
[2025-05-20 10:02:41,048] INFO    core.views:60 Успешно обрабатываем запрос + api
[2025-05-20 10:36:25,953] DEBUG   core.views:23 Запущен home_view с GET-параметрами: {}
[2025-05-20 10:36:31,261] ERROR   core.views:62 Foursquare API error: HTTPSConnectionPool(host='api.foursquare.com', port=443): Read timed out. (read timeout=5)
[2025-05-20 10:38:00,031] ERROR   django.request:248 Internal Server Error: /accounts/signup/
Traceback (most recent call last):
  File "/home/deviyan/353505_ANUFRYIEU_02/IGI/LR5/.venv/lib/python3.12/site-packages/django/core/handlers/exception.py", line 55, in inner
    response = get_response(request)
               ^^^^^^^^^^^^^^^^^^^^^
  File "/home/deviyan/353505_ANUFRYIEU_02/IGI/LR5/.venv/lib/python3.12/site-packages/django/core/handlers/base.py", line 197, in _get_response
    response = wrapped_callback(request, *callback_args, **callback_kwargs)
               ^^^^^^^^^^^^^^^^^^^^^^^^^^^^^^^^^^^^^^^^^^^^^^^^^^^^^^^^^^^^
  File "/home/deviyan/353505_ANUFRYIEU_02/IGI/LR5/.venv/lib/python3.12/site-packages/django/views/generic/base.py", line 104, in view
    return self.dispatch(request, *args, **kwargs)
           ^^^^^^^^^^^^^^^^^^^^^^^^^^^^^^^^^^^^^^^
  File "/home/deviyan/353505_ANUFRYIEU_02/IGI/LR5/.venv/lib/python3.12/site-packages/django/utils/decorators.py", line 48, in _wrapper
    return bound_method(*args, **kwargs)
           ^^^^^^^^^^^^^^^^^^^^^^^^^^^^^
  File "/home/deviyan/353505_ANUFRYIEU_02/IGI/LR5/.venv/lib/python3.12/site-packages/allauth/decorators.py", line 12, in wrap
    resp = function(request, *args, **kwargs)
           ^^^^^^^^^^^^^^^^^^^^^^^^^^^^^^^^^^
  File "/home/deviyan/353505_ANUFRYIEU_02/IGI/LR5/.venv/lib/python3.12/site-packages/django/utils/decorators.py", line 48, in _wrapper
    return bound_method(*args, **kwargs)
           ^^^^^^^^^^^^^^^^^^^^^^^^^^^^^
  File "/home/deviyan/353505_ANUFRYIEU_02/IGI/LR5/.venv/lib/python3.12/site-packages/django/utils/decorators.py", line 48, in _wrapper
    return bound_method(*args, **kwargs)
           ^^^^^^^^^^^^^^^^^^^^^^^^^^^^^
  File "/home/deviyan/353505_ANUFRYIEU_02/IGI/LR5/.venv/lib/python3.12/site-packages/django/views/decorators/debug.py", line 143, in sensitive_post_parameters_wrapper
    return view(request, *args, **kwargs)
           ^^^^^^^^^^^^^^^^^^^^^^^^^^^^^^
  File "/home/deviyan/353505_ANUFRYIEU_02/IGI/LR5/.venv/lib/python3.12/site-packages/django/utils/decorators.py", line 48, in _wrapper
    return bound_method(*args, **kwargs)
           ^^^^^^^^^^^^^^^^^^^^^^^^^^^^^
  File "/home/deviyan/353505_ANUFRYIEU_02/IGI/LR5/.venv/lib/python3.12/site-packages/django/views/decorators/cache.py", line 80, in _view_wrapper
    response = view_func(request, *args, **kwargs)
               ^^^^^^^^^^^^^^^^^^^^^^^^^^^^^^^^^^^
  File "/home/deviyan/353505_ANUFRYIEU_02/IGI/LR5/.venv/lib/python3.12/site-packages/allauth/account/views.py", line 164, in dispatch
    return super().dispatch(request, *args, **kwargs)
           ^^^^^^^^^^^^^^^^^^^^^^^^^^^^^^^^^^^^^^^^^^
  File "/home/deviyan/353505_ANUFRYIEU_02/IGI/LR5/.venv/lib/python3.12/site-packages/django/utils/decorators.py", line 48, in _wrapper
    return bound_method(*args, **kwargs)
           ^^^^^^^^^^^^^^^^^^^^^^^^^^^^^
  File "/home/deviyan/353505_ANUFRYIEU_02/IGI/LR5/.venv/lib/python3.12/site-packages/django/utils/decorators.py", line 48, in _wrapper
    return bound_method(*args, **kwargs)
           ^^^^^^^^^^^^^^^^^^^^^^^^^^^^^
  File "/home/deviyan/353505_ANUFRYIEU_02/IGI/LR5/.venv/lib/python3.12/site-packages/django/views/decorators/cache.py", line 80, in _view_wrapper
    response = view_func(request, *args, **kwargs)
               ^^^^^^^^^^^^^^^^^^^^^^^^^^^^^^^^^^^
  File "/home/deviyan/353505_ANUFRYIEU_02/IGI/LR5/.venv/lib/python3.12/site-packages/allauth/account/mixins.py", line 53, in dispatch
    response = super().dispatch(request, *args, **kwargs)
               ^^^^^^^^^^^^^^^^^^^^^^^^^^^^^^^^^^^^^^^^^^
  File "/home/deviyan/353505_ANUFRYIEU_02/IGI/LR5/.venv/lib/python3.12/site-packages/allauth/account/mixins.py", line 118, in dispatch
    return super().dispatch(request, *args, **kwargs)
           ^^^^^^^^^^^^^^^^^^^^^^^^^^^^^^^^^^^^^^^^^^
  File "/home/deviyan/353505_ANUFRYIEU_02/IGI/LR5/.venv/lib/python3.12/site-packages/django/views/generic/base.py", line 143, in dispatch
    return handler(request, *args, **kwargs)
           ^^^^^^^^^^^^^^^^^^^^^^^^^^^^^^^^^
  File "/home/deviyan/353505_ANUFRYIEU_02/IGI/LR5/.venv/lib/python3.12/site-packages/allauth/account/mixins.py", line 82, in post
    response = self.form_valid(form)
               ^^^^^^^^^^^^^^^^^^^^^
  File "/home/deviyan/353505_ANUFRYIEU_02/IGI/LR5/.venv/lib/python3.12/site-packages/allauth/account/views.py", line 170, in form_valid
    self.user, resp = form.try_save(self.request)
                      ^^^^^^^^^^^^^^^^^^^^^^^^^^^
  File "/home/deviyan/353505_ANUFRYIEU_02/IGI/LR5/.venv/lib/python3.12/site-packages/allauth/account/forms.py", line 547, in try_save
    return super().try_save(request)
           ^^^^^^^^^^^^^^^^^^^^^^^^^
  File "/home/deviyan/353505_ANUFRYIEU_02/IGI/LR5/.venv/lib/python3.12/site-packages/allauth/account/forms.py", line 473, in try_save
    user = self.save(request)
           ^^^^^^^^^^^^^^^^^^
  File "/home/deviyan/353505_ANUFRYIEU_02/IGI/LR5/hotel_project/core/forms.py", line 81, in save
    age=self.cleaned_data['age'],
        ~~~~~~~~~~~~~~~~~^^^^^^^
KeyError: 'age'
[2025-05-20 10:41:45,407] ERROR   django.request:248 Internal Server Error: /accounts/signup/
Traceback (most recent call last):
  File "/home/deviyan/353505_ANUFRYIEU_02/IGI/LR5/.venv/lib/python3.12/site-packages/django/core/handlers/exception.py", line 55, in inner
    response = get_response(request)
               ^^^^^^^^^^^^^^^^^^^^^
  File "/home/deviyan/353505_ANUFRYIEU_02/IGI/LR5/.venv/lib/python3.12/site-packages/django/core/handlers/base.py", line 197, in _get_response
    response = wrapped_callback(request, *callback_args, **callback_kwargs)
               ^^^^^^^^^^^^^^^^^^^^^^^^^^^^^^^^^^^^^^^^^^^^^^^^^^^^^^^^^^^^
  File "/home/deviyan/353505_ANUFRYIEU_02/IGI/LR5/.venv/lib/python3.12/site-packages/django/views/generic/base.py", line 104, in view
    return self.dispatch(request, *args, **kwargs)
           ^^^^^^^^^^^^^^^^^^^^^^^^^^^^^^^^^^^^^^^
  File "/home/deviyan/353505_ANUFRYIEU_02/IGI/LR5/.venv/lib/python3.12/site-packages/django/utils/decorators.py", line 48, in _wrapper
    return bound_method(*args, **kwargs)
           ^^^^^^^^^^^^^^^^^^^^^^^^^^^^^
  File "/home/deviyan/353505_ANUFRYIEU_02/IGI/LR5/.venv/lib/python3.12/site-packages/allauth/decorators.py", line 12, in wrap
    resp = function(request, *args, **kwargs)
           ^^^^^^^^^^^^^^^^^^^^^^^^^^^^^^^^^^
  File "/home/deviyan/353505_ANUFRYIEU_02/IGI/LR5/.venv/lib/python3.12/site-packages/django/utils/decorators.py", line 48, in _wrapper
    return bound_method(*args, **kwargs)
           ^^^^^^^^^^^^^^^^^^^^^^^^^^^^^
  File "/home/deviyan/353505_ANUFRYIEU_02/IGI/LR5/.venv/lib/python3.12/site-packages/django/utils/decorators.py", line 48, in _wrapper
    return bound_method(*args, **kwargs)
           ^^^^^^^^^^^^^^^^^^^^^^^^^^^^^
  File "/home/deviyan/353505_ANUFRYIEU_02/IGI/LR5/.venv/lib/python3.12/site-packages/django/views/decorators/debug.py", line 143, in sensitive_post_parameters_wrapper
    return view(request, *args, **kwargs)
           ^^^^^^^^^^^^^^^^^^^^^^^^^^^^^^
  File "/home/deviyan/353505_ANUFRYIEU_02/IGI/LR5/.venv/lib/python3.12/site-packages/django/utils/decorators.py", line 48, in _wrapper
    return bound_method(*args, **kwargs)
           ^^^^^^^^^^^^^^^^^^^^^^^^^^^^^
  File "/home/deviyan/353505_ANUFRYIEU_02/IGI/LR5/.venv/lib/python3.12/site-packages/django/views/decorators/cache.py", line 80, in _view_wrapper
    response = view_func(request, *args, **kwargs)
               ^^^^^^^^^^^^^^^^^^^^^^^^^^^^^^^^^^^
  File "/home/deviyan/353505_ANUFRYIEU_02/IGI/LR5/.venv/lib/python3.12/site-packages/allauth/account/views.py", line 164, in dispatch
    return super().dispatch(request, *args, **kwargs)
           ^^^^^^^^^^^^^^^^^^^^^^^^^^^^^^^^^^^^^^^^^^
  File "/home/deviyan/353505_ANUFRYIEU_02/IGI/LR5/.venv/lib/python3.12/site-packages/django/utils/decorators.py", line 48, in _wrapper
    return bound_method(*args, **kwargs)
           ^^^^^^^^^^^^^^^^^^^^^^^^^^^^^
  File "/home/deviyan/353505_ANUFRYIEU_02/IGI/LR5/.venv/lib/python3.12/site-packages/django/utils/decorators.py", line 48, in _wrapper
    return bound_method(*args, **kwargs)
           ^^^^^^^^^^^^^^^^^^^^^^^^^^^^^
  File "/home/deviyan/353505_ANUFRYIEU_02/IGI/LR5/.venv/lib/python3.12/site-packages/django/views/decorators/cache.py", line 80, in _view_wrapper
    response = view_func(request, *args, **kwargs)
               ^^^^^^^^^^^^^^^^^^^^^^^^^^^^^^^^^^^
  File "/home/deviyan/353505_ANUFRYIEU_02/IGI/LR5/.venv/lib/python3.12/site-packages/allauth/account/mixins.py", line 53, in dispatch
    response = super().dispatch(request, *args, **kwargs)
               ^^^^^^^^^^^^^^^^^^^^^^^^^^^^^^^^^^^^^^^^^^
  File "/home/deviyan/353505_ANUFRYIEU_02/IGI/LR5/.venv/lib/python3.12/site-packages/allauth/account/mixins.py", line 118, in dispatch
    return super().dispatch(request, *args, **kwargs)
           ^^^^^^^^^^^^^^^^^^^^^^^^^^^^^^^^^^^^^^^^^^
  File "/home/deviyan/353505_ANUFRYIEU_02/IGI/LR5/.venv/lib/python3.12/site-packages/django/views/generic/base.py", line 143, in dispatch
    return handler(request, *args, **kwargs)
           ^^^^^^^^^^^^^^^^^^^^^^^^^^^^^^^^^
  File "/home/deviyan/353505_ANUFRYIEU_02/IGI/LR5/.venv/lib/python3.12/site-packages/allauth/account/mixins.py", line 82, in post
    response = self.form_valid(form)
               ^^^^^^^^^^^^^^^^^^^^^
  File "/home/deviyan/353505_ANUFRYIEU_02/IGI/LR5/.venv/lib/python3.12/site-packages/allauth/account/views.py", line 170, in form_valid
    self.user, resp = form.try_save(self.request)
                      ^^^^^^^^^^^^^^^^^^^^^^^^^^^
  File "/home/deviyan/353505_ANUFRYIEU_02/IGI/LR5/.venv/lib/python3.12/site-packages/allauth/account/forms.py", line 547, in try_save
    return super().try_save(request)
           ^^^^^^^^^^^^^^^^^^^^^^^^^
  File "/home/deviyan/353505_ANUFRYIEU_02/IGI/LR5/.venv/lib/python3.12/site-packages/allauth/account/forms.py", line 473, in try_save
    user = self.save(request)
           ^^^^^^^^^^^^^^^^^^
  File "/home/deviyan/353505_ANUFRYIEU_02/IGI/LR5/hotel_project/core/forms.py", line 84, in save
    age=self.cleaned_data['age'],
        ~~~~~~~~~~~~~~~~~^^^^^^^
KeyError: 'age'
[2025-05-20 10:42:42,949] DEBUG   core.views:23 Запущен home_view с GET-параметрами: {}
[2025-05-20 10:42:50,535] INFO    core.views:60 Успешно обрабатываем запрос + api
[2025-05-20 10:42:57,694] DEBUG   core.views:23 Запущен home_view с GET-параметрами: {}
[2025-05-20 10:42:58,977] INFO    core.views:60 Успешно обрабатываем запрос + api
[2025-05-20 10:43:02,512] DEBUG   core.views:23 Запущен home_view с GET-параметрами: {}
[2025-05-20 10:43:03,470] INFO    core.views:60 Успешно обрабатываем запрос + api
[2025-05-20 10:43:08,149] DEBUG   core.views:23 Запущен home_view с GET-параметрами: {}
[2025-05-20 10:43:09,729] INFO    core.views:60 Успешно обрабатываем запрос + api
[2025-05-20 10:44:16,558] DEBUG   core.views:23 Запущен home_view с GET-параметрами: {}
[2025-05-20 10:44:28,163] INFO    core.views:60 Успешно обрабатываем запрос + api
[2025-05-20 10:45:40,625] ERROR   django.request:248 Internal Server Error: /accounts/signup/
Traceback (most recent call last):
  File "/home/deviyan/353505_ANUFRYIEU_02/IGI/LR5/.venv/lib/python3.12/site-packages/django/core/handlers/exception.py", line 55, in inner
    response = get_response(request)
               ^^^^^^^^^^^^^^^^^^^^^
  File "/home/deviyan/353505_ANUFRYIEU_02/IGI/LR5/.venv/lib/python3.12/site-packages/django/core/handlers/base.py", line 197, in _get_response
    response = wrapped_callback(request, *callback_args, **callback_kwargs)
               ^^^^^^^^^^^^^^^^^^^^^^^^^^^^^^^^^^^^^^^^^^^^^^^^^^^^^^^^^^^^
  File "/home/deviyan/353505_ANUFRYIEU_02/IGI/LR5/.venv/lib/python3.12/site-packages/django/views/generic/base.py", line 104, in view
    return self.dispatch(request, *args, **kwargs)
           ^^^^^^^^^^^^^^^^^^^^^^^^^^^^^^^^^^^^^^^
  File "/home/deviyan/353505_ANUFRYIEU_02/IGI/LR5/.venv/lib/python3.12/site-packages/django/utils/decorators.py", line 48, in _wrapper
    return bound_method(*args, **kwargs)
           ^^^^^^^^^^^^^^^^^^^^^^^^^^^^^
  File "/home/deviyan/353505_ANUFRYIEU_02/IGI/LR5/.venv/lib/python3.12/site-packages/allauth/decorators.py", line 12, in wrap
    resp = function(request, *args, **kwargs)
           ^^^^^^^^^^^^^^^^^^^^^^^^^^^^^^^^^^
  File "/home/deviyan/353505_ANUFRYIEU_02/IGI/LR5/.venv/lib/python3.12/site-packages/django/utils/decorators.py", line 48, in _wrapper
    return bound_method(*args, **kwargs)
           ^^^^^^^^^^^^^^^^^^^^^^^^^^^^^
  File "/home/deviyan/353505_ANUFRYIEU_02/IGI/LR5/.venv/lib/python3.12/site-packages/django/utils/decorators.py", line 48, in _wrapper
    return bound_method(*args, **kwargs)
           ^^^^^^^^^^^^^^^^^^^^^^^^^^^^^
  File "/home/deviyan/353505_ANUFRYIEU_02/IGI/LR5/.venv/lib/python3.12/site-packages/django/views/decorators/debug.py", line 143, in sensitive_post_parameters_wrapper
    return view(request, *args, **kwargs)
           ^^^^^^^^^^^^^^^^^^^^^^^^^^^^^^
  File "/home/deviyan/353505_ANUFRYIEU_02/IGI/LR5/.venv/lib/python3.12/site-packages/django/utils/decorators.py", line 48, in _wrapper
    return bound_method(*args, **kwargs)
           ^^^^^^^^^^^^^^^^^^^^^^^^^^^^^
  File "/home/deviyan/353505_ANUFRYIEU_02/IGI/LR5/.venv/lib/python3.12/site-packages/django/views/decorators/cache.py", line 80, in _view_wrapper
    response = view_func(request, *args, **kwargs)
               ^^^^^^^^^^^^^^^^^^^^^^^^^^^^^^^^^^^
  File "/home/deviyan/353505_ANUFRYIEU_02/IGI/LR5/.venv/lib/python3.12/site-packages/allauth/account/views.py", line 164, in dispatch
    return super().dispatch(request, *args, **kwargs)
           ^^^^^^^^^^^^^^^^^^^^^^^^^^^^^^^^^^^^^^^^^^
  File "/home/deviyan/353505_ANUFRYIEU_02/IGI/LR5/.venv/lib/python3.12/site-packages/django/utils/decorators.py", line 48, in _wrapper
    return bound_method(*args, **kwargs)
           ^^^^^^^^^^^^^^^^^^^^^^^^^^^^^
  File "/home/deviyan/353505_ANUFRYIEU_02/IGI/LR5/.venv/lib/python3.12/site-packages/django/utils/decorators.py", line 48, in _wrapper
    return bound_method(*args, **kwargs)
           ^^^^^^^^^^^^^^^^^^^^^^^^^^^^^
  File "/home/deviyan/353505_ANUFRYIEU_02/IGI/LR5/.venv/lib/python3.12/site-packages/django/views/decorators/cache.py", line 80, in _view_wrapper
    response = view_func(request, *args, **kwargs)
               ^^^^^^^^^^^^^^^^^^^^^^^^^^^^^^^^^^^
  File "/home/deviyan/353505_ANUFRYIEU_02/IGI/LR5/.venv/lib/python3.12/site-packages/allauth/account/mixins.py", line 53, in dispatch
    response = super().dispatch(request, *args, **kwargs)
               ^^^^^^^^^^^^^^^^^^^^^^^^^^^^^^^^^^^^^^^^^^
  File "/home/deviyan/353505_ANUFRYIEU_02/IGI/LR5/.venv/lib/python3.12/site-packages/allauth/account/mixins.py", line 118, in dispatch
    return super().dispatch(request, *args, **kwargs)
           ^^^^^^^^^^^^^^^^^^^^^^^^^^^^^^^^^^^^^^^^^^
  File "/home/deviyan/353505_ANUFRYIEU_02/IGI/LR5/.venv/lib/python3.12/site-packages/django/views/generic/base.py", line 143, in dispatch
    return handler(request, *args, **kwargs)
           ^^^^^^^^^^^^^^^^^^^^^^^^^^^^^^^^^
  File "/home/deviyan/353505_ANUFRYIEU_02/IGI/LR5/.venv/lib/python3.12/site-packages/allauth/account/mixins.py", line 82, in post
    response = self.form_valid(form)
               ^^^^^^^^^^^^^^^^^^^^^
  File "/home/deviyan/353505_ANUFRYIEU_02/IGI/LR5/.venv/lib/python3.12/site-packages/allauth/account/views.py", line 170, in form_valid
    self.user, resp = form.try_save(self.request)
                      ^^^^^^^^^^^^^^^^^^^^^^^^^^^
  File "/home/deviyan/353505_ANUFRYIEU_02/IGI/LR5/.venv/lib/python3.12/site-packages/allauth/account/forms.py", line 547, in try_save
    return super().try_save(request)
           ^^^^^^^^^^^^^^^^^^^^^^^^^
  File "/home/deviyan/353505_ANUFRYIEU_02/IGI/LR5/.venv/lib/python3.12/site-packages/allauth/account/forms.py", line 473, in try_save
    user = self.save(request)
           ^^^^^^^^^^^^^^^^^^
  File "/home/deviyan/353505_ANUFRYIEU_02/IGI/LR5/hotel_project/core/forms.py", line 84, in save
    age=self.cleaned_data['age'],
        ~~~~~~~~~~~~~~~~~^^^^^^^
KeyError: 'age'
[2025-05-20 10:46:47,751] DEBUG   core.views:23 Запущен home_view с GET-параметрами: {}
[2025-05-20 10:46:52,870] DEBUG   core.views:23 Запущен home_view с GET-параметрами: {}
[2025-05-20 10:46:55,297] DEBUG   core.views:23 Запущен home_view с GET-параметрами: {}
[2025-05-20 10:46:56,465] INFO    core.views:60 Успешно обрабатываем запрос + api
[2025-05-20 10:46:56,882] INFO    core.views:60 Успешно обрабатываем запрос + api
[2025-05-20 10:46:56,882] INFO    core.views:60 Успешно обрабатываем запрос + api
[2025-05-20 10:47:00,243] DEBUG   core.views:23 Запущен home_view с GET-параметрами: {}
[2025-05-20 10:47:01,414] INFO    core.views:60 Успешно обрабатываем запрос + api
[2025-05-20 10:47:33,815] ERROR   django.request:248 Internal Server Error: /accounts/signup/
Traceback (most recent call last):
  File "/home/deviyan/353505_ANUFRYIEU_02/IGI/LR5/.venv/lib/python3.12/site-packages/django/core/handlers/exception.py", line 55, in inner
    response = get_response(request)
               ^^^^^^^^^^^^^^^^^^^^^
  File "/home/deviyan/353505_ANUFRYIEU_02/IGI/LR5/.venv/lib/python3.12/site-packages/django/core/handlers/base.py", line 197, in _get_response
    response = wrapped_callback(request, *callback_args, **callback_kwargs)
               ^^^^^^^^^^^^^^^^^^^^^^^^^^^^^^^^^^^^^^^^^^^^^^^^^^^^^^^^^^^^
  File "/home/deviyan/353505_ANUFRYIEU_02/IGI/LR5/.venv/lib/python3.12/site-packages/django/views/generic/base.py", line 104, in view
    return self.dispatch(request, *args, **kwargs)
           ^^^^^^^^^^^^^^^^^^^^^^^^^^^^^^^^^^^^^^^
  File "/home/deviyan/353505_ANUFRYIEU_02/IGI/LR5/.venv/lib/python3.12/site-packages/django/utils/decorators.py", line 48, in _wrapper
    return bound_method(*args, **kwargs)
           ^^^^^^^^^^^^^^^^^^^^^^^^^^^^^
  File "/home/deviyan/353505_ANUFRYIEU_02/IGI/LR5/.venv/lib/python3.12/site-packages/allauth/decorators.py", line 12, in wrap
    resp = function(request, *args, **kwargs)
           ^^^^^^^^^^^^^^^^^^^^^^^^^^^^^^^^^^
  File "/home/deviyan/353505_ANUFRYIEU_02/IGI/LR5/.venv/lib/python3.12/site-packages/django/utils/decorators.py", line 48, in _wrapper
    return bound_method(*args, **kwargs)
           ^^^^^^^^^^^^^^^^^^^^^^^^^^^^^
  File "/home/deviyan/353505_ANUFRYIEU_02/IGI/LR5/.venv/lib/python3.12/site-packages/django/utils/decorators.py", line 48, in _wrapper
    return bound_method(*args, **kwargs)
           ^^^^^^^^^^^^^^^^^^^^^^^^^^^^^
  File "/home/deviyan/353505_ANUFRYIEU_02/IGI/LR5/.venv/lib/python3.12/site-packages/django/views/decorators/debug.py", line 143, in sensitive_post_parameters_wrapper
    return view(request, *args, **kwargs)
           ^^^^^^^^^^^^^^^^^^^^^^^^^^^^^^
  File "/home/deviyan/353505_ANUFRYIEU_02/IGI/LR5/.venv/lib/python3.12/site-packages/django/utils/decorators.py", line 48, in _wrapper
    return bound_method(*args, **kwargs)
           ^^^^^^^^^^^^^^^^^^^^^^^^^^^^^
  File "/home/deviyan/353505_ANUFRYIEU_02/IGI/LR5/.venv/lib/python3.12/site-packages/django/views/decorators/cache.py", line 80, in _view_wrapper
    response = view_func(request, *args, **kwargs)
               ^^^^^^^^^^^^^^^^^^^^^^^^^^^^^^^^^^^
  File "/home/deviyan/353505_ANUFRYIEU_02/IGI/LR5/.venv/lib/python3.12/site-packages/allauth/account/views.py", line 164, in dispatch
    return super().dispatch(request, *args, **kwargs)
           ^^^^^^^^^^^^^^^^^^^^^^^^^^^^^^^^^^^^^^^^^^
  File "/home/deviyan/353505_ANUFRYIEU_02/IGI/LR5/.venv/lib/python3.12/site-packages/django/utils/decorators.py", line 48, in _wrapper
    return bound_method(*args, **kwargs)
           ^^^^^^^^^^^^^^^^^^^^^^^^^^^^^
  File "/home/deviyan/353505_ANUFRYIEU_02/IGI/LR5/.venv/lib/python3.12/site-packages/django/utils/decorators.py", line 48, in _wrapper
    return bound_method(*args, **kwargs)
           ^^^^^^^^^^^^^^^^^^^^^^^^^^^^^
  File "/home/deviyan/353505_ANUFRYIEU_02/IGI/LR5/.venv/lib/python3.12/site-packages/django/views/decorators/cache.py", line 80, in _view_wrapper
    response = view_func(request, *args, **kwargs)
               ^^^^^^^^^^^^^^^^^^^^^^^^^^^^^^^^^^^
  File "/home/deviyan/353505_ANUFRYIEU_02/IGI/LR5/.venv/lib/python3.12/site-packages/allauth/account/mixins.py", line 53, in dispatch
    response = super().dispatch(request, *args, **kwargs)
               ^^^^^^^^^^^^^^^^^^^^^^^^^^^^^^^^^^^^^^^^^^
  File "/home/deviyan/353505_ANUFRYIEU_02/IGI/LR5/.venv/lib/python3.12/site-packages/allauth/account/mixins.py", line 118, in dispatch
    return super().dispatch(request, *args, **kwargs)
           ^^^^^^^^^^^^^^^^^^^^^^^^^^^^^^^^^^^^^^^^^^
  File "/home/deviyan/353505_ANUFRYIEU_02/IGI/LR5/.venv/lib/python3.12/site-packages/django/views/generic/base.py", line 143, in dispatch
    return handler(request, *args, **kwargs)
           ^^^^^^^^^^^^^^^^^^^^^^^^^^^^^^^^^
  File "/home/deviyan/353505_ANUFRYIEU_02/IGI/LR5/.venv/lib/python3.12/site-packages/allauth/account/mixins.py", line 82, in post
    response = self.form_valid(form)
               ^^^^^^^^^^^^^^^^^^^^^
  File "/home/deviyan/353505_ANUFRYIEU_02/IGI/LR5/.venv/lib/python3.12/site-packages/allauth/account/views.py", line 170, in form_valid
    self.user, resp = form.try_save(self.request)
                      ^^^^^^^^^^^^^^^^^^^^^^^^^^^
  File "/home/deviyan/353505_ANUFRYIEU_02/IGI/LR5/.venv/lib/python3.12/site-packages/allauth/account/forms.py", line 547, in try_save
    return super().try_save(request)
           ^^^^^^^^^^^^^^^^^^^^^^^^^
  File "/home/deviyan/353505_ANUFRYIEU_02/IGI/LR5/.venv/lib/python3.12/site-packages/allauth/account/forms.py", line 473, in try_save
    user = self.save(request)
           ^^^^^^^^^^^^^^^^^^
  File "/home/deviyan/353505_ANUFRYIEU_02/IGI/LR5/hotel_project/core/forms.py", line 84, in save
    age=self.cleaned_data['age'],
        ~~~~~~~~~~~~~~~~~^^^^^^^
KeyError: 'age'
[2025-05-20 10:49:24,094] DEBUG   core.views:23 Запущен home_view с GET-параметрами: {}
[2025-05-20 10:49:35,122] INFO    core.views:60 Успешно обрабатываем запрос + api
[2025-05-20 10:49:55,473] DEBUG   core.views:23 Запущен home_view с GET-параметрами: {}
[2025-05-20 10:49:57,071] INFO    core.views:60 Успешно обрабатываем запрос + api
[2025-05-20 10:50:26,018] ERROR   django.request:248 Internal Server Error: /accounts/signup/
Traceback (most recent call last):
  File "/home/deviyan/353505_ANUFRYIEU_02/IGI/LR5/.venv/lib/python3.12/site-packages/django/core/handlers/exception.py", line 55, in inner
    response = get_response(request)
               ^^^^^^^^^^^^^^^^^^^^^
  File "/home/deviyan/353505_ANUFRYIEU_02/IGI/LR5/.venv/lib/python3.12/site-packages/django/core/handlers/base.py", line 197, in _get_response
    response = wrapped_callback(request, *callback_args, **callback_kwargs)
               ^^^^^^^^^^^^^^^^^^^^^^^^^^^^^^^^^^^^^^^^^^^^^^^^^^^^^^^^^^^^
  File "/home/deviyan/353505_ANUFRYIEU_02/IGI/LR5/.venv/lib/python3.12/site-packages/django/views/generic/base.py", line 104, in view
    return self.dispatch(request, *args, **kwargs)
           ^^^^^^^^^^^^^^^^^^^^^^^^^^^^^^^^^^^^^^^
  File "/home/deviyan/353505_ANUFRYIEU_02/IGI/LR5/.venv/lib/python3.12/site-packages/django/utils/decorators.py", line 48, in _wrapper
    return bound_method(*args, **kwargs)
           ^^^^^^^^^^^^^^^^^^^^^^^^^^^^^
  File "/home/deviyan/353505_ANUFRYIEU_02/IGI/LR5/.venv/lib/python3.12/site-packages/allauth/decorators.py", line 12, in wrap
    resp = function(request, *args, **kwargs)
           ^^^^^^^^^^^^^^^^^^^^^^^^^^^^^^^^^^
  File "/home/deviyan/353505_ANUFRYIEU_02/IGI/LR5/.venv/lib/python3.12/site-packages/django/utils/decorators.py", line 48, in _wrapper
    return bound_method(*args, **kwargs)
           ^^^^^^^^^^^^^^^^^^^^^^^^^^^^^
  File "/home/deviyan/353505_ANUFRYIEU_02/IGI/LR5/.venv/lib/python3.12/site-packages/django/utils/decorators.py", line 48, in _wrapper
    return bound_method(*args, **kwargs)
           ^^^^^^^^^^^^^^^^^^^^^^^^^^^^^
  File "/home/deviyan/353505_ANUFRYIEU_02/IGI/LR5/.venv/lib/python3.12/site-packages/django/views/decorators/debug.py", line 143, in sensitive_post_parameters_wrapper
    return view(request, *args, **kwargs)
           ^^^^^^^^^^^^^^^^^^^^^^^^^^^^^^
  File "/home/deviyan/353505_ANUFRYIEU_02/IGI/LR5/.venv/lib/python3.12/site-packages/django/utils/decorators.py", line 48, in _wrapper
    return bound_method(*args, **kwargs)
           ^^^^^^^^^^^^^^^^^^^^^^^^^^^^^
  File "/home/deviyan/353505_ANUFRYIEU_02/IGI/LR5/.venv/lib/python3.12/site-packages/django/views/decorators/cache.py", line 80, in _view_wrapper
    response = view_func(request, *args, **kwargs)
               ^^^^^^^^^^^^^^^^^^^^^^^^^^^^^^^^^^^
  File "/home/deviyan/353505_ANUFRYIEU_02/IGI/LR5/.venv/lib/python3.12/site-packages/allauth/account/views.py", line 164, in dispatch
    return super().dispatch(request, *args, **kwargs)
           ^^^^^^^^^^^^^^^^^^^^^^^^^^^^^^^^^^^^^^^^^^
  File "/home/deviyan/353505_ANUFRYIEU_02/IGI/LR5/.venv/lib/python3.12/site-packages/django/utils/decorators.py", line 48, in _wrapper
    return bound_method(*args, **kwargs)
           ^^^^^^^^^^^^^^^^^^^^^^^^^^^^^
  File "/home/deviyan/353505_ANUFRYIEU_02/IGI/LR5/.venv/lib/python3.12/site-packages/django/utils/decorators.py", line 48, in _wrapper
    return bound_method(*args, **kwargs)
           ^^^^^^^^^^^^^^^^^^^^^^^^^^^^^
  File "/home/deviyan/353505_ANUFRYIEU_02/IGI/LR5/.venv/lib/python3.12/site-packages/django/views/decorators/cache.py", line 80, in _view_wrapper
    response = view_func(request, *args, **kwargs)
               ^^^^^^^^^^^^^^^^^^^^^^^^^^^^^^^^^^^
  File "/home/deviyan/353505_ANUFRYIEU_02/IGI/LR5/.venv/lib/python3.12/site-packages/allauth/account/mixins.py", line 53, in dispatch
    response = super().dispatch(request, *args, **kwargs)
               ^^^^^^^^^^^^^^^^^^^^^^^^^^^^^^^^^^^^^^^^^^
  File "/home/deviyan/353505_ANUFRYIEU_02/IGI/LR5/.venv/lib/python3.12/site-packages/allauth/account/mixins.py", line 118, in dispatch
    return super().dispatch(request, *args, **kwargs)
           ^^^^^^^^^^^^^^^^^^^^^^^^^^^^^^^^^^^^^^^^^^
  File "/home/deviyan/353505_ANUFRYIEU_02/IGI/LR5/.venv/lib/python3.12/site-packages/django/views/generic/base.py", line 143, in dispatch
    return handler(request, *args, **kwargs)
           ^^^^^^^^^^^^^^^^^^^^^^^^^^^^^^^^^
  File "/home/deviyan/353505_ANUFRYIEU_02/IGI/LR5/.venv/lib/python3.12/site-packages/allauth/account/mixins.py", line 82, in post
    response = self.form_valid(form)
               ^^^^^^^^^^^^^^^^^^^^^
  File "/home/deviyan/353505_ANUFRYIEU_02/IGI/LR5/.venv/lib/python3.12/site-packages/allauth/account/views.py", line 175, in form_valid
    return flows.signup.complete_signup(
           ^^^^^^^^^^^^^^^^^^^^^^^^^^^^^
  File "/home/deviyan/353505_ANUFRYIEU_02/IGI/LR5/.venv/lib/python3.12/site-packages/allauth/account/internal/flows/signup.py", line 114, in complete_signup
    return perform_login(request, login)
           ^^^^^^^^^^^^^^^^^^^^^^^^^^^^^
  File "/home/deviyan/353505_ANUFRYIEU_02/IGI/LR5/.venv/lib/python3.12/site-packages/allauth/account/internal/flows/login.py", line 89, in perform_login
    return resume_login(request, login)
           ^^^^^^^^^^^^^^^^^^^^^^^^^^^^
  File "/home/deviyan/353505_ANUFRYIEU_02/IGI/LR5/.venv/lib/python3.12/site-packages/allauth/account/internal/flows/login.py", line 98, in resume_login
    response = ctrl.handle()
               ^^^^^^^^^^^^^
  File "/home/deviyan/353505_ANUFRYIEU_02/IGI/LR5/.venv/lib/python3.12/site-packages/allauth/account/stages.py", line 112, in handle
    response, cont = stage.handle()
                     ^^^^^^^^^^^^^^
  File "/home/deviyan/353505_ANUFRYIEU_02/IGI/LR5/.venv/lib/python3.12/site-packages/allauth/account/stages.py", line 146, in handle
    send_email_confirmation(
  File "/home/deviyan/353505_ANUFRYIEU_02/IGI/LR5/.venv/lib/python3.12/site-packages/allauth/account/utils.py", line 222, in send_email_confirmation
    return flows.email_verification.send_verification_email(
           ^^^^^^^^^^^^^^^^^^^^^^^^^^^^^^^^^^^^^^^^^^^^^^^^^
  File "/home/deviyan/353505_ANUFRYIEU_02/IGI/LR5/.venv/lib/python3.12/site-packages/allauth/account/internal/flows/email_verification.py", line 263, in send_verification_email
    email_address.send_confirmation(request, signup=signup)
  File "/home/deviyan/353505_ANUFRYIEU_02/IGI/LR5/.venv/lib/python3.12/site-packages/allauth/account/models.py", line 107, in send_confirmation
    confirmation.send(request, signup=signup)
  File "/home/deviyan/353505_ANUFRYIEU_02/IGI/LR5/.venv/lib/python3.12/site-packages/allauth/account/models.py", line 136, in send
    get_adapter().send_confirmation_mail(request, self, signup)
  File "/home/deviyan/353505_ANUFRYIEU_02/IGI/LR5/.venv/lib/python3.12/site-packages/allauth/account/adapter.py", line 663, in send_confirmation_mail
    self.send_mail(email_template, emailconfirmation.email_address.email, ctx)
  File "/home/deviyan/353505_ANUFRYIEU_02/IGI/LR5/.venv/lib/python3.12/site-packages/allauth/account/adapter.py", line 213, in send_mail
    msg.send()
  File "/home/deviyan/353505_ANUFRYIEU_02/IGI/LR5/.venv/lib/python3.12/site-packages/django/core/mail/message.py", line 307, in send
    return self.get_connection(fail_silently).send_messages([self])
           ^^^^^^^^^^^^^^^^^^^^^^^^^^^^^^^^^^^^^^^^^^^^^^^^^^^^^^^^
  File "/home/deviyan/353505_ANUFRYIEU_02/IGI/LR5/.venv/lib/python3.12/site-packages/django/core/mail/backends/smtp.py", line 128, in send_messages
    new_conn_created = self.open()
                       ^^^^^^^^^^^
  File "/home/deviyan/353505_ANUFRYIEU_02/IGI/LR5/.venv/lib/python3.12/site-packages/django/core/mail/backends/smtp.py", line 86, in open
    self.connection = self.connection_class(
                      ^^^^^^^^^^^^^^^^^^^^^^
  File "/usr/lib/python3.12/smtplib.py", line 255, in __init__
    (code, msg) = self.connect(host, port)
                  ^^^^^^^^^^^^^^^^^^^^^^^^
  File "/usr/lib/python3.12/smtplib.py", line 341, in connect
    self.sock = self._get_socket(host, port, self.timeout)
                ^^^^^^^^^^^^^^^^^^^^^^^^^^^^^^^^^^^^^^^^^^
  File "/usr/lib/python3.12/smtplib.py", line 312, in _get_socket
    return socket.create_connection((host, port), timeout,
           ^^^^^^^^^^^^^^^^^^^^^^^^^^^^^^^^^^^^^^^^^^^^^^^
  File "/usr/lib/python3.12/socket.py", line 852, in create_connection
    raise exceptions[0]
  File "/usr/lib/python3.12/socket.py", line 837, in create_connection
    sock.connect(sa)
ConnectionRefusedError: [Errno 111] Connection refused
[2025-05-20 11:03:01,159] DEBUG   core.views:23 Запущен home_view с GET-параметрами: {}
[2025-05-20 11:03:04,926] INFO    core.views:60 Успешно обрабатываем запрос + api
[2025-05-20 11:03:26,523] DEBUG   core.views:23 Запущен home_view с GET-параметрами: {}
[2025-05-20 11:03:30,473] INFO    core.views:60 Успешно обрабатываем запрос + api
[2025-05-20 11:03:49,525] DEBUG   core.views:23 Запущен home_view с GET-параметрами: {}
[2025-05-20 11:03:53,162] INFO    core.views:60 Успешно обрабатываем запрос + api
[2025-05-20 11:04:29,744] DEBUG   core.views:23 Запущен home_view с GET-параметрами: {}
[2025-05-20 11:04:34,548] INFO    core.views:60 Успешно обрабатываем запрос + api
[2025-05-20 11:07:45,000] INFO    core.views:354 Успешно отправляем запрос api котов
[2025-05-20 11:07:56,905] INFO    core.views:354 Успешно отправляем запрос api котов
[2025-05-20 11:08:02,593] INFO    core.views:354 Успешно отправляем запрос api котов
[2025-05-20 11:08:02,831] INFO    core.views:354 Успешно отправляем запрос api котов
[2025-05-20 11:08:12,986] INFO    core.views:354 Успешно отправляем запрос api котов
[2025-05-20 11:08:26,250] INFO    core.views:354 Успешно отправляем запрос api котов
[2025-05-20 11:08:37,342] INFO    core.views:354 Успешно отправляем запрос api котов
[2025-05-20 11:08:43,634] INFO    core.views:354 Успешно отправляем запрос api котов
[2025-05-20 11:08:53,488] INFO    core.views:354 Успешно отправляем запрос api котов
[2025-05-20 11:08:59,407] INFO    core.views:354 Успешно отправляем запрос api котов
[2025-05-20 11:08:59,613] INFO    core.views:354 Успешно отправляем запрос api котов
[2025-05-20 11:08:59,615] INFO    core.views:354 Успешно отправляем запрос api котов
[2025-05-20 11:08:59,615] INFO    core.views:354 Успешно отправляем запрос api котов
[2025-05-20 11:08:59,619] INFO    core.views:354 Успешно отправляем запрос api котов
[2025-05-20 11:08:59,638] INFO    core.views:354 Успешно отправляем запрос api котов
[2025-05-20 11:08:59,639] INFO    core.views:354 Успешно отправляем запрос api котов
[2025-05-20 11:09:09,320] INFO    core.views:354 Успешно отправляем запрос api котов
[2025-05-20 11:09:57,672] INFO    core.views:354 Успешно получили ответ  api
[2025-05-20 11:10:46,136] INFO    core.views:359 Успешно получили ответ  api
[2025-05-20 11:11:03,571] INFO    core.views:359 Успешно получили ответ  api
[2025-05-20 11:11:09,239] INFO    core.views:359 Успешно получили ответ  api
[2025-05-20 11:11:09,462] INFO    core.views:359 Успешно получили ответ  api
[2025-05-20 11:11:17,533] INFO    core.views:359 Успешно получили ответ  api
[2025-05-20 11:11:27,388] INFO    core.views:359 Успешно получили ответ  api
[2025-05-20 11:11:44,585] INFO    core.views:359 Успешно получили ответ  api
[2025-05-20 11:11:46,357] INFO    core.views:359 Успешно получили ответ  api
[2025-05-20 11:11:46,724] INFO    core.views:359 Успешно получили ответ  api
[2025-05-20 11:11:46,854] INFO    core.views:359 Успешно получили ответ  api
[2025-05-20 11:11:47,135] INFO    core.views:359 Успешно получили ответ  api
[2025-05-20 11:11:52,592] INFO    core.views:359 Успешно получили ответ  api
[2025-05-20 11:11:53,466] INFO    core.views:359 Успешно получили ответ  api
[2025-05-20 11:11:58,483] INFO    core.views:359 Успешно получили ответ  api
[2025-05-20 11:12:04,398] INFO    core.views:359 Успешно получили ответ  api
[2025-05-20 11:12:15,816] INFO    core.views:359 Успешно получили ответ  api
[2025-05-20 11:12:41,411] INFO    core.views:359 Успешно получили ответ  api
[2025-05-20 11:12:50,660] INFO    core.views:359 Успешно получили ответ  api
[2025-05-20 11:12:58,056] INFO    core.views:359 Успешно получили ответ  api
[2025-05-20 11:13:03,875] DEBUG   core.views:23 Запущен home_view с GET-параметрами: {}
[2025-05-20 11:13:05,061] INFO    core.views:60 Успешно обрабатываем запрос + api
[2025-05-20 11:13:10,496] INFO    core.views:359 Успешно получили ответ  api
[2025-05-20 11:13:15,598] INFO    core.views:359 Успешно получили ответ  api
[2025-05-20 11:13:17,413] INFO    core.views:359 Успешно получили ответ  api
[2025-05-20 11:13:29,413] INFO    core.views:359 Успешно получили ответ  api
[2025-05-20 11:13:40,152] DEBUG   core.views:23 Запущен home_view с GET-параметрами: {}
[2025-05-20 11:13:41,342] INFO    core.views:60 Успешно обрабатываем запрос + api
[2025-05-20 12:53:34,850] INFO    core.views:359 Успешно получили ответ  api
[2025-05-20 12:54:00,648] INFO    core.views:359 Успешно получили ответ  api
[2025-05-20 12:54:13,521] INFO    core.views:359 Успешно получили ответ  api
[2025-05-20 12:58:03,151] ERROR   django.request:248 Internal Server Error: /rooms/1/book/
Traceback (most recent call last):
  File "/home/deviyan/353505_ANUFRYIEU_02/IGI/LR5/.venv/lib/python3.12/site-packages/django/core/handlers/exception.py", line 55, in inner
    response = get_response(request)
               ^^^^^^^^^^^^^^^^^^^^^
  File "/home/deviyan/353505_ANUFRYIEU_02/IGI/LR5/.venv/lib/python3.12/site-packages/django/core/handlers/base.py", line 197, in _get_response
    response = wrapped_callback(request, *callback_args, **callback_kwargs)
               ^^^^^^^^^^^^^^^^^^^^^^^^^^^^^^^^^^^^^^^^^^^^^^^^^^^^^^^^^^^^
  File "/home/deviyan/353505_ANUFRYIEU_02/IGI/LR5/.venv/lib/python3.12/site-packages/django/contrib/auth/decorators.py", line 59, in _view_wrapper
    return view_func(request, *args, **kwargs)
           ^^^^^^^^^^^^^^^^^^^^^^^^^^^^^^^^^^^
  File "/home/deviyan/353505_ANUFRYIEU_02/IGI/LR5/hotel_project/core/views.py", line 301, in book_room
    if client_form.is_valid() and booking_form.is_valid():
                                  ^^^^^^^^^^^^^^^^^^^^^^^
  File "/home/deviyan/353505_ANUFRYIEU_02/IGI/LR5/.venv/lib/python3.12/site-packages/django/forms/forms.py", line 206, in is_valid
    return self.is_bound and not self.errors
                                 ^^^^^^^^^^^
  File "/home/deviyan/353505_ANUFRYIEU_02/IGI/LR5/.venv/lib/python3.12/site-packages/django/forms/forms.py", line 201, in errors
    self.full_clean()
  File "/home/deviyan/353505_ANUFRYIEU_02/IGI/LR5/.venv/lib/python3.12/site-packages/django/forms/forms.py", line 339, in full_clean
    self._post_clean()
  File "/home/deviyan/353505_ANUFRYIEU_02/IGI/LR5/.venv/lib/python3.12/site-packages/django/forms/models.py", line 498, in _post_clean
    self.instance.full_clean(exclude=exclude, validate_unique=False)
  File "/home/deviyan/353505_ANUFRYIEU_02/IGI/LR5/.venv/lib/python3.12/site-packages/django/db/models/base.py", line 1654, in full_clean
    self.clean()
  File "/home/deviyan/353505_ANUFRYIEU_02/IGI/LR5/hotel_project/core/models.py", line 196, in clean
    if self.guests_count > self.room.objects.latest().capacity:
                           ^^^^^^^^^
  File "/home/deviyan/353505_ANUFRYIEU_02/IGI/LR5/.venv/lib/python3.12/site-packages/django/db/models/fields/related_descriptors.py", line 268, in __get__
    raise self.RelatedObjectDoesNotExist(
core.models.Booking.room.RelatedObjectDoesNotExist: Booking has no room.
[2025-05-20 12:59:10,713] INFO    core.views:359 Успешно получили ответ  api
[2025-05-20 13:00:13,059] INFO    core.views:359 Успешно получили ответ  api
[2025-05-20 13:00:56,399] INFO    core.views:60 Успешно обрабатываем запрос + api
[2025-05-20 13:01:36,801] INFO    core.views:60 Успешно обрабатываем запрос + api
[2025-05-20 13:01:46,702] INFO    core.views:60 Успешно обрабатываем запрос + api
[2025-05-20 13:01:51,808] INFO    core.views:359 Успешно получили ответ  api
[2025-05-20 13:04:15,046] INFO    core.views:359 Успешно получили ответ  api
[2025-05-20 13:04:27,110] INFO    core.views:359 Успешно получили ответ  api
[2025-05-20 13:04:32,332] INFO    core.views:359 Успешно получили ответ  api
[2025-05-20 13:04:32,761] INFO    core.views:359 Успешно получили ответ  api
[2025-05-20 13:04:46,697] INFO    core.views:359 Успешно получили ответ  api
[2025-05-20 13:04:48,245] INFO    core.views:359 Успешно получили ответ  api
[2025-05-20 14:29:25,725] INFO    core.views:359 Успешно получили ответ  api
[2025-05-20 14:29:25,820] INFO    core.views:60 Успешно обрабатываем запрос + api
[2025-05-20 14:29:32,958] INFO    core.views:359 Успешно получили ответ  api
[2025-05-20 14:29:35,761] INFO    core.views:60 Успешно обрабатываем запрос + api
[2025-05-20 14:30:25,814] INFO    core.views:60 Успешно обрабатываем запрос + api
[2025-05-20 14:51:03,179] INFO    core.views:60 Успешно обрабатываем запрос + api
[2025-05-20 14:52:13,203] INFO    core.views:60 Успешно обрабатываем запрос + api
[2025-05-20 15:08:55,588] INFO    core.views:359 Успешно получили ответ  api
[2025-05-20 15:09:03,027] INFO    core.views:359 Успешно получили ответ  api
[2025-05-20 15:10:08,719] INFO    core.views:359 Успешно получили ответ  api
[2025-05-20 15:10:20,350] INFO    core.views:60 Успешно обрабатываем запрос + api
[2025-05-20 15:10:27,085] INFO    core.views:60 Успешно обрабатываем запрос + api
[2025-09-01 14:41:28,815] INFO    core.views:60 Успешно обрабатываем запрос + api
[2025-09-03 14:24:18,612] ERROR   core.views:62 Foursquare API error: 429 Client Error: Too Many Requests for url: https://api.foursquare.com/v3/places/search?ll=53.911919%2C27.594950&radius=1000&limit=15&open_now=True
[2025-09-03 14:24:43,913] ERROR   core.views:62 Foursquare API error: 429 Client Error: Too Many Requests for url: https://api.foursquare.com/v3/places/search?ll=53.911919%2C27.594950&radius=1000&limit=15&open_now=True
[2025-09-03 14:24:44,725] ERROR   core.views:62 Foursquare API error: 429 Client Error: Too Many Requests for url: https://api.foursquare.com/v3/places/search?ll=53.911919%2C27.594950&radius=1000&limit=15&open_now=True
[2025-09-03 14:24:45,673] ERROR   core.views:62 Foursquare API error: 429 Client Error: Too Many Requests for url: https://api.foursquare.com/v3/places/search?ll=53.911919%2C27.594950&radius=1000&limit=15&open_now=True
[2025-09-03 14:24:46,231] ERROR   core.views:62 Foursquare API error: 429 Client Error: Too Many Requests for url: https://api.foursquare.com/v3/places/search?ll=53.911919%2C27.594950&radius=1000&limit=15&open_now=True
[2025-09-03 14:24:46,276] ERROR   core.views:62 Foursquare API error: 429 Client Error: Too Many Requests for url: https://api.foursquare.com/v3/places/search?ll=53.911919%2C27.594950&radius=1000&limit=15&open_now=True
[2025-09-03 14:25:09,502] ERROR   core.views:62 Foursquare API error: 429 Client Error: Too Many Requests for url: https://api.foursquare.com/v3/places/search?ll=53.911919%2C27.594950&radius=1000&limit=15&open_now=True
[2025-09-03 14:25:18,758] ERROR   core.views:62 Foursquare API error: 429 Client Error: Too Many Requests for url: https://api.foursquare.com/v3/places/search?ll=53.911919%2C27.594950&radius=1000&limit=15&open_now=True
[2025-09-03 14:25:24,534] ERROR   core.views:62 Foursquare API error: 429 Client Error: Too Many Requests for url: https://api.foursquare.com/v3/places/search?ll=53.911919%2C27.594950&radius=1000&limit=15&open_now=True
[2025-09-03 14:29:41,711] ERROR   core.views:62 Foursquare API error: 429 Client Error: Too Many Requests for url: https://api.foursquare.com/v3/places/search?ll=53.911919%2C27.594950&radius=1000&limit=15&open_now=True
[2025-09-03 14:29:47,722] INFO    core.views:359 Успешно получили ответ  api
[2025-09-03 14:32:10,959] ERROR   core.views:62 Foursquare API error: 429 Client Error: Too Many Requests for url: https://api.foursquare.com/v3/places/search?ll=53.911919%2C27.594950&radius=1000&limit=15&open_now=True
[2025-09-03 14:32:27,756] ERROR   core.views:62 Foursquare API error: 429 Client Error: Too Many Requests for url: https://api.foursquare.com/v3/places/search?ll=53.911919%2C27.594950&radius=1000&limit=15&open_now=True
[2025-09-03 14:32:28,526] ERROR   core.views:62 Foursquare API error: 429 Client Error: Too Many Requests for url: https://api.foursquare.com/v3/places/search?ll=53.911919%2C27.594950&radius=1000&limit=15&open_now=True
[2025-09-03 14:32:28,565] ERROR   core.views:62 Foursquare API error: 429 Client Error: Too Many Requests for url: https://api.foursquare.com/v3/places/search?ll=53.911919%2C27.594950&radius=1000&limit=15&open_now=True
[2025-09-03 14:35:23,033] INFO    core.views:359 Успешно получили ответ  api
[2025-09-03 14:35:53,612] INFO    core.views:359 Успешно получили ответ  api
[2025-09-03 14:35:59,609] INFO    core.views:359 Успешно получили ответ  api
[2025-09-03 14:36:08,379] INFO    core.views:359 Успешно получили ответ  api
[2025-09-03 14:36:23,514] INFO    core.views:359 Успешно получили ответ  api
[2025-09-03 14:36:40,408] ERROR   core.views:62 Foursquare API error: 429 Client Error: Too Many Requests for url: https://api.foursquare.com/v3/places/search?ll=53.911919%2C27.594950&radius=1000&limit=15&open_now=True
[2025-09-03 14:36:45,156] INFO    core.views:359 Успешно получили ответ  api
[2025-09-03 14:36:45,162] INFO    core.views:359 Успешно получили ответ  api
[2025-09-03 14:36:47,569] INFO    core.views:359 Успешно получили ответ  api
[2025-09-03 14:37:57,565] INFO    core.views:359 Успешно получили ответ  api
[2025-09-03 14:38:18,843] INFO    core.views:359 Успешно получили ответ  api
[2025-09-03 14:38:30,915] INFO    core.views:359 Успешно получили ответ  api
[2025-09-03 14:39:06,210] INFO    core.views:359 Успешно получили ответ  api
[2025-09-03 14:39:18,580] INFO    core.views:359 Успешно получили ответ  api
[2025-09-03 14:40:46,456] INFO    core.views:359 Успешно получили ответ  api
[2025-09-03 14:41:17,381] ERROR   core.views:62 Foursquare API error: 429 Client Error: Too Many Requests for url: https://api.foursquare.com/v3/places/search?ll=53.911919%2C27.594950&radius=1000&limit=15&open_now=True
[2025-09-03 14:41:23,259] ERROR   core.views:62 Foursquare API error: 429 Client Error: Too Many Requests for url: https://api.foursquare.com/v3/places/search?ll=53.911919%2C27.594950&radius=1000&limit=15&open_now=True
[2025-09-12 12:52:02,355] ERROR   core.views:62 Foursquare API error: 429 Client Error: Too Many Requests for url: https://api.foursquare.com/v3/places/search?ll=53.911919%2C27.594950&radius=1000&limit=15&open_now=True
[2025-09-12 12:52:14,652] INFO    core.views:359 Успешно получили ответ  api
[2025-09-12 12:52:55,952] ERROR   core.views:62 Foursquare API error: 429 Client Error: Too Many Requests for url: https://api.foursquare.com/v3/places/search?ll=53.911919%2C27.594950&radius=1000&limit=15&open_now=True
[2025-09-12 12:53:44,910] ERROR   core.views:62 Foursquare API error: 429 Client Error: Too Many Requests for url: https://api.foursquare.com/v3/places/search?ll=53.911919%2C27.594950&radius=1000&limit=15&open_now=True
[2025-09-12 13:38:29,858] ERROR   core.views:62 Foursquare API error: 429 Client Error: Too Many Requests for url: https://api.foursquare.com/v3/places/search?ll=53.911919%2C27.594950&radius=1000&limit=15&open_now=True
[2025-09-12 13:38:29,889] ERROR   django.request:248 Internal Server Error: /
Traceback (most recent call last):
  File "/home/deviyan/353505_ANUFRYIEU_02/IGI/LR5/.venv/lib/python3.12/site-packages/django/core/handlers/exception.py", line 55, in inner
    response = get_response(request)
               ^^^^^^^^^^^^^^^^^^^^^
  File "/home/deviyan/353505_ANUFRYIEU_02/IGI/LR5/.venv/lib/python3.12/site-packages/django/core/handlers/base.py", line 197, in _get_response
    response = wrapped_callback(request, *callback_args, **callback_kwargs)
               ^^^^^^^^^^^^^^^^^^^^^^^^^^^^^^^^^^^^^^^^^^^^^^^^^^^^^^^^^^^^
  File "/home/deviyan/353505_ANUFRYIEU_02/IGI/LR5/hotel_project/core/views.py", line 66, in home_view
    return render(request, 'core/home.html', {
           ^^^^^^^^^^^^^^^^^^^^^^^^^^^^^^^^^^^
  File "/home/deviyan/353505_ANUFRYIEU_02/IGI/LR5/.venv/lib/python3.12/site-packages/django/shortcuts.py", line 25, in render
    content = loader.render_to_string(template_name, context, request, using=using)
              ^^^^^^^^^^^^^^^^^^^^^^^^^^^^^^^^^^^^^^^^^^^^^^^^^^^^^^^^^^^^^^^^^^^^^
  File "/home/deviyan/353505_ANUFRYIEU_02/IGI/LR5/.venv/lib/python3.12/site-packages/django/template/loader.py", line 61, in render_to_string
    template = get_template(template_name, using=using)
               ^^^^^^^^^^^^^^^^^^^^^^^^^^^^^^^^^^^^^^^^
  File "/home/deviyan/353505_ANUFRYIEU_02/IGI/LR5/.venv/lib/python3.12/site-packages/django/template/loader.py", line 15, in get_template
    return engine.get_template(template_name)
           ^^^^^^^^^^^^^^^^^^^^^^^^^^^^^^^^^^
  File "/home/deviyan/353505_ANUFRYIEU_02/IGI/LR5/.venv/lib/python3.12/site-packages/django/template/backends/django.py", line 79, in get_template
    return Template(self.engine.get_template(template_name), self)
                    ^^^^^^^^^^^^^^^^^^^^^^^^^^^^^^^^^^^^^^^
  File "/home/deviyan/353505_ANUFRYIEU_02/IGI/LR5/.venv/lib/python3.12/site-packages/django/template/engine.py", line 177, in get_template
    template, origin = self.find_template(template_name)
                       ^^^^^^^^^^^^^^^^^^^^^^^^^^^^^^^^^
  File "/home/deviyan/353505_ANUFRYIEU_02/IGI/LR5/.venv/lib/python3.12/site-packages/django/template/engine.py", line 159, in find_template
    template = loader.get_template(name, skip=skip)
               ^^^^^^^^^^^^^^^^^^^^^^^^^^^^^^^^^^^^
  File "/home/deviyan/353505_ANUFRYIEU_02/IGI/LR5/.venv/lib/python3.12/site-packages/django/template/loaders/cached.py", line 57, in get_template
    template = super().get_template(template_name, skip)
               ^^^^^^^^^^^^^^^^^^^^^^^^^^^^^^^^^^^^^^^^^
  File "/home/deviyan/353505_ANUFRYIEU_02/IGI/LR5/.venv/lib/python3.12/site-packages/django/template/loaders/base.py", line 28, in get_template
    return Template(
           ^^^^^^^^^
  File "/home/deviyan/353505_ANUFRYIEU_02/IGI/LR5/.venv/lib/python3.12/site-packages/django/template/base.py", line 154, in __init__
    self.nodelist = self.compile_nodelist()
                    ^^^^^^^^^^^^^^^^^^^^^^^
  File "/home/deviyan/353505_ANUFRYIEU_02/IGI/LR5/.venv/lib/python3.12/site-packages/django/template/base.py", line 196, in compile_nodelist
    nodelist = parser.parse()
               ^^^^^^^^^^^^^^
  File "/home/deviyan/353505_ANUFRYIEU_02/IGI/LR5/.venv/lib/python3.12/site-packages/django/template/base.py", line 518, in parse
    raise self.error(token, e)
  File "/home/deviyan/353505_ANUFRYIEU_02/IGI/LR5/.venv/lib/python3.12/site-packages/django/template/base.py", line 516, in parse
    compiled_result = compile_func(self, token)
                      ^^^^^^^^^^^^^^^^^^^^^^^^^
  File "/home/deviyan/353505_ANUFRYIEU_02/IGI/LR5/.venv/lib/python3.12/site-packages/django/template/loader_tags.py", line 299, in do_extends
    nodelist = parser.parse()
               ^^^^^^^^^^^^^^
  File "/home/deviyan/353505_ANUFRYIEU_02/IGI/LR5/.venv/lib/python3.12/site-packages/django/template/base.py", line 518, in parse
    raise self.error(token, e)
  File "/home/deviyan/353505_ANUFRYIEU_02/IGI/LR5/.venv/lib/python3.12/site-packages/django/template/base.py", line 516, in parse
    compiled_result = compile_func(self, token)
                      ^^^^^^^^^^^^^^^^^^^^^^^^^
  File "/home/deviyan/353505_ANUFRYIEU_02/IGI/LR5/.venv/lib/python3.12/site-packages/django/template/loader_tags.py", line 299, in do_extends
    nodelist = parser.parse()
               ^^^^^^^^^^^^^^
  File "/home/deviyan/353505_ANUFRYIEU_02/IGI/LR5/.venv/lib/python3.12/site-packages/django/template/base.py", line 518, in parse
    raise self.error(token, e)
  File "/home/deviyan/353505_ANUFRYIEU_02/IGI/LR5/.venv/lib/python3.12/site-packages/django/template/base.py", line 516, in parse
    compiled_result = compile_func(self, token)
                      ^^^^^^^^^^^^^^^^^^^^^^^^^
  File "/home/deviyan/353505_ANUFRYIEU_02/IGI/LR5/.venv/lib/python3.12/site-packages/django/template/loader_tags.py", line 228, in do_block
    raise TemplateSyntaxError(
django.template.exceptions.TemplateSyntaxError: 'block' tag with name 'title' appears more than once
[2025-09-12 13:39:07,149] ERROR   core.views:62 Foursquare API error: 429 Client Error: Too Many Requests for url: https://api.foursquare.com/v3/places/search?ll=53.911919%2C27.594950&radius=1000&limit=15&open_now=True
[2025-09-12 13:39:07,300] ERROR   django.request:248 Internal Server Error: /
Traceback (most recent call last):
  File "/home/deviyan/353505_ANUFRYIEU_02/IGI/LR5/.venv/lib/python3.12/site-packages/django/core/handlers/exception.py", line 55, in inner
    response = get_response(request)
               ^^^^^^^^^^^^^^^^^^^^^
  File "/home/deviyan/353505_ANUFRYIEU_02/IGI/LR5/.venv/lib/python3.12/site-packages/django/core/handlers/base.py", line 197, in _get_response
    response = wrapped_callback(request, *callback_args, **callback_kwargs)
               ^^^^^^^^^^^^^^^^^^^^^^^^^^^^^^^^^^^^^^^^^^^^^^^^^^^^^^^^^^^^
  File "/home/deviyan/353505_ANUFRYIEU_02/IGI/LR5/hotel_project/core/views.py", line 66, in home_view
    return render(request, 'core/home.html', {
           ^^^^^^^^^^^^^^^^^^^^^^^^^^^^^^^^^^^
  File "/home/deviyan/353505_ANUFRYIEU_02/IGI/LR5/.venv/lib/python3.12/site-packages/django/shortcuts.py", line 25, in render
    content = loader.render_to_string(template_name, context, request, using=using)
              ^^^^^^^^^^^^^^^^^^^^^^^^^^^^^^^^^^^^^^^^^^^^^^^^^^^^^^^^^^^^^^^^^^^^^
  File "/home/deviyan/353505_ANUFRYIEU_02/IGI/LR5/.venv/lib/python3.12/site-packages/django/template/loader.py", line 62, in render_to_string
    return template.render(context, request)
           ^^^^^^^^^^^^^^^^^^^^^^^^^^^^^^^^^
  File "/home/deviyan/353505_ANUFRYIEU_02/IGI/LR5/.venv/lib/python3.12/site-packages/django/template/backends/django.py", line 107, in render
    return self.template.render(context)
           ^^^^^^^^^^^^^^^^^^^^^^^^^^^^^
  File "/home/deviyan/353505_ANUFRYIEU_02/IGI/LR5/.venv/lib/python3.12/site-packages/django/template/base.py", line 171, in render
    return self._render(context)
           ^^^^^^^^^^^^^^^^^^^^^
  File "/home/deviyan/353505_ANUFRYIEU_02/IGI/LR5/.venv/lib/python3.12/site-packages/django/template/base.py", line 163, in _render
    return self.nodelist.render(context)
           ^^^^^^^^^^^^^^^^^^^^^^^^^^^^^
  File "/home/deviyan/353505_ANUFRYIEU_02/IGI/LR5/.venv/lib/python3.12/site-packages/django/template/base.py", line 1016, in render
    return SafeString("".join([node.render_annotated(context) for node in self]))
                               ^^^^^^^^^^^^^^^^^^^^^^^^^^^^^^
  File "/home/deviyan/353505_ANUFRYIEU_02/IGI/LR5/.venv/lib/python3.12/site-packages/django/template/base.py", line 977, in render_annotated
    return self.render(context)
           ^^^^^^^^^^^^^^^^^^^^
  File "/home/deviyan/353505_ANUFRYIEU_02/IGI/LR5/.venv/lib/python3.12/site-packages/django/template/loader_tags.py", line 159, in render
    return compiled_parent._render(context)
           ^^^^^^^^^^^^^^^^^^^^^^^^^^^^^^^^
  File "/home/deviyan/353505_ANUFRYIEU_02/IGI/LR5/.venv/lib/python3.12/site-packages/django/template/base.py", line 163, in _render
    return self.nodelist.render(context)
           ^^^^^^^^^^^^^^^^^^^^^^^^^^^^^
  File "/home/deviyan/353505_ANUFRYIEU_02/IGI/LR5/.venv/lib/python3.12/site-packages/django/template/base.py", line 1016, in render
    return SafeString("".join([node.render_annotated(context) for node in self]))
                               ^^^^^^^^^^^^^^^^^^^^^^^^^^^^^^
  File "/home/deviyan/353505_ANUFRYIEU_02/IGI/LR5/.venv/lib/python3.12/site-packages/django/template/base.py", line 977, in render_annotated
    return self.render(context)
           ^^^^^^^^^^^^^^^^^^^^
  File "/home/deviyan/353505_ANUFRYIEU_02/IGI/LR5/.venv/lib/python3.12/site-packages/django/template/loader_tags.py", line 65, in render
    result = block.nodelist.render(context)
             ^^^^^^^^^^^^^^^^^^^^^^^^^^^^^^
  File "/home/deviyan/353505_ANUFRYIEU_02/IGI/LR5/.venv/lib/python3.12/site-packages/django/template/base.py", line 1016, in render
    return SafeString("".join([node.render_annotated(context) for node in self]))
                               ^^^^^^^^^^^^^^^^^^^^^^^^^^^^^^
  File "/home/deviyan/353505_ANUFRYIEU_02/IGI/LR5/.venv/lib/python3.12/site-packages/django/template/base.py", line 977, in render_annotated
    return self.render(context)
           ^^^^^^^^^^^^^^^^^^^^
  File "/home/deviyan/353505_ANUFRYIEU_02/IGI/LR5/.venv/lib/python3.12/site-packages/django/template/defaulttags.py", line 243, in render
    nodelist.append(node.render_annotated(context))
                    ^^^^^^^^^^^^^^^^^^^^^^^^^^^^^^
  File "/home/deviyan/353505_ANUFRYIEU_02/IGI/LR5/.venv/lib/python3.12/site-packages/django/template/base.py", line 977, in render_annotated
    return self.render(context)
           ^^^^^^^^^^^^^^^^^^^^
  File "/home/deviyan/353505_ANUFRYIEU_02/IGI/LR5/.venv/lib/python3.12/site-packages/django/template/defaulttags.py", line 480, in render
    url = reverse(view_name, args=args, kwargs=kwargs, current_app=current_app)
          ^^^^^^^^^^^^^^^^^^^^^^^^^^^^^^^^^^^^^^^^^^^^^^^^^^^^^^^^^^^^^^^^^^^^^
  File "/home/deviyan/353505_ANUFRYIEU_02/IGI/LR5/.venv/lib/python3.12/site-packages/django/urls/base.py", line 98, in reverse
    resolved_url = resolver._reverse_with_prefix(view, prefix, *args, **kwargs)
                   ^^^^^^^^^^^^^^^^^^^^^^^^^^^^^^^^^^^^^^^^^^^^^^^^^^^^^^^^^^^^
  File "/home/deviyan/353505_ANUFRYIEU_02/IGI/LR5/.venv/lib/python3.12/site-packages/django/urls/resolvers.py", line 831, in _reverse_with_prefix
    raise NoReverseMatch(msg)
django.urls.exceptions.NoReverseMatch: Reverse for 'room_detail' not found. 'room_detail' is not a valid view function or pattern name.
[2025-09-12 13:42:04,313] ERROR   core.views:62 Foursquare API error: 429 Client Error: Too Many Requests for url: https://api.foursquare.com/v3/places/search?ll=53.911919%2C27.594950&radius=1000&limit=15&open_now=True
[2025-09-12 13:42:04,313] ERROR   core.views:62 Foursquare API error: 429 Client Error: Too Many Requests for url: https://api.foursquare.com/v3/places/search?ll=53.911919%2C27.594950&radius=1000&limit=15&open_now=True
[2025-09-12 13:42:04,314] ERROR   core.views:62 Foursquare API error: 429 Client Error: Too Many Requests for url: https://api.foursquare.com/v3/places/search?ll=53.911919%2C27.594950&radius=1000&limit=15&open_now=True
[2025-09-12 13:42:04,315] ERROR   core.views:62 Foursquare API error: 429 Client Error: Too Many Requests for url: https://api.foursquare.com/v3/places/search?ll=53.911919%2C27.594950&radius=1000&limit=15&open_now=True
[2025-09-12 13:48:34,541] ERROR   core.views:62 Foursquare API error: 429 Client Error: Too Many Requests for url: https://api.foursquare.com/v3/places/search?ll=53.911919%2C27.594950&radius=1000&limit=15&open_now=True
[2025-09-12 13:49:05,456] ERROR   core.views:62 Foursquare API error: 429 Client Error: Too Many Requests for url: https://api.foursquare.com/v3/places/search?ll=53.911919%2C27.594950&radius=1000&limit=15&open_now=True
[2025-09-12 13:49:21,434] ERROR   core.views:62 Foursquare API error: 429 Client Error: Too Many Requests for url: https://api.foursquare.com/v3/places/search?ll=53.911919%2C27.594950&radius=1000&limit=15&open_now=True
[2025-09-12 13:49:32,039] ERROR   core.views:62 Foursquare API error: 429 Client Error: Too Many Requests for url: https://api.foursquare.com/v3/places/search?ll=53.911919%2C27.594950&radius=1000&limit=15&open_now=True
[2025-09-12 13:50:38,159] ERROR   core.views:62 Foursquare API error: 429 Client Error: Too Many Requests for url: https://api.foursquare.com/v3/places/search?ll=53.911919%2C27.594950&radius=1000&limit=15&open_now=True
[2025-09-12 13:56:31,566] ERROR   core.views:62 Foursquare API error: 401 Client Error: Unauthorized for url: https://api.foursquare.com/v3/places/search?ll=53.911919%2C27.594950&radius=1000&limit=15&open_now=True
[2025-09-12 13:57:19,716] ERROR   core.views:62 Foursquare API error: 429 Client Error: Too Many Requests for url: https://api.foursquare.com/v3/places/search?ll=53.911919%2C27.594950&radius=1000&limit=15&open_now=True
[2025-09-12 13:57:22,909] ERROR   core.views:62 Foursquare API error: 429 Client Error: Too Many Requests for url: https://api.foursquare.com/v3/places/search?ll=53.911919%2C27.594950&radius=1000&limit=15&open_now=True
[2025-09-12 13:57:29,054] ERROR   core.views:62 Foursquare API error: 429 Client Error: Too Many Requests for url: https://api.foursquare.com/v3/places/search?ll=53.911919%2C27.594950&radius=1000&limit=15&open_now=True
[2025-09-12 13:57:53,415] ERROR   core.views:62 Foursquare API error: 429 Client Error: Too Many Requests for url: https://api.foursquare.com/v3/places/search?ll=53.911919%2C27.594950&radius=1000&limit=15&open_now=True
[2025-09-12 14:03:52,775] ERROR   core.views:62 Foursquare API error: 429 Client Error: Too Many Requests for url: https://api.foursquare.com/v3/places/search?ll=53.911919%2C27.594950&radius=1000&limit=15&open_now=True
[2025-09-12 14:04:08,088] ERROR   core.views:62 Foursquare API error: 429 Client Error: Too Many Requests for url: https://api.foursquare.com/v3/places/search?ll=53.911919%2C27.594950&radius=1000&limit=15&open_now=True
[2025-09-12 14:05:17,274] ERROR   core.views:62 Foursquare API error: 429 Client Error: Too Many Requests for url: https://api.foursquare.com/v3/places/search?ll=53.911919%2C27.594950&radius=1000&limit=15&open_now=True
[2025-09-12 14:15:32,397] INFO    core.views:361 Успешно получили ответ  api
[2025-09-12 14:15:38,420] INFO    core.views:361 Успешно получили ответ  api
[2025-09-12 14:15:43,839] INFO    core.views:361 Успешно получили ответ  api
[2025-09-12 14:15:53,199] INFO    core.views:361 Успешно получили ответ  api
[2025-09-12 14:15:58,151] INFO    core.views:361 Успешно получили ответ  api
[2025-09-12 14:16:02,211] INFO    core.views:361 Успешно получили ответ  api
[2025-09-12 14:16:58,587] ERROR   core.views:62 Foursquare API error: 429 Client Error: Too Many Requests for url: https://api.foursquare.com/v3/places/search?ll=53.911919%2C27.594950&radius=1000&limit=15&open_now=True
[2025-09-12 14:17:12,369] INFO    core.views:361 Успешно получили ответ  api
[2025-09-13 13:41:01,056] INFO    core.views:361 Успешно получили ответ  api
[2025-09-13 13:41:35,795] INFO    core.views:361 Успешно получили ответ  api
[2025-09-13 13:41:38,195] INFO    core.views:361 Успешно получили ответ  api
[2025-09-13 13:41:40,354] INFO    core.views:361 Успешно получили ответ  api
[2025-09-13 13:41:42,327] INFO    core.views:361 Успешно получили ответ  api
[2025-09-13 13:41:52,294] INFO    core.views:361 Успешно получили ответ  api
[2025-09-13 13:41:54,347] INFO    core.views:361 Успешно получили ответ  api
[2025-09-13 13:41:55,667] INFO    core.views:361 Успешно получили ответ  api
[2025-09-13 13:41:57,110] INFO    core.views:361 Успешно получили ответ  api
[2025-09-13 13:43:12,867] ERROR   core.views:62 Foursquare API error: 429 Client Error: Too Many Requests for url: https://api.foursquare.com/v3/places/search?ll=53.911919%2C27.594950&radius=1000&limit=15&open_now=True
[2025-09-13 13:45:00,794] ERROR   core.views:62 Foursquare API error: 429 Client Error: Too Many Requests for url: https://api.foursquare.com/v3/places/search?ll=53.911919%2C27.594950&radius=1000&limit=15&open_now=True
[2025-09-13 13:45:30,749] ERROR   core.views:62 Foursquare API error: 429 Client Error: Too Many Requests for url: https://api.foursquare.com/v3/places/search?ll=53.911919%2C27.594950&radius=1000&limit=15&open_now=True
[2025-09-13 13:45:38,874] ERROR   core.views:62 Foursquare API error: 429 Client Error: Too Many Requests for url: https://api.foursquare.com/v3/places/search?ll=53.911919%2C27.594950&radius=1000&limit=15&open_now=True
[2025-09-13 13:45:42,346] ERROR   core.views:62 Foursquare API error: 429 Client Error: Too Many Requests for url: https://api.foursquare.com/v3/places/search?ll=53.911919%2C27.594950&radius=1000&limit=15&open_now=True
[2025-09-13 13:45:50,653] ERROR   core.views:62 Foursquare API error: 429 Client Error: Too Many Requests for url: https://api.foursquare.com/v3/places/search?ll=53.911919%2C27.594950&radius=1000&limit=15&open_now=True
[2025-09-13 14:19:33,510] INFO    core.views:361 Успешно получили ответ  api
[2025-09-13 14:29:40,773] ERROR   core.views:62 Foursquare API error: 429 Client Error: Too Many Requests for url: https://api.foursquare.com/v3/places/search?ll=53.911919%2C27.594950&radius=1000&limit=15&open_now=True
[2025-09-14 11:22:47,270] INFO    core.views:361 Успешно получили ответ  api
[2025-09-14 11:23:06,159] ERROR   core.views:62 Foursquare API error: 429 Client Error: Too Many Requests for url: https://api.foursquare.com/v3/places/search?ll=53.911919%2C27.594950&radius=1000&limit=15&open_now=True
[2025-09-14 11:37:47,112] ERROR   core.views:62 Foursquare API error: 429 Client Error: Too Many Requests for url: https://api.foursquare.com/v3/places/search?ll=53.911919%2C27.594950&radius=1000&limit=15&open_now=True
[2025-09-14 11:38:13,259] ERROR   core.views:62 Foursquare API error: 429 Client Error: Too Many Requests for url: https://api.foursquare.com/v3/places/search?ll=53.911919%2C27.594950&radius=1000&limit=15&open_now=True
[2025-09-14 11:38:13,800] ERROR   core.views:62 Foursquare API error: 429 Client Error: Too Many Requests for url: https://api.foursquare.com/v3/places/search?ll=53.911919%2C27.594950&radius=1000&limit=15&open_now=True
[2025-09-14 11:38:13,969] ERROR   core.views:62 Foursquare API error: 429 Client Error: Too Many Requests for url: https://api.foursquare.com/v3/places/search?ll=53.911919%2C27.594950&radius=1000&limit=15&open_now=True
[2025-09-14 11:38:14,189] ERROR   core.views:62 Foursquare API error: 429 Client Error: Too Many Requests for url: https://api.foursquare.com/v3/places/search?ll=53.911919%2C27.594950&radius=1000&limit=15&open_now=True
[2025-09-14 11:38:15,693] ERROR   django.request:248 Internal Server Error: /bookings/
Traceback (most recent call last):
  File "/home/deviyan/353505_ANUFRYIEU_02/IGI/LR5/.venv/lib/python3.12/site-packages/django/core/handlers/exception.py", line 55, in inner
    response = get_response(request)
               ^^^^^^^^^^^^^^^^^^^^^
  File "/home/deviyan/353505_ANUFRYIEU_02/IGI/LR5/.venv/lib/python3.12/site-packages/django/core/handlers/base.py", line 197, in _get_response
    response = wrapped_callback(request, *callback_args, **callback_kwargs)
               ^^^^^^^^^^^^^^^^^^^^^^^^^^^^^^^^^^^^^^^^^^^^^^^^^^^^^^^^^^^^
  File "/home/deviyan/353505_ANUFRYIEU_02/IGI/LR5/.venv/lib/python3.12/site-packages/django/contrib/auth/decorators.py", line 59, in _view_wrapper
    return view_func(request, *args, **kwargs)
           ^^^^^^^^^^^^^^^^^^^^^^^^^^^^^^^^^^^
  File "/home/deviyan/353505_ANUFRYIEU_02/IGI/LR5/hotel_project/core/views.py", line 333, in bookings_view
    return render(request, 'core/bookings.html', {
           ^^^^^^^^^^^^^^^^^^^^^^^^^^^^^^^^^^^^^^^
  File "/home/deviyan/353505_ANUFRYIEU_02/IGI/LR5/.venv/lib/python3.12/site-packages/django/shortcuts.py", line 25, in render
    content = loader.render_to_string(template_name, context, request, using=using)
              ^^^^^^^^^^^^^^^^^^^^^^^^^^^^^^^^^^^^^^^^^^^^^^^^^^^^^^^^^^^^^^^^^^^^^
  File "/home/deviyan/353505_ANUFRYIEU_02/IGI/LR5/.venv/lib/python3.12/site-packages/django/template/loader.py", line 62, in render_to_string
    return template.render(context, request)
           ^^^^^^^^^^^^^^^^^^^^^^^^^^^^^^^^^
  File "/home/deviyan/353505_ANUFRYIEU_02/IGI/LR5/.venv/lib/python3.12/site-packages/django/template/backends/django.py", line 107, in render
    return self.template.render(context)
           ^^^^^^^^^^^^^^^^^^^^^^^^^^^^^
  File "/home/deviyan/353505_ANUFRYIEU_02/IGI/LR5/.venv/lib/python3.12/site-packages/django/template/base.py", line 171, in render
    return self._render(context)
           ^^^^^^^^^^^^^^^^^^^^^
  File "/home/deviyan/353505_ANUFRYIEU_02/IGI/LR5/.venv/lib/python3.12/site-packages/django/template/base.py", line 163, in _render
    return self.nodelist.render(context)
           ^^^^^^^^^^^^^^^^^^^^^^^^^^^^^
  File "/home/deviyan/353505_ANUFRYIEU_02/IGI/LR5/.venv/lib/python3.12/site-packages/django/template/base.py", line 1016, in render
    return SafeString("".join([node.render_annotated(context) for node in self]))
                               ^^^^^^^^^^^^^^^^^^^^^^^^^^^^^^
  File "/home/deviyan/353505_ANUFRYIEU_02/IGI/LR5/.venv/lib/python3.12/site-packages/django/template/base.py", line 977, in render_annotated
    return self.render(context)
           ^^^^^^^^^^^^^^^^^^^^
  File "/home/deviyan/353505_ANUFRYIEU_02/IGI/LR5/.venv/lib/python3.12/site-packages/django/template/loader_tags.py", line 159, in render
    return compiled_parent._render(context)
           ^^^^^^^^^^^^^^^^^^^^^^^^^^^^^^^^
  File "/home/deviyan/353505_ANUFRYIEU_02/IGI/LR5/.venv/lib/python3.12/site-packages/django/template/base.py", line 163, in _render
    return self.nodelist.render(context)
           ^^^^^^^^^^^^^^^^^^^^^^^^^^^^^
  File "/home/deviyan/353505_ANUFRYIEU_02/IGI/LR5/.venv/lib/python3.12/site-packages/django/template/base.py", line 1016, in render
    return SafeString("".join([node.render_annotated(context) for node in self]))
                               ^^^^^^^^^^^^^^^^^^^^^^^^^^^^^^
  File "/home/deviyan/353505_ANUFRYIEU_02/IGI/LR5/.venv/lib/python3.12/site-packages/django/template/base.py", line 977, in render_annotated
    return self.render(context)
           ^^^^^^^^^^^^^^^^^^^^
  File "/home/deviyan/353505_ANUFRYIEU_02/IGI/LR5/.venv/lib/python3.12/site-packages/django/template/loader_tags.py", line 65, in render
    result = block.nodelist.render(context)
             ^^^^^^^^^^^^^^^^^^^^^^^^^^^^^^
  File "/home/deviyan/353505_ANUFRYIEU_02/IGI/LR5/.venv/lib/python3.12/site-packages/django/template/base.py", line 1016, in render
    return SafeString("".join([node.render_annotated(context) for node in self]))
                               ^^^^^^^^^^^^^^^^^^^^^^^^^^^^^^
  File "/home/deviyan/353505_ANUFRYIEU_02/IGI/LR5/.venv/lib/python3.12/site-packages/django/template/base.py", line 977, in render_annotated
    return self.render(context)
           ^^^^^^^^^^^^^^^^^^^^
  File "/home/deviyan/353505_ANUFRYIEU_02/IGI/LR5/.venv/lib/python3.12/site-packages/django/template/defaulttags.py", line 327, in render
    return nodelist.render(context)
           ^^^^^^^^^^^^^^^^^^^^^^^^
  File "/home/deviyan/353505_ANUFRYIEU_02/IGI/LR5/.venv/lib/python3.12/site-packages/django/template/base.py", line 1016, in render
    return SafeString("".join([node.render_annotated(context) for node in self]))
                               ^^^^^^^^^^^^^^^^^^^^^^^^^^^^^^
  File "/home/deviyan/353505_ANUFRYIEU_02/IGI/LR5/.venv/lib/python3.12/site-packages/django/template/base.py", line 977, in render_annotated
    return self.render(context)
           ^^^^^^^^^^^^^^^^^^^^
  File "/home/deviyan/353505_ANUFRYIEU_02/IGI/LR5/.venv/lib/python3.12/site-packages/django/template/defaulttags.py", line 243, in render
    nodelist.append(node.render_annotated(context))
                    ^^^^^^^^^^^^^^^^^^^^^^^^^^^^^^
  File "/home/deviyan/353505_ANUFRYIEU_02/IGI/LR5/.venv/lib/python3.12/site-packages/django/template/base.py", line 977, in render_annotated
    return self.render(context)
           ^^^^^^^^^^^^^^^^^^^^
  File "/home/deviyan/353505_ANUFRYIEU_02/IGI/LR5/.venv/lib/python3.12/site-packages/django/template/defaulttags.py", line 480, in render
    url = reverse(view_name, args=args, kwargs=kwargs, current_app=current_app)
          ^^^^^^^^^^^^^^^^^^^^^^^^^^^^^^^^^^^^^^^^^^^^^^^^^^^^^^^^^^^^^^^^^^^^^
  File "/home/deviyan/353505_ANUFRYIEU_02/IGI/LR5/.venv/lib/python3.12/site-packages/django/urls/base.py", line 98, in reverse
    resolved_url = resolver._reverse_with_prefix(view, prefix, *args, **kwargs)
                   ^^^^^^^^^^^^^^^^^^^^^^^^^^^^^^^^^^^^^^^^^^^^^^^^^^^^^^^^^^^^
  File "/home/deviyan/353505_ANUFRYIEU_02/IGI/LR5/.venv/lib/python3.12/site-packages/django/urls/resolvers.py", line 831, in _reverse_with_prefix
    raise NoReverseMatch(msg)
django.urls.exceptions.NoReverseMatch: Reverse for 'update_booking' not found. 'update_booking' is not a valid view function or pattern name.
[2025-09-14 14:04:10,200] ERROR   core.views:62 Foursquare API error: 429 Client Error: Too Many Requests for url: https://api.foursquare.com/v3/places/search?ll=53.911919%2C27.594950&radius=1000&limit=15&open_now=True
[2025-09-14 14:38:32,374] INFO    core.views:413 Успешно получили ответ  api
[2025-09-14 14:57:15,525] INFO    core.views:413 Успешно получили ответ  api
[2025-09-14 14:57:50,097] INFO    core.views:413 Успешно получили ответ  api
[2025-09-14 15:12:15,705] ERROR   django.request:248 Internal Server Error: /bookings/
Traceback (most recent call last):
  File "/home/deviyan/353505_ANUFRYIEU_02/IGI/LR5/.venv/lib/python3.12/site-packages/django/core/handlers/exception.py", line 55, in inner
    response = get_response(request)
               ^^^^^^^^^^^^^^^^^^^^^
  File "/home/deviyan/353505_ANUFRYIEU_02/IGI/LR5/.venv/lib/python3.12/site-packages/django/core/handlers/base.py", line 197, in _get_response
    response = wrapped_callback(request, *callback_args, **callback_kwargs)
               ^^^^^^^^^^^^^^^^^^^^^^^^^^^^^^^^^^^^^^^^^^^^^^^^^^^^^^^^^^^^
  File "/home/deviyan/353505_ANUFRYIEU_02/IGI/LR5/.venv/lib/python3.12/site-packages/django/contrib/auth/decorators.py", line 59, in _view_wrapper
    return view_func(request, *args, **kwargs)
           ^^^^^^^^^^^^^^^^^^^^^^^^^^^^^^^^^^^
  File "/home/deviyan/353505_ANUFRYIEU_02/IGI/LR5/hotel_project/core/views.py", line 333, in bookings_view
    return render(request, 'core/bookings.html', {
           ^^^^^^^^^^^^^^^^^^^^^^^^^^^^^^^^^^^^^^^
  File "/home/deviyan/353505_ANUFRYIEU_02/IGI/LR5/.venv/lib/python3.12/site-packages/django/shortcuts.py", line 25, in render
    content = loader.render_to_string(template_name, context, request, using=using)
              ^^^^^^^^^^^^^^^^^^^^^^^^^^^^^^^^^^^^^^^^^^^^^^^^^^^^^^^^^^^^^^^^^^^^^
  File "/home/deviyan/353505_ANUFRYIEU_02/IGI/LR5/.venv/lib/python3.12/site-packages/django/template/loader.py", line 62, in render_to_string
    return template.render(context, request)
           ^^^^^^^^^^^^^^^^^^^^^^^^^^^^^^^^^
  File "/home/deviyan/353505_ANUFRYIEU_02/IGI/LR5/.venv/lib/python3.12/site-packages/django/template/backends/django.py", line 107, in render
    return self.template.render(context)
           ^^^^^^^^^^^^^^^^^^^^^^^^^^^^^
  File "/home/deviyan/353505_ANUFRYIEU_02/IGI/LR5/.venv/lib/python3.12/site-packages/django/template/base.py", line 171, in render
    return self._render(context)
           ^^^^^^^^^^^^^^^^^^^^^
  File "/home/deviyan/353505_ANUFRYIEU_02/IGI/LR5/.venv/lib/python3.12/site-packages/django/template/base.py", line 163, in _render
    return self.nodelist.render(context)
           ^^^^^^^^^^^^^^^^^^^^^^^^^^^^^
  File "/home/deviyan/353505_ANUFRYIEU_02/IGI/LR5/.venv/lib/python3.12/site-packages/django/template/base.py", line 1016, in render
    return SafeString("".join([node.render_annotated(context) for node in self]))
                               ^^^^^^^^^^^^^^^^^^^^^^^^^^^^^^
  File "/home/deviyan/353505_ANUFRYIEU_02/IGI/LR5/.venv/lib/python3.12/site-packages/django/template/base.py", line 977, in render_annotated
    return self.render(context)
           ^^^^^^^^^^^^^^^^^^^^
  File "/home/deviyan/353505_ANUFRYIEU_02/IGI/LR5/.venv/lib/python3.12/site-packages/django/template/loader_tags.py", line 159, in render
    return compiled_parent._render(context)
           ^^^^^^^^^^^^^^^^^^^^^^^^^^^^^^^^
  File "/home/deviyan/353505_ANUFRYIEU_02/IGI/LR5/.venv/lib/python3.12/site-packages/django/template/base.py", line 163, in _render
    return self.nodelist.render(context)
           ^^^^^^^^^^^^^^^^^^^^^^^^^^^^^
  File "/home/deviyan/353505_ANUFRYIEU_02/IGI/LR5/.venv/lib/python3.12/site-packages/django/template/base.py", line 1016, in render
    return SafeString("".join([node.render_annotated(context) for node in self]))
                               ^^^^^^^^^^^^^^^^^^^^^^^^^^^^^^
  File "/home/deviyan/353505_ANUFRYIEU_02/IGI/LR5/.venv/lib/python3.12/site-packages/django/template/base.py", line 977, in render_annotated
    return self.render(context)
           ^^^^^^^^^^^^^^^^^^^^
  File "/home/deviyan/353505_ANUFRYIEU_02/IGI/LR5/.venv/lib/python3.12/site-packages/django/template/loader_tags.py", line 65, in render
    result = block.nodelist.render(context)
             ^^^^^^^^^^^^^^^^^^^^^^^^^^^^^^
  File "/home/deviyan/353505_ANUFRYIEU_02/IGI/LR5/.venv/lib/python3.12/site-packages/django/template/base.py", line 1016, in render
    return SafeString("".join([node.render_annotated(context) for node in self]))
                               ^^^^^^^^^^^^^^^^^^^^^^^^^^^^^^
  File "/home/deviyan/353505_ANUFRYIEU_02/IGI/LR5/.venv/lib/python3.12/site-packages/django/template/base.py", line 977, in render_annotated
    return self.render(context)
           ^^^^^^^^^^^^^^^^^^^^
  File "/home/deviyan/353505_ANUFRYIEU_02/IGI/LR5/.venv/lib/python3.12/site-packages/django/template/defaulttags.py", line 480, in render
    url = reverse(view_name, args=args, kwargs=kwargs, current_app=current_app)
          ^^^^^^^^^^^^^^^^^^^^^^^^^^^^^^^^^^^^^^^^^^^^^^^^^^^^^^^^^^^^^^^^^^^^^
  File "/home/deviyan/353505_ANUFRYIEU_02/IGI/LR5/.venv/lib/python3.12/site-packages/django/urls/base.py", line 98, in reverse
    resolved_url = resolver._reverse_with_prefix(view, prefix, *args, **kwargs)
                   ^^^^^^^^^^^^^^^^^^^^^^^^^^^^^^^^^^^^^^^^^^^^^^^^^^^^^^^^^^^^
  File "/home/deviyan/353505_ANUFRYIEU_02/IGI/LR5/.venv/lib/python3.12/site-packages/django/urls/resolvers.py", line 831, in _reverse_with_prefix
    raise NoReverseMatch(msg)
django.urls.exceptions.NoReverseMatch: Reverse for 'contact_support' not found. 'contact_support' is not a valid view function or pattern name.
[2025-09-14 15:12:22,182] ERROR   django.request:248 Internal Server Error: /bookings/
Traceback (most recent call last):
  File "/home/deviyan/353505_ANUFRYIEU_02/IGI/LR5/.venv/lib/python3.12/site-packages/django/core/handlers/exception.py", line 55, in inner
    response = get_response(request)
               ^^^^^^^^^^^^^^^^^^^^^
  File "/home/deviyan/353505_ANUFRYIEU_02/IGI/LR5/.venv/lib/python3.12/site-packages/django/core/handlers/base.py", line 197, in _get_response
    response = wrapped_callback(request, *callback_args, **callback_kwargs)
               ^^^^^^^^^^^^^^^^^^^^^^^^^^^^^^^^^^^^^^^^^^^^^^^^^^^^^^^^^^^^
  File "/home/deviyan/353505_ANUFRYIEU_02/IGI/LR5/.venv/lib/python3.12/site-packages/django/contrib/auth/decorators.py", line 59, in _view_wrapper
    return view_func(request, *args, **kwargs)
           ^^^^^^^^^^^^^^^^^^^^^^^^^^^^^^^^^^^
  File "/home/deviyan/353505_ANUFRYIEU_02/IGI/LR5/hotel_project/core/views.py", line 333, in bookings_view
    return render(request, 'core/bookings.html', {
           ^^^^^^^^^^^^^^^^^^^^^^^^^^^^^^^^^^^^^^^
  File "/home/deviyan/353505_ANUFRYIEU_02/IGI/LR5/.venv/lib/python3.12/site-packages/django/shortcuts.py", line 25, in render
    content = loader.render_to_string(template_name, context, request, using=using)
              ^^^^^^^^^^^^^^^^^^^^^^^^^^^^^^^^^^^^^^^^^^^^^^^^^^^^^^^^^^^^^^^^^^^^^
  File "/home/deviyan/353505_ANUFRYIEU_02/IGI/LR5/.venv/lib/python3.12/site-packages/django/template/loader.py", line 62, in render_to_string
    return template.render(context, request)
           ^^^^^^^^^^^^^^^^^^^^^^^^^^^^^^^^^
  File "/home/deviyan/353505_ANUFRYIEU_02/IGI/LR5/.venv/lib/python3.12/site-packages/django/template/backends/django.py", line 107, in render
    return self.template.render(context)
           ^^^^^^^^^^^^^^^^^^^^^^^^^^^^^
  File "/home/deviyan/353505_ANUFRYIEU_02/IGI/LR5/.venv/lib/python3.12/site-packages/django/template/base.py", line 171, in render
    return self._render(context)
           ^^^^^^^^^^^^^^^^^^^^^
  File "/home/deviyan/353505_ANUFRYIEU_02/IGI/LR5/.venv/lib/python3.12/site-packages/django/template/base.py", line 163, in _render
    return self.nodelist.render(context)
           ^^^^^^^^^^^^^^^^^^^^^^^^^^^^^
  File "/home/deviyan/353505_ANUFRYIEU_02/IGI/LR5/.venv/lib/python3.12/site-packages/django/template/base.py", line 1016, in render
    return SafeString("".join([node.render_annotated(context) for node in self]))
                               ^^^^^^^^^^^^^^^^^^^^^^^^^^^^^^
  File "/home/deviyan/353505_ANUFRYIEU_02/IGI/LR5/.venv/lib/python3.12/site-packages/django/template/base.py", line 977, in render_annotated
    return self.render(context)
           ^^^^^^^^^^^^^^^^^^^^
  File "/home/deviyan/353505_ANUFRYIEU_02/IGI/LR5/.venv/lib/python3.12/site-packages/django/template/loader_tags.py", line 159, in render
    return compiled_parent._render(context)
           ^^^^^^^^^^^^^^^^^^^^^^^^^^^^^^^^
  File "/home/deviyan/353505_ANUFRYIEU_02/IGI/LR5/.venv/lib/python3.12/site-packages/django/template/base.py", line 163, in _render
    return self.nodelist.render(context)
           ^^^^^^^^^^^^^^^^^^^^^^^^^^^^^
  File "/home/deviyan/353505_ANUFRYIEU_02/IGI/LR5/.venv/lib/python3.12/site-packages/django/template/base.py", line 1016, in render
    return SafeString("".join([node.render_annotated(context) for node in self]))
                               ^^^^^^^^^^^^^^^^^^^^^^^^^^^^^^
  File "/home/deviyan/353505_ANUFRYIEU_02/IGI/LR5/.venv/lib/python3.12/site-packages/django/template/base.py", line 977, in render_annotated
    return self.render(context)
           ^^^^^^^^^^^^^^^^^^^^
  File "/home/deviyan/353505_ANUFRYIEU_02/IGI/LR5/.venv/lib/python3.12/site-packages/django/template/loader_tags.py", line 65, in render
    result = block.nodelist.render(context)
             ^^^^^^^^^^^^^^^^^^^^^^^^^^^^^^
  File "/home/deviyan/353505_ANUFRYIEU_02/IGI/LR5/.venv/lib/python3.12/site-packages/django/template/base.py", line 1016, in render
    return SafeString("".join([node.render_annotated(context) for node in self]))
                               ^^^^^^^^^^^^^^^^^^^^^^^^^^^^^^
  File "/home/deviyan/353505_ANUFRYIEU_02/IGI/LR5/.venv/lib/python3.12/site-packages/django/template/base.py", line 977, in render_annotated
    return self.render(context)
           ^^^^^^^^^^^^^^^^^^^^
  File "/home/deviyan/353505_ANUFRYIEU_02/IGI/LR5/.venv/lib/python3.12/site-packages/django/template/defaulttags.py", line 480, in render
    url = reverse(view_name, args=args, kwargs=kwargs, current_app=current_app)
          ^^^^^^^^^^^^^^^^^^^^^^^^^^^^^^^^^^^^^^^^^^^^^^^^^^^^^^^^^^^^^^^^^^^^^
  File "/home/deviyan/353505_ANUFRYIEU_02/IGI/LR5/.venv/lib/python3.12/site-packages/django/urls/base.py", line 98, in reverse
    resolved_url = resolver._reverse_with_prefix(view, prefix, *args, **kwargs)
                   ^^^^^^^^^^^^^^^^^^^^^^^^^^^^^^^^^^^^^^^^^^^^^^^^^^^^^^^^^^^^
  File "/home/deviyan/353505_ANUFRYIEU_02/IGI/LR5/.venv/lib/python3.12/site-packages/django/urls/resolvers.py", line 831, in _reverse_with_prefix
    raise NoReverseMatch(msg)
django.urls.exceptions.NoReverseMatch: Reverse for 'contact_support' not found. 'contact_support' is not a valid view function or pattern name.
[2025-09-14 15:12:23,660] ERROR   django.request:248 Internal Server Error: /bookings/
Traceback (most recent call last):
  File "/home/deviyan/353505_ANUFRYIEU_02/IGI/LR5/.venv/lib/python3.12/site-packages/django/core/handlers/exception.py", line 55, in inner
    response = get_response(request)
               ^^^^^^^^^^^^^^^^^^^^^
  File "/home/deviyan/353505_ANUFRYIEU_02/IGI/LR5/.venv/lib/python3.12/site-packages/django/core/handlers/base.py", line 197, in _get_response
    response = wrapped_callback(request, *callback_args, **callback_kwargs)
               ^^^^^^^^^^^^^^^^^^^^^^^^^^^^^^^^^^^^^^^^^^^^^^^^^^^^^^^^^^^^
  File "/home/deviyan/353505_ANUFRYIEU_02/IGI/LR5/.venv/lib/python3.12/site-packages/django/contrib/auth/decorators.py", line 59, in _view_wrapper
    return view_func(request, *args, **kwargs)
           ^^^^^^^^^^^^^^^^^^^^^^^^^^^^^^^^^^^
  File "/home/deviyan/353505_ANUFRYIEU_02/IGI/LR5/hotel_project/core/views.py", line 333, in bookings_view
    return render(request, 'core/bookings.html', {
           ^^^^^^^^^^^^^^^^^^^^^^^^^^^^^^^^^^^^^^^
  File "/home/deviyan/353505_ANUFRYIEU_02/IGI/LR5/.venv/lib/python3.12/site-packages/django/shortcuts.py", line 25, in render
    content = loader.render_to_string(template_name, context, request, using=using)
              ^^^^^^^^^^^^^^^^^^^^^^^^^^^^^^^^^^^^^^^^^^^^^^^^^^^^^^^^^^^^^^^^^^^^^
  File "/home/deviyan/353505_ANUFRYIEU_02/IGI/LR5/.venv/lib/python3.12/site-packages/django/template/loader.py", line 62, in render_to_string
    return template.render(context, request)
           ^^^^^^^^^^^^^^^^^^^^^^^^^^^^^^^^^
  File "/home/deviyan/353505_ANUFRYIEU_02/IGI/LR5/.venv/lib/python3.12/site-packages/django/template/backends/django.py", line 107, in render
    return self.template.render(context)
           ^^^^^^^^^^^^^^^^^^^^^^^^^^^^^
  File "/home/deviyan/353505_ANUFRYIEU_02/IGI/LR5/.venv/lib/python3.12/site-packages/django/template/base.py", line 171, in render
    return self._render(context)
           ^^^^^^^^^^^^^^^^^^^^^
  File "/home/deviyan/353505_ANUFRYIEU_02/IGI/LR5/.venv/lib/python3.12/site-packages/django/template/base.py", line 163, in _render
    return self.nodelist.render(context)
           ^^^^^^^^^^^^^^^^^^^^^^^^^^^^^
  File "/home/deviyan/353505_ANUFRYIEU_02/IGI/LR5/.venv/lib/python3.12/site-packages/django/template/base.py", line 1016, in render
    return SafeString("".join([node.render_annotated(context) for node in self]))
                               ^^^^^^^^^^^^^^^^^^^^^^^^^^^^^^
  File "/home/deviyan/353505_ANUFRYIEU_02/IGI/LR5/.venv/lib/python3.12/site-packages/django/template/base.py", line 977, in render_annotated
    return self.render(context)
           ^^^^^^^^^^^^^^^^^^^^
  File "/home/deviyan/353505_ANUFRYIEU_02/IGI/LR5/.venv/lib/python3.12/site-packages/django/template/loader_tags.py", line 159, in render
    return compiled_parent._render(context)
           ^^^^^^^^^^^^^^^^^^^^^^^^^^^^^^^^
  File "/home/deviyan/353505_ANUFRYIEU_02/IGI/LR5/.venv/lib/python3.12/site-packages/django/template/base.py", line 163, in _render
    return self.nodelist.render(context)
           ^^^^^^^^^^^^^^^^^^^^^^^^^^^^^
  File "/home/deviyan/353505_ANUFRYIEU_02/IGI/LR5/.venv/lib/python3.12/site-packages/django/template/base.py", line 1016, in render
    return SafeString("".join([node.render_annotated(context) for node in self]))
                               ^^^^^^^^^^^^^^^^^^^^^^^^^^^^^^
  File "/home/deviyan/353505_ANUFRYIEU_02/IGI/LR5/.venv/lib/python3.12/site-packages/django/template/base.py", line 977, in render_annotated
    return self.render(context)
           ^^^^^^^^^^^^^^^^^^^^
  File "/home/deviyan/353505_ANUFRYIEU_02/IGI/LR5/.venv/lib/python3.12/site-packages/django/template/loader_tags.py", line 65, in render
    result = block.nodelist.render(context)
             ^^^^^^^^^^^^^^^^^^^^^^^^^^^^^^
  File "/home/deviyan/353505_ANUFRYIEU_02/IGI/LR5/.venv/lib/python3.12/site-packages/django/template/base.py", line 1016, in render
    return SafeString("".join([node.render_annotated(context) for node in self]))
                               ^^^^^^^^^^^^^^^^^^^^^^^^^^^^^^
  File "/home/deviyan/353505_ANUFRYIEU_02/IGI/LR5/.venv/lib/python3.12/site-packages/django/template/base.py", line 977, in render_annotated
    return self.render(context)
           ^^^^^^^^^^^^^^^^^^^^
  File "/home/deviyan/353505_ANUFRYIEU_02/IGI/LR5/.venv/lib/python3.12/site-packages/django/template/defaulttags.py", line 480, in render
    url = reverse(view_name, args=args, kwargs=kwargs, current_app=current_app)
          ^^^^^^^^^^^^^^^^^^^^^^^^^^^^^^^^^^^^^^^^^^^^^^^^^^^^^^^^^^^^^^^^^^^^^
  File "/home/deviyan/353505_ANUFRYIEU_02/IGI/LR5/.venv/lib/python3.12/site-packages/django/urls/base.py", line 98, in reverse
    resolved_url = resolver._reverse_with_prefix(view, prefix, *args, **kwargs)
                   ^^^^^^^^^^^^^^^^^^^^^^^^^^^^^^^^^^^^^^^^^^^^^^^^^^^^^^^^^^^^
  File "/home/deviyan/353505_ANUFRYIEU_02/IGI/LR5/.venv/lib/python3.12/site-packages/django/urls/resolvers.py", line 831, in _reverse_with_prefix
    raise NoReverseMatch(msg)
django.urls.exceptions.NoReverseMatch: Reverse for 'contact_support' not found. 'contact_support' is not a valid view function or pattern name.
[2025-09-14 15:12:24,237] ERROR   django.request:248 Internal Server Error: /bookings/
Traceback (most recent call last):
  File "/home/deviyan/353505_ANUFRYIEU_02/IGI/LR5/.venv/lib/python3.12/site-packages/django/core/handlers/exception.py", line 55, in inner
    response = get_response(request)
               ^^^^^^^^^^^^^^^^^^^^^
  File "/home/deviyan/353505_ANUFRYIEU_02/IGI/LR5/.venv/lib/python3.12/site-packages/django/core/handlers/base.py", line 197, in _get_response
    response = wrapped_callback(request, *callback_args, **callback_kwargs)
               ^^^^^^^^^^^^^^^^^^^^^^^^^^^^^^^^^^^^^^^^^^^^^^^^^^^^^^^^^^^^
  File "/home/deviyan/353505_ANUFRYIEU_02/IGI/LR5/.venv/lib/python3.12/site-packages/django/contrib/auth/decorators.py", line 59, in _view_wrapper
    return view_func(request, *args, **kwargs)
           ^^^^^^^^^^^^^^^^^^^^^^^^^^^^^^^^^^^
  File "/home/deviyan/353505_ANUFRYIEU_02/IGI/LR5/hotel_project/core/views.py", line 333, in bookings_view
    return render(request, 'core/bookings.html', {
           ^^^^^^^^^^^^^^^^^^^^^^^^^^^^^^^^^^^^^^^
  File "/home/deviyan/353505_ANUFRYIEU_02/IGI/LR5/.venv/lib/python3.12/site-packages/django/shortcuts.py", line 25, in render
    content = loader.render_to_string(template_name, context, request, using=using)
              ^^^^^^^^^^^^^^^^^^^^^^^^^^^^^^^^^^^^^^^^^^^^^^^^^^^^^^^^^^^^^^^^^^^^^
  File "/home/deviyan/353505_ANUFRYIEU_02/IGI/LR5/.venv/lib/python3.12/site-packages/django/template/loader.py", line 62, in render_to_string
    return template.render(context, request)
           ^^^^^^^^^^^^^^^^^^^^^^^^^^^^^^^^^
  File "/home/deviyan/353505_ANUFRYIEU_02/IGI/LR5/.venv/lib/python3.12/site-packages/django/template/backends/django.py", line 107, in render
    return self.template.render(context)
           ^^^^^^^^^^^^^^^^^^^^^^^^^^^^^
  File "/home/deviyan/353505_ANUFRYIEU_02/IGI/LR5/.venv/lib/python3.12/site-packages/django/template/base.py", line 171, in render
    return self._render(context)
           ^^^^^^^^^^^^^^^^^^^^^
  File "/home/deviyan/353505_ANUFRYIEU_02/IGI/LR5/.venv/lib/python3.12/site-packages/django/template/base.py", line 163, in _render
    return self.nodelist.render(context)
           ^^^^^^^^^^^^^^^^^^^^^^^^^^^^^
  File "/home/deviyan/353505_ANUFRYIEU_02/IGI/LR5/.venv/lib/python3.12/site-packages/django/template/base.py", line 1016, in render
    return SafeString("".join([node.render_annotated(context) for node in self]))
                               ^^^^^^^^^^^^^^^^^^^^^^^^^^^^^^
  File "/home/deviyan/353505_ANUFRYIEU_02/IGI/LR5/.venv/lib/python3.12/site-packages/django/template/base.py", line 977, in render_annotated
    return self.render(context)
           ^^^^^^^^^^^^^^^^^^^^
  File "/home/deviyan/353505_ANUFRYIEU_02/IGI/LR5/.venv/lib/python3.12/site-packages/django/template/loader_tags.py", line 159, in render
    return compiled_parent._render(context)
           ^^^^^^^^^^^^^^^^^^^^^^^^^^^^^^^^
  File "/home/deviyan/353505_ANUFRYIEU_02/IGI/LR5/.venv/lib/python3.12/site-packages/django/template/base.py", line 163, in _render
    return self.nodelist.render(context)
           ^^^^^^^^^^^^^^^^^^^^^^^^^^^^^
  File "/home/deviyan/353505_ANUFRYIEU_02/IGI/LR5/.venv/lib/python3.12/site-packages/django/template/base.py", line 1016, in render
    return SafeString("".join([node.render_annotated(context) for node in self]))
                               ^^^^^^^^^^^^^^^^^^^^^^^^^^^^^^
  File "/home/deviyan/353505_ANUFRYIEU_02/IGI/LR5/.venv/lib/python3.12/site-packages/django/template/base.py", line 977, in render_annotated
    return self.render(context)
           ^^^^^^^^^^^^^^^^^^^^
  File "/home/deviyan/353505_ANUFRYIEU_02/IGI/LR5/.venv/lib/python3.12/site-packages/django/template/loader_tags.py", line 65, in render
    result = block.nodelist.render(context)
             ^^^^^^^^^^^^^^^^^^^^^^^^^^^^^^
  File "/home/deviyan/353505_ANUFRYIEU_02/IGI/LR5/.venv/lib/python3.12/site-packages/django/template/base.py", line 1016, in render
    return SafeString("".join([node.render_annotated(context) for node in self]))
                               ^^^^^^^^^^^^^^^^^^^^^^^^^^^^^^
  File "/home/deviyan/353505_ANUFRYIEU_02/IGI/LR5/.venv/lib/python3.12/site-packages/django/template/base.py", line 977, in render_annotated
    return self.render(context)
           ^^^^^^^^^^^^^^^^^^^^
  File "/home/deviyan/353505_ANUFRYIEU_02/IGI/LR5/.venv/lib/python3.12/site-packages/django/template/defaulttags.py", line 480, in render
    url = reverse(view_name, args=args, kwargs=kwargs, current_app=current_app)
          ^^^^^^^^^^^^^^^^^^^^^^^^^^^^^^^^^^^^^^^^^^^^^^^^^^^^^^^^^^^^^^^^^^^^^
  File "/home/deviyan/353505_ANUFRYIEU_02/IGI/LR5/.venv/lib/python3.12/site-packages/django/urls/base.py", line 98, in reverse
    resolved_url = resolver._reverse_with_prefix(view, prefix, *args, **kwargs)
                   ^^^^^^^^^^^^^^^^^^^^^^^^^^^^^^^^^^^^^^^^^^^^^^^^^^^^^^^^^^^^
  File "/home/deviyan/353505_ANUFRYIEU_02/IGI/LR5/.venv/lib/python3.12/site-packages/django/urls/resolvers.py", line 831, in _reverse_with_prefix
    raise NoReverseMatch(msg)
django.urls.exceptions.NoReverseMatch: Reverse for 'contact_support' not found. 'contact_support' is not a valid view function or pattern name.
[2025-09-14 15:12:24,422] ERROR   django.request:248 Internal Server Error: /bookings/
Traceback (most recent call last):
  File "/home/deviyan/353505_ANUFRYIEU_02/IGI/LR5/.venv/lib/python3.12/site-packages/django/core/handlers/exception.py", line 55, in inner
    response = get_response(request)
               ^^^^^^^^^^^^^^^^^^^^^
  File "/home/deviyan/353505_ANUFRYIEU_02/IGI/LR5/.venv/lib/python3.12/site-packages/django/core/handlers/base.py", line 197, in _get_response
    response = wrapped_callback(request, *callback_args, **callback_kwargs)
               ^^^^^^^^^^^^^^^^^^^^^^^^^^^^^^^^^^^^^^^^^^^^^^^^^^^^^^^^^^^^
  File "/home/deviyan/353505_ANUFRYIEU_02/IGI/LR5/.venv/lib/python3.12/site-packages/django/contrib/auth/decorators.py", line 59, in _view_wrapper
    return view_func(request, *args, **kwargs)
           ^^^^^^^^^^^^^^^^^^^^^^^^^^^^^^^^^^^
  File "/home/deviyan/353505_ANUFRYIEU_02/IGI/LR5/hotel_project/core/views.py", line 333, in bookings_view
    return render(request, 'core/bookings.html', {
           ^^^^^^^^^^^^^^^^^^^^^^^^^^^^^^^^^^^^^^^
  File "/home/deviyan/353505_ANUFRYIEU_02/IGI/LR5/.venv/lib/python3.12/site-packages/django/shortcuts.py", line 25, in render
    content = loader.render_to_string(template_name, context, request, using=using)
              ^^^^^^^^^^^^^^^^^^^^^^^^^^^^^^^^^^^^^^^^^^^^^^^^^^^^^^^^^^^^^^^^^^^^^
  File "/home/deviyan/353505_ANUFRYIEU_02/IGI/LR5/.venv/lib/python3.12/site-packages/django/template/loader.py", line 62, in render_to_string
    return template.render(context, request)
           ^^^^^^^^^^^^^^^^^^^^^^^^^^^^^^^^^
  File "/home/deviyan/353505_ANUFRYIEU_02/IGI/LR5/.venv/lib/python3.12/site-packages/django/template/backends/django.py", line 107, in render
    return self.template.render(context)
           ^^^^^^^^^^^^^^^^^^^^^^^^^^^^^
  File "/home/deviyan/353505_ANUFRYIEU_02/IGI/LR5/.venv/lib/python3.12/site-packages/django/template/base.py", line 171, in render
    return self._render(context)
           ^^^^^^^^^^^^^^^^^^^^^
  File "/home/deviyan/353505_ANUFRYIEU_02/IGI/LR5/.venv/lib/python3.12/site-packages/django/template/base.py", line 163, in _render
    return self.nodelist.render(context)
           ^^^^^^^^^^^^^^^^^^^^^^^^^^^^^
  File "/home/deviyan/353505_ANUFRYIEU_02/IGI/LR5/.venv/lib/python3.12/site-packages/django/template/base.py", line 1016, in render
    return SafeString("".join([node.render_annotated(context) for node in self]))
                               ^^^^^^^^^^^^^^^^^^^^^^^^^^^^^^
  File "/home/deviyan/353505_ANUFRYIEU_02/IGI/LR5/.venv/lib/python3.12/site-packages/django/template/base.py", line 977, in render_annotated
    return self.render(context)
           ^^^^^^^^^^^^^^^^^^^^
  File "/home/deviyan/353505_ANUFRYIEU_02/IGI/LR5/.venv/lib/python3.12/site-packages/django/template/loader_tags.py", line 159, in render
    return compiled_parent._render(context)
           ^^^^^^^^^^^^^^^^^^^^^^^^^^^^^^^^
  File "/home/deviyan/353505_ANUFRYIEU_02/IGI/LR5/.venv/lib/python3.12/site-packages/django/template/base.py", line 163, in _render
    return self.nodelist.render(context)
           ^^^^^^^^^^^^^^^^^^^^^^^^^^^^^
  File "/home/deviyan/353505_ANUFRYIEU_02/IGI/LR5/.venv/lib/python3.12/site-packages/django/template/base.py", line 1016, in render
    return SafeString("".join([node.render_annotated(context) for node in self]))
                               ^^^^^^^^^^^^^^^^^^^^^^^^^^^^^^
  File "/home/deviyan/353505_ANUFRYIEU_02/IGI/LR5/.venv/lib/python3.12/site-packages/django/template/base.py", line 977, in render_annotated
    return self.render(context)
           ^^^^^^^^^^^^^^^^^^^^
  File "/home/deviyan/353505_ANUFRYIEU_02/IGI/LR5/.venv/lib/python3.12/site-packages/django/template/loader_tags.py", line 65, in render
    result = block.nodelist.render(context)
             ^^^^^^^^^^^^^^^^^^^^^^^^^^^^^^
  File "/home/deviyan/353505_ANUFRYIEU_02/IGI/LR5/.venv/lib/python3.12/site-packages/django/template/base.py", line 1016, in render
    return SafeString("".join([node.render_annotated(context) for node in self]))
                               ^^^^^^^^^^^^^^^^^^^^^^^^^^^^^^
  File "/home/deviyan/353505_ANUFRYIEU_02/IGI/LR5/.venv/lib/python3.12/site-packages/django/template/base.py", line 977, in render_annotated
    return self.render(context)
           ^^^^^^^^^^^^^^^^^^^^
  File "/home/deviyan/353505_ANUFRYIEU_02/IGI/LR5/.venv/lib/python3.12/site-packages/django/template/defaulttags.py", line 480, in render
    url = reverse(view_name, args=args, kwargs=kwargs, current_app=current_app)
          ^^^^^^^^^^^^^^^^^^^^^^^^^^^^^^^^^^^^^^^^^^^^^^^^^^^^^^^^^^^^^^^^^^^^^
  File "/home/deviyan/353505_ANUFRYIEU_02/IGI/LR5/.venv/lib/python3.12/site-packages/django/urls/base.py", line 98, in reverse
    resolved_url = resolver._reverse_with_prefix(view, prefix, *args, **kwargs)
                   ^^^^^^^^^^^^^^^^^^^^^^^^^^^^^^^^^^^^^^^^^^^^^^^^^^^^^^^^^^^^
  File "/home/deviyan/353505_ANUFRYIEU_02/IGI/LR5/.venv/lib/python3.12/site-packages/django/urls/resolvers.py", line 831, in _reverse_with_prefix
    raise NoReverseMatch(msg)
django.urls.exceptions.NoReverseMatch: Reverse for 'contact_support' not found. 'contact_support' is not a valid view function or pattern name.
[2025-09-14 15:12:24,582] ERROR   django.request:248 Internal Server Error: /bookings/
Traceback (most recent call last):
  File "/home/deviyan/353505_ANUFRYIEU_02/IGI/LR5/.venv/lib/python3.12/site-packages/django/core/handlers/exception.py", line 55, in inner
    response = get_response(request)
               ^^^^^^^^^^^^^^^^^^^^^
  File "/home/deviyan/353505_ANUFRYIEU_02/IGI/LR5/.venv/lib/python3.12/site-packages/django/core/handlers/base.py", line 197, in _get_response
    response = wrapped_callback(request, *callback_args, **callback_kwargs)
               ^^^^^^^^^^^^^^^^^^^^^^^^^^^^^^^^^^^^^^^^^^^^^^^^^^^^^^^^^^^^
  File "/home/deviyan/353505_ANUFRYIEU_02/IGI/LR5/.venv/lib/python3.12/site-packages/django/contrib/auth/decorators.py", line 59, in _view_wrapper
    return view_func(request, *args, **kwargs)
           ^^^^^^^^^^^^^^^^^^^^^^^^^^^^^^^^^^^
  File "/home/deviyan/353505_ANUFRYIEU_02/IGI/LR5/hotel_project/core/views.py", line 333, in bookings_view
    return render(request, 'core/bookings.html', {
           ^^^^^^^^^^^^^^^^^^^^^^^^^^^^^^^^^^^^^^^
  File "/home/deviyan/353505_ANUFRYIEU_02/IGI/LR5/.venv/lib/python3.12/site-packages/django/shortcuts.py", line 25, in render
    content = loader.render_to_string(template_name, context, request, using=using)
              ^^^^^^^^^^^^^^^^^^^^^^^^^^^^^^^^^^^^^^^^^^^^^^^^^^^^^^^^^^^^^^^^^^^^^
  File "/home/deviyan/353505_ANUFRYIEU_02/IGI/LR5/.venv/lib/python3.12/site-packages/django/template/loader.py", line 62, in render_to_string
    return template.render(context, request)
           ^^^^^^^^^^^^^^^^^^^^^^^^^^^^^^^^^
  File "/home/deviyan/353505_ANUFRYIEU_02/IGI/LR5/.venv/lib/python3.12/site-packages/django/template/backends/django.py", line 107, in render
    return self.template.render(context)
           ^^^^^^^^^^^^^^^^^^^^^^^^^^^^^
  File "/home/deviyan/353505_ANUFRYIEU_02/IGI/LR5/.venv/lib/python3.12/site-packages/django/template/base.py", line 171, in render
    return self._render(context)
           ^^^^^^^^^^^^^^^^^^^^^
  File "/home/deviyan/353505_ANUFRYIEU_02/IGI/LR5/.venv/lib/python3.12/site-packages/django/template/base.py", line 163, in _render
    return self.nodelist.render(context)
           ^^^^^^^^^^^^^^^^^^^^^^^^^^^^^
  File "/home/deviyan/353505_ANUFRYIEU_02/IGI/LR5/.venv/lib/python3.12/site-packages/django/template/base.py", line 1016, in render
    return SafeString("".join([node.render_annotated(context) for node in self]))
                               ^^^^^^^^^^^^^^^^^^^^^^^^^^^^^^
  File "/home/deviyan/353505_ANUFRYIEU_02/IGI/LR5/.venv/lib/python3.12/site-packages/django/template/base.py", line 977, in render_annotated
    return self.render(context)
           ^^^^^^^^^^^^^^^^^^^^
  File "/home/deviyan/353505_ANUFRYIEU_02/IGI/LR5/.venv/lib/python3.12/site-packages/django/template/loader_tags.py", line 159, in render
    return compiled_parent._render(context)
           ^^^^^^^^^^^^^^^^^^^^^^^^^^^^^^^^
  File "/home/deviyan/353505_ANUFRYIEU_02/IGI/LR5/.venv/lib/python3.12/site-packages/django/template/base.py", line 163, in _render
    return self.nodelist.render(context)
           ^^^^^^^^^^^^^^^^^^^^^^^^^^^^^
  File "/home/deviyan/353505_ANUFRYIEU_02/IGI/LR5/.venv/lib/python3.12/site-packages/django/template/base.py", line 1016, in render
    return SafeString("".join([node.render_annotated(context) for node in self]))
                               ^^^^^^^^^^^^^^^^^^^^^^^^^^^^^^
  File "/home/deviyan/353505_ANUFRYIEU_02/IGI/LR5/.venv/lib/python3.12/site-packages/django/template/base.py", line 977, in render_annotated
    return self.render(context)
           ^^^^^^^^^^^^^^^^^^^^
  File "/home/deviyan/353505_ANUFRYIEU_02/IGI/LR5/.venv/lib/python3.12/site-packages/django/template/loader_tags.py", line 65, in render
    result = block.nodelist.render(context)
             ^^^^^^^^^^^^^^^^^^^^^^^^^^^^^^
  File "/home/deviyan/353505_ANUFRYIEU_02/IGI/LR5/.venv/lib/python3.12/site-packages/django/template/base.py", line 1016, in render
    return SafeString("".join([node.render_annotated(context) for node in self]))
                               ^^^^^^^^^^^^^^^^^^^^^^^^^^^^^^
  File "/home/deviyan/353505_ANUFRYIEU_02/IGI/LR5/.venv/lib/python3.12/site-packages/django/template/base.py", line 977, in render_annotated
    return self.render(context)
           ^^^^^^^^^^^^^^^^^^^^
  File "/home/deviyan/353505_ANUFRYIEU_02/IGI/LR5/.venv/lib/python3.12/site-packages/django/template/defaulttags.py", line 480, in render
    url = reverse(view_name, args=args, kwargs=kwargs, current_app=current_app)
          ^^^^^^^^^^^^^^^^^^^^^^^^^^^^^^^^^^^^^^^^^^^^^^^^^^^^^^^^^^^^^^^^^^^^^
  File "/home/deviyan/353505_ANUFRYIEU_02/IGI/LR5/.venv/lib/python3.12/site-packages/django/urls/base.py", line 98, in reverse
    resolved_url = resolver._reverse_with_prefix(view, prefix, *args, **kwargs)
                   ^^^^^^^^^^^^^^^^^^^^^^^^^^^^^^^^^^^^^^^^^^^^^^^^^^^^^^^^^^^^
  File "/home/deviyan/353505_ANUFRYIEU_02/IGI/LR5/.venv/lib/python3.12/site-packages/django/urls/resolvers.py", line 831, in _reverse_with_prefix
    raise NoReverseMatch(msg)
django.urls.exceptions.NoReverseMatch: Reverse for 'contact_support' not found. 'contact_support' is not a valid view function or pattern name.
[2025-09-14 15:12:25,769] ERROR   django.request:248 Internal Server Error: /bookings/
Traceback (most recent call last):
  File "/home/deviyan/353505_ANUFRYIEU_02/IGI/LR5/.venv/lib/python3.12/site-packages/django/core/handlers/exception.py", line 55, in inner
    response = get_response(request)
               ^^^^^^^^^^^^^^^^^^^^^
  File "/home/deviyan/353505_ANUFRYIEU_02/IGI/LR5/.venv/lib/python3.12/site-packages/django/core/handlers/base.py", line 197, in _get_response
    response = wrapped_callback(request, *callback_args, **callback_kwargs)
               ^^^^^^^^^^^^^^^^^^^^^^^^^^^^^^^^^^^^^^^^^^^^^^^^^^^^^^^^^^^^
  File "/home/deviyan/353505_ANUFRYIEU_02/IGI/LR5/.venv/lib/python3.12/site-packages/django/contrib/auth/decorators.py", line 59, in _view_wrapper
    return view_func(request, *args, **kwargs)
           ^^^^^^^^^^^^^^^^^^^^^^^^^^^^^^^^^^^
  File "/home/deviyan/353505_ANUFRYIEU_02/IGI/LR5/hotel_project/core/views.py", line 333, in bookings_view
    return render(request, 'core/bookings.html', {
           ^^^^^^^^^^^^^^^^^^^^^^^^^^^^^^^^^^^^^^^
  File "/home/deviyan/353505_ANUFRYIEU_02/IGI/LR5/.venv/lib/python3.12/site-packages/django/shortcuts.py", line 25, in render
    content = loader.render_to_string(template_name, context, request, using=using)
              ^^^^^^^^^^^^^^^^^^^^^^^^^^^^^^^^^^^^^^^^^^^^^^^^^^^^^^^^^^^^^^^^^^^^^
  File "/home/deviyan/353505_ANUFRYIEU_02/IGI/LR5/.venv/lib/python3.12/site-packages/django/template/loader.py", line 62, in render_to_string
    return template.render(context, request)
           ^^^^^^^^^^^^^^^^^^^^^^^^^^^^^^^^^
  File "/home/deviyan/353505_ANUFRYIEU_02/IGI/LR5/.venv/lib/python3.12/site-packages/django/template/backends/django.py", line 107, in render
    return self.template.render(context)
           ^^^^^^^^^^^^^^^^^^^^^^^^^^^^^
  File "/home/deviyan/353505_ANUFRYIEU_02/IGI/LR5/.venv/lib/python3.12/site-packages/django/template/base.py", line 171, in render
    return self._render(context)
           ^^^^^^^^^^^^^^^^^^^^^
  File "/home/deviyan/353505_ANUFRYIEU_02/IGI/LR5/.venv/lib/python3.12/site-packages/django/template/base.py", line 163, in _render
    return self.nodelist.render(context)
           ^^^^^^^^^^^^^^^^^^^^^^^^^^^^^
  File "/home/deviyan/353505_ANUFRYIEU_02/IGI/LR5/.venv/lib/python3.12/site-packages/django/template/base.py", line 1016, in render
    return SafeString("".join([node.render_annotated(context) for node in self]))
                               ^^^^^^^^^^^^^^^^^^^^^^^^^^^^^^
  File "/home/deviyan/353505_ANUFRYIEU_02/IGI/LR5/.venv/lib/python3.12/site-packages/django/template/base.py", line 977, in render_annotated
    return self.render(context)
           ^^^^^^^^^^^^^^^^^^^^
  File "/home/deviyan/353505_ANUFRYIEU_02/IGI/LR5/.venv/lib/python3.12/site-packages/django/template/loader_tags.py", line 159, in render
    return compiled_parent._render(context)
           ^^^^^^^^^^^^^^^^^^^^^^^^^^^^^^^^
  File "/home/deviyan/353505_ANUFRYIEU_02/IGI/LR5/.venv/lib/python3.12/site-packages/django/template/base.py", line 163, in _render
    return self.nodelist.render(context)
           ^^^^^^^^^^^^^^^^^^^^^^^^^^^^^
  File "/home/deviyan/353505_ANUFRYIEU_02/IGI/LR5/.venv/lib/python3.12/site-packages/django/template/base.py", line 1016, in render
    return SafeString("".join([node.render_annotated(context) for node in self]))
                               ^^^^^^^^^^^^^^^^^^^^^^^^^^^^^^
  File "/home/deviyan/353505_ANUFRYIEU_02/IGI/LR5/.venv/lib/python3.12/site-packages/django/template/base.py", line 977, in render_annotated
    return self.render(context)
           ^^^^^^^^^^^^^^^^^^^^
  File "/home/deviyan/353505_ANUFRYIEU_02/IGI/LR5/.venv/lib/python3.12/site-packages/django/template/loader_tags.py", line 65, in render
    result = block.nodelist.render(context)
             ^^^^^^^^^^^^^^^^^^^^^^^^^^^^^^
  File "/home/deviyan/353505_ANUFRYIEU_02/IGI/LR5/.venv/lib/python3.12/site-packages/django/template/base.py", line 1016, in render
    return SafeString("".join([node.render_annotated(context) for node in self]))
                               ^^^^^^^^^^^^^^^^^^^^^^^^^^^^^^
  File "/home/deviyan/353505_ANUFRYIEU_02/IGI/LR5/.venv/lib/python3.12/site-packages/django/template/base.py", line 977, in render_annotated
    return self.render(context)
           ^^^^^^^^^^^^^^^^^^^^
  File "/home/deviyan/353505_ANUFRYIEU_02/IGI/LR5/.venv/lib/python3.12/site-packages/django/template/defaulttags.py", line 480, in render
    url = reverse(view_name, args=args, kwargs=kwargs, current_app=current_app)
          ^^^^^^^^^^^^^^^^^^^^^^^^^^^^^^^^^^^^^^^^^^^^^^^^^^^^^^^^^^^^^^^^^^^^^
  File "/home/deviyan/353505_ANUFRYIEU_02/IGI/LR5/.venv/lib/python3.12/site-packages/django/urls/base.py", line 98, in reverse
    resolved_url = resolver._reverse_with_prefix(view, prefix, *args, **kwargs)
                   ^^^^^^^^^^^^^^^^^^^^^^^^^^^^^^^^^^^^^^^^^^^^^^^^^^^^^^^^^^^^
  File "/home/deviyan/353505_ANUFRYIEU_02/IGI/LR5/.venv/lib/python3.12/site-packages/django/urls/resolvers.py", line 831, in _reverse_with_prefix
    raise NoReverseMatch(msg)
django.urls.exceptions.NoReverseMatch: Reverse for 'contact_support' not found. 'contact_support' is not a valid view function or pattern name.
[2025-09-14 15:12:26,064] ERROR   django.request:248 Internal Server Error: /bookings/
Traceback (most recent call last):
  File "/home/deviyan/353505_ANUFRYIEU_02/IGI/LR5/.venv/lib/python3.12/site-packages/django/core/handlers/exception.py", line 55, in inner
    response = get_response(request)
               ^^^^^^^^^^^^^^^^^^^^^
  File "/home/deviyan/353505_ANUFRYIEU_02/IGI/LR5/.venv/lib/python3.12/site-packages/django/core/handlers/base.py", line 197, in _get_response
    response = wrapped_callback(request, *callback_args, **callback_kwargs)
               ^^^^^^^^^^^^^^^^^^^^^^^^^^^^^^^^^^^^^^^^^^^^^^^^^^^^^^^^^^^^
  File "/home/deviyan/353505_ANUFRYIEU_02/IGI/LR5/.venv/lib/python3.12/site-packages/django/contrib/auth/decorators.py", line 59, in _view_wrapper
    return view_func(request, *args, **kwargs)
           ^^^^^^^^^^^^^^^^^^^^^^^^^^^^^^^^^^^
  File "/home/deviyan/353505_ANUFRYIEU_02/IGI/LR5/hotel_project/core/views.py", line 333, in bookings_view
    return render(request, 'core/bookings.html', {
           ^^^^^^^^^^^^^^^^^^^^^^^^^^^^^^^^^^^^^^^
  File "/home/deviyan/353505_ANUFRYIEU_02/IGI/LR5/.venv/lib/python3.12/site-packages/django/shortcuts.py", line 25, in render
    content = loader.render_to_string(template_name, context, request, using=using)
              ^^^^^^^^^^^^^^^^^^^^^^^^^^^^^^^^^^^^^^^^^^^^^^^^^^^^^^^^^^^^^^^^^^^^^
  File "/home/deviyan/353505_ANUFRYIEU_02/IGI/LR5/.venv/lib/python3.12/site-packages/django/template/loader.py", line 62, in render_to_string
    return template.render(context, request)
           ^^^^^^^^^^^^^^^^^^^^^^^^^^^^^^^^^
  File "/home/deviyan/353505_ANUFRYIEU_02/IGI/LR5/.venv/lib/python3.12/site-packages/django/template/backends/django.py", line 107, in render
    return self.template.render(context)
           ^^^^^^^^^^^^^^^^^^^^^^^^^^^^^
  File "/home/deviyan/353505_ANUFRYIEU_02/IGI/LR5/.venv/lib/python3.12/site-packages/django/template/base.py", line 171, in render
    return self._render(context)
           ^^^^^^^^^^^^^^^^^^^^^
  File "/home/deviyan/353505_ANUFRYIEU_02/IGI/LR5/.venv/lib/python3.12/site-packages/django/template/base.py", line 163, in _render
    return self.nodelist.render(context)
           ^^^^^^^^^^^^^^^^^^^^^^^^^^^^^
  File "/home/deviyan/353505_ANUFRYIEU_02/IGI/LR5/.venv/lib/python3.12/site-packages/django/template/base.py", line 1016, in render
    return SafeString("".join([node.render_annotated(context) for node in self]))
                               ^^^^^^^^^^^^^^^^^^^^^^^^^^^^^^
  File "/home/deviyan/353505_ANUFRYIEU_02/IGI/LR5/.venv/lib/python3.12/site-packages/django/template/base.py", line 977, in render_annotated
    return self.render(context)
           ^^^^^^^^^^^^^^^^^^^^
  File "/home/deviyan/353505_ANUFRYIEU_02/IGI/LR5/.venv/lib/python3.12/site-packages/django/template/loader_tags.py", line 159, in render
    return compiled_parent._render(context)
           ^^^^^^^^^^^^^^^^^^^^^^^^^^^^^^^^
  File "/home/deviyan/353505_ANUFRYIEU_02/IGI/LR5/.venv/lib/python3.12/site-packages/django/template/base.py", line 163, in _render
    return self.nodelist.render(context)
           ^^^^^^^^^^^^^^^^^^^^^^^^^^^^^
  File "/home/deviyan/353505_ANUFRYIEU_02/IGI/LR5/.venv/lib/python3.12/site-packages/django/template/base.py", line 1016, in render
    return SafeString("".join([node.render_annotated(context) for node in self]))
                               ^^^^^^^^^^^^^^^^^^^^^^^^^^^^^^
  File "/home/deviyan/353505_ANUFRYIEU_02/IGI/LR5/.venv/lib/python3.12/site-packages/django/template/base.py", line 977, in render_annotated
    return self.render(context)
           ^^^^^^^^^^^^^^^^^^^^
  File "/home/deviyan/353505_ANUFRYIEU_02/IGI/LR5/.venv/lib/python3.12/site-packages/django/template/loader_tags.py", line 65, in render
    result = block.nodelist.render(context)
             ^^^^^^^^^^^^^^^^^^^^^^^^^^^^^^
  File "/home/deviyan/353505_ANUFRYIEU_02/IGI/LR5/.venv/lib/python3.12/site-packages/django/template/base.py", line 1016, in render
    return SafeString("".join([node.render_annotated(context) for node in self]))
                               ^^^^^^^^^^^^^^^^^^^^^^^^^^^^^^
  File "/home/deviyan/353505_ANUFRYIEU_02/IGI/LR5/.venv/lib/python3.12/site-packages/django/template/base.py", line 977, in render_annotated
    return self.render(context)
           ^^^^^^^^^^^^^^^^^^^^
  File "/home/deviyan/353505_ANUFRYIEU_02/IGI/LR5/.venv/lib/python3.12/site-packages/django/template/defaulttags.py", line 480, in render
    url = reverse(view_name, args=args, kwargs=kwargs, current_app=current_app)
          ^^^^^^^^^^^^^^^^^^^^^^^^^^^^^^^^^^^^^^^^^^^^^^^^^^^^^^^^^^^^^^^^^^^^^
  File "/home/deviyan/353505_ANUFRYIEU_02/IGI/LR5/.venv/lib/python3.12/site-packages/django/urls/base.py", line 98, in reverse
    resolved_url = resolver._reverse_with_prefix(view, prefix, *args, **kwargs)
                   ^^^^^^^^^^^^^^^^^^^^^^^^^^^^^^^^^^^^^^^^^^^^^^^^^^^^^^^^^^^^
  File "/home/deviyan/353505_ANUFRYIEU_02/IGI/LR5/.venv/lib/python3.12/site-packages/django/urls/resolvers.py", line 831, in _reverse_with_prefix
    raise NoReverseMatch(msg)
django.urls.exceptions.NoReverseMatch: Reverse for 'contact_support' not found. 'contact_support' is not a valid view function or pattern name.
[2025-09-14 15:17:32,804] INFO    core.views:413 Успешно получили ответ  api
[2025-09-14 15:17:33,708] ERROR   core.views:62 Foursquare API error: 429 Client Error: Too Many Requests for url: https://api.foursquare.com/v3/places/search?ll=53.911919%2C27.594950&radius=1000&limit=15&open_now=True
[2025-09-14 15:34:42,227] ERROR   django.request:248 Internal Server Error: /bookings/
Traceback (most recent call last):
  File "/home/deviyan/353505_ANUFRYIEU_02/IGI/LR5/.venv/lib/python3.12/site-packages/django/core/handlers/exception.py", line 55, in inner
    response = get_response(request)
               ^^^^^^^^^^^^^^^^^^^^^
  File "/home/deviyan/353505_ANUFRYIEU_02/IGI/LR5/.venv/lib/python3.12/site-packages/django/core/handlers/base.py", line 197, in _get_response
    response = wrapped_callback(request, *callback_args, **callback_kwargs)
               ^^^^^^^^^^^^^^^^^^^^^^^^^^^^^^^^^^^^^^^^^^^^^^^^^^^^^^^^^^^^
  File "/home/deviyan/353505_ANUFRYIEU_02/IGI/LR5/.venv/lib/python3.12/site-packages/django/contrib/auth/decorators.py", line 59, in _view_wrapper
    return view_func(request, *args, **kwargs)
           ^^^^^^^^^^^^^^^^^^^^^^^^^^^^^^^^^^^
  File "/home/deviyan/353505_ANUFRYIEU_02/IGI/LR5/hotel_project/core/views.py", line 344, in bookings_view
    return render(request, 'core/bookings.html', {
           ^^^^^^^^^^^^^^^^^^^^^^^^^^^^^^^^^^^^^^^
  File "/home/deviyan/353505_ANUFRYIEU_02/IGI/LR5/.venv/lib/python3.12/site-packages/django/shortcuts.py", line 25, in render
    content = loader.render_to_string(template_name, context, request, using=using)
              ^^^^^^^^^^^^^^^^^^^^^^^^^^^^^^^^^^^^^^^^^^^^^^^^^^^^^^^^^^^^^^^^^^^^^
  File "/home/deviyan/353505_ANUFRYIEU_02/IGI/LR5/.venv/lib/python3.12/site-packages/django/template/loader.py", line 62, in render_to_string
    return template.render(context, request)
           ^^^^^^^^^^^^^^^^^^^^^^^^^^^^^^^^^
  File "/home/deviyan/353505_ANUFRYIEU_02/IGI/LR5/.venv/lib/python3.12/site-packages/django/template/backends/django.py", line 107, in render
    return self.template.render(context)
           ^^^^^^^^^^^^^^^^^^^^^^^^^^^^^
  File "/home/deviyan/353505_ANUFRYIEU_02/IGI/LR5/.venv/lib/python3.12/site-packages/django/template/base.py", line 171, in render
    return self._render(context)
           ^^^^^^^^^^^^^^^^^^^^^
  File "/home/deviyan/353505_ANUFRYIEU_02/IGI/LR5/.venv/lib/python3.12/site-packages/django/template/base.py", line 163, in _render
    return self.nodelist.render(context)
           ^^^^^^^^^^^^^^^^^^^^^^^^^^^^^
  File "/home/deviyan/353505_ANUFRYIEU_02/IGI/LR5/.venv/lib/python3.12/site-packages/django/template/base.py", line 1016, in render
    return SafeString("".join([node.render_annotated(context) for node in self]))
                               ^^^^^^^^^^^^^^^^^^^^^^^^^^^^^^
  File "/home/deviyan/353505_ANUFRYIEU_02/IGI/LR5/.venv/lib/python3.12/site-packages/django/template/base.py", line 977, in render_annotated
    return self.render(context)
           ^^^^^^^^^^^^^^^^^^^^
  File "/home/deviyan/353505_ANUFRYIEU_02/IGI/LR5/.venv/lib/python3.12/site-packages/django/template/loader_tags.py", line 159, in render
    return compiled_parent._render(context)
           ^^^^^^^^^^^^^^^^^^^^^^^^^^^^^^^^
  File "/home/deviyan/353505_ANUFRYIEU_02/IGI/LR5/.venv/lib/python3.12/site-packages/django/template/base.py", line 163, in _render
    return self.nodelist.render(context)
           ^^^^^^^^^^^^^^^^^^^^^^^^^^^^^
  File "/home/deviyan/353505_ANUFRYIEU_02/IGI/LR5/.venv/lib/python3.12/site-packages/django/template/base.py", line 1016, in render
    return SafeString("".join([node.render_annotated(context) for node in self]))
                               ^^^^^^^^^^^^^^^^^^^^^^^^^^^^^^
  File "/home/deviyan/353505_ANUFRYIEU_02/IGI/LR5/.venv/lib/python3.12/site-packages/django/template/base.py", line 977, in render_annotated
    return self.render(context)
           ^^^^^^^^^^^^^^^^^^^^
  File "/home/deviyan/353505_ANUFRYIEU_02/IGI/LR5/.venv/lib/python3.12/site-packages/django/template/loader_tags.py", line 65, in render
    result = block.nodelist.render(context)
             ^^^^^^^^^^^^^^^^^^^^^^^^^^^^^^
  File "/home/deviyan/353505_ANUFRYIEU_02/IGI/LR5/.venv/lib/python3.12/site-packages/django/template/base.py", line 1016, in render
    return SafeString("".join([node.render_annotated(context) for node in self]))
                               ^^^^^^^^^^^^^^^^^^^^^^^^^^^^^^
  File "/home/deviyan/353505_ANUFRYIEU_02/IGI/LR5/.venv/lib/python3.12/site-packages/django/template/base.py", line 977, in render_annotated
    return self.render(context)
           ^^^^^^^^^^^^^^^^^^^^
  File "/home/deviyan/353505_ANUFRYIEU_02/IGI/LR5/.venv/lib/python3.12/site-packages/django/template/defaulttags.py", line 327, in render
    return nodelist.render(context)
           ^^^^^^^^^^^^^^^^^^^^^^^^
  File "/home/deviyan/353505_ANUFRYIEU_02/IGI/LR5/.venv/lib/python3.12/site-packages/django/template/base.py", line 1016, in render
    return SafeString("".join([node.render_annotated(context) for node in self]))
                               ^^^^^^^^^^^^^^^^^^^^^^^^^^^^^^
  File "/home/deviyan/353505_ANUFRYIEU_02/IGI/LR5/.venv/lib/python3.12/site-packages/django/template/base.py", line 977, in render_annotated
    return self.render(context)
           ^^^^^^^^^^^^^^^^^^^^
  File "/home/deviyan/353505_ANUFRYIEU_02/IGI/LR5/.venv/lib/python3.12/site-packages/django/template/defaulttags.py", line 243, in render
    nodelist.append(node.render_annotated(context))
                    ^^^^^^^^^^^^^^^^^^^^^^^^^^^^^^
  File "/home/deviyan/353505_ANUFRYIEU_02/IGI/LR5/.venv/lib/python3.12/site-packages/django/template/base.py", line 977, in render_annotated
    return self.render(context)
           ^^^^^^^^^^^^^^^^^^^^
  File "/home/deviyan/353505_ANUFRYIEU_02/IGI/LR5/.venv/lib/python3.12/site-packages/django/template/defaulttags.py", line 480, in render
    url = reverse(view_name, args=args, kwargs=kwargs, current_app=current_app)
          ^^^^^^^^^^^^^^^^^^^^^^^^^^^^^^^^^^^^^^^^^^^^^^^^^^^^^^^^^^^^^^^^^^^^^
  File "/home/deviyan/353505_ANUFRYIEU_02/IGI/LR5/.venv/lib/python3.12/site-packages/django/urls/base.py", line 98, in reverse
    resolved_url = resolver._reverse_with_prefix(view, prefix, *args, **kwargs)
                   ^^^^^^^^^^^^^^^^^^^^^^^^^^^^^^^^^^^^^^^^^^^^^^^^^^^^^^^^^^^^
  File "/home/deviyan/353505_ANUFRYIEU_02/IGI/LR5/.venv/lib/python3.12/site-packages/django/urls/resolvers.py", line 831, in _reverse_with_prefix
    raise NoReverseMatch(msg)
django.urls.exceptions.NoReverseMatch: Reverse for 'delete_unpaid_booking' not found. 'delete_unpaid_booking' is not a valid view function or pattern name.
[2025-09-14 15:47:13,048] ERROR   django.request:248 Internal Server Error: /bookings/
Traceback (most recent call last):
  File "/home/deviyan/353505_ANUFRYIEU_02/IGI/LR5/.venv/lib/python3.12/site-packages/django/core/handlers/exception.py", line 55, in inner
    response = get_response(request)
               ^^^^^^^^^^^^^^^^^^^^^
  File "/home/deviyan/353505_ANUFRYIEU_02/IGI/LR5/.venv/lib/python3.12/site-packages/django/core/handlers/base.py", line 197, in _get_response
    response = wrapped_callback(request, *callback_args, **callback_kwargs)
               ^^^^^^^^^^^^^^^^^^^^^^^^^^^^^^^^^^^^^^^^^^^^^^^^^^^^^^^^^^^^
  File "/home/deviyan/353505_ANUFRYIEU_02/IGI/LR5/.venv/lib/python3.12/site-packages/django/contrib/auth/decorators.py", line 59, in _view_wrapper
    return view_func(request, *args, **kwargs)
           ^^^^^^^^^^^^^^^^^^^^^^^^^^^^^^^^^^^
  File "/home/deviyan/353505_ANUFRYIEU_02/IGI/LR5/hotel_project/core/views.py", line 346, in bookings_view
    return render(request, 'core/bookings.html', {
           ^^^^^^^^^^^^^^^^^^^^^^^^^^^^^^^^^^^^^^^
  File "/home/deviyan/353505_ANUFRYIEU_02/IGI/LR5/.venv/lib/python3.12/site-packages/django/shortcuts.py", line 25, in render
    content = loader.render_to_string(template_name, context, request, using=using)
              ^^^^^^^^^^^^^^^^^^^^^^^^^^^^^^^^^^^^^^^^^^^^^^^^^^^^^^^^^^^^^^^^^^^^^
  File "/home/deviyan/353505_ANUFRYIEU_02/IGI/LR5/.venv/lib/python3.12/site-packages/django/template/loader.py", line 61, in render_to_string
    template = get_template(template_name, using=using)
               ^^^^^^^^^^^^^^^^^^^^^^^^^^^^^^^^^^^^^^^^
  File "/home/deviyan/353505_ANUFRYIEU_02/IGI/LR5/.venv/lib/python3.12/site-packages/django/template/loader.py", line 15, in get_template
    return engine.get_template(template_name)
           ^^^^^^^^^^^^^^^^^^^^^^^^^^^^^^^^^^
  File "/home/deviyan/353505_ANUFRYIEU_02/IGI/LR5/.venv/lib/python3.12/site-packages/django/template/backends/django.py", line 79, in get_template
    return Template(self.engine.get_template(template_name), self)
                    ^^^^^^^^^^^^^^^^^^^^^^^^^^^^^^^^^^^^^^^
  File "/home/deviyan/353505_ANUFRYIEU_02/IGI/LR5/.venv/lib/python3.12/site-packages/django/template/engine.py", line 177, in get_template
    template, origin = self.find_template(template_name)
                       ^^^^^^^^^^^^^^^^^^^^^^^^^^^^^^^^^
  File "/home/deviyan/353505_ANUFRYIEU_02/IGI/LR5/.venv/lib/python3.12/site-packages/django/template/engine.py", line 159, in find_template
    template = loader.get_template(name, skip=skip)
               ^^^^^^^^^^^^^^^^^^^^^^^^^^^^^^^^^^^^
  File "/home/deviyan/353505_ANUFRYIEU_02/IGI/LR5/.venv/lib/python3.12/site-packages/django/template/loaders/cached.py", line 57, in get_template
    template = super().get_template(template_name, skip)
               ^^^^^^^^^^^^^^^^^^^^^^^^^^^^^^^^^^^^^^^^^
  File "/home/deviyan/353505_ANUFRYIEU_02/IGI/LR5/.venv/lib/python3.12/site-packages/django/template/loaders/base.py", line 28, in get_template
    return Template(
           ^^^^^^^^^
  File "/home/deviyan/353505_ANUFRYIEU_02/IGI/LR5/.venv/lib/python3.12/site-packages/django/template/base.py", line 154, in __init__
    self.nodelist = self.compile_nodelist()
                    ^^^^^^^^^^^^^^^^^^^^^^^
  File "/home/deviyan/353505_ANUFRYIEU_02/IGI/LR5/.venv/lib/python3.12/site-packages/django/template/base.py", line 196, in compile_nodelist
    nodelist = parser.parse()
               ^^^^^^^^^^^^^^
  File "/home/deviyan/353505_ANUFRYIEU_02/IGI/LR5/.venv/lib/python3.12/site-packages/django/template/base.py", line 518, in parse
    raise self.error(token, e)
  File "/home/deviyan/353505_ANUFRYIEU_02/IGI/LR5/.venv/lib/python3.12/site-packages/django/template/base.py", line 516, in parse
    compiled_result = compile_func(self, token)
                      ^^^^^^^^^^^^^^^^^^^^^^^^^
  File "/home/deviyan/353505_ANUFRYIEU_02/IGI/LR5/.venv/lib/python3.12/site-packages/django/template/loader_tags.py", line 299, in do_extends
    nodelist = parser.parse()
               ^^^^^^^^^^^^^^
  File "/home/deviyan/353505_ANUFRYIEU_02/IGI/LR5/.venv/lib/python3.12/site-packages/django/template/base.py", line 518, in parse
    raise self.error(token, e)
  File "/home/deviyan/353505_ANUFRYIEU_02/IGI/LR5/.venv/lib/python3.12/site-packages/django/template/base.py", line 516, in parse
    compiled_result = compile_func(self, token)
                      ^^^^^^^^^^^^^^^^^^^^^^^^^
  File "/home/deviyan/353505_ANUFRYIEU_02/IGI/LR5/.venv/lib/python3.12/site-packages/django/template/loader_tags.py", line 234, in do_block
    nodelist = parser.parse(("endblock",))
               ^^^^^^^^^^^^^^^^^^^^^^^^^^^
  File "/home/deviyan/353505_ANUFRYIEU_02/IGI/LR5/.venv/lib/python3.12/site-packages/django/template/base.py", line 518, in parse
    raise self.error(token, e)
  File "/home/deviyan/353505_ANUFRYIEU_02/IGI/LR5/.venv/lib/python3.12/site-packages/django/template/base.py", line 516, in parse
    compiled_result = compile_func(self, token)
                      ^^^^^^^^^^^^^^^^^^^^^^^^^
  File "/home/deviyan/353505_ANUFRYIEU_02/IGI/LR5/.venv/lib/python3.12/site-packages/django/template/defaulttags.py", line 962, in do_if
    nodelist = parser.parse(("elif", "else", "endif"))
               ^^^^^^^^^^^^^^^^^^^^^^^^^^^^^^^^^^^^^^^
  File "/home/deviyan/353505_ANUFRYIEU_02/IGI/LR5/.venv/lib/python3.12/site-packages/django/template/base.py", line 489, in parse
    raise self.error(token, e)
  File "/home/deviyan/353505_ANUFRYIEU_02/IGI/LR5/.venv/lib/python3.12/site-packages/django/template/base.py", line 487, in parse
    filter_expression = self.compile_filter(token.contents)
                        ^^^^^^^^^^^^^^^^^^^^^^^^^^^^^^^^^^^
  File "/home/deviyan/353505_ANUFRYIEU_02/IGI/LR5/.venv/lib/python3.12/site-packages/django/template/base.py", line 609, in compile_filter
    return FilterExpression(token, self)
           ^^^^^^^^^^^^^^^^^^^^^^^^^^^^^
  File "/home/deviyan/353505_ANUFRYIEU_02/IGI/LR5/.venv/lib/python3.12/site-packages/django/template/base.py", line 710, in __init__
    raise TemplateSyntaxError(
django.template.exceptions.TemplateSyntaxError: Could not parse the remainder: '[-1]' from 'messages[-1]'
[2025-09-14 15:47:14,208] ERROR   django.request:248 Internal Server Error: /bookings/
Traceback (most recent call last):
  File "/home/deviyan/353505_ANUFRYIEU_02/IGI/LR5/.venv/lib/python3.12/site-packages/django/core/handlers/exception.py", line 55, in inner
    response = get_response(request)
               ^^^^^^^^^^^^^^^^^^^^^
  File "/home/deviyan/353505_ANUFRYIEU_02/IGI/LR5/.venv/lib/python3.12/site-packages/django/core/handlers/base.py", line 197, in _get_response
    response = wrapped_callback(request, *callback_args, **callback_kwargs)
               ^^^^^^^^^^^^^^^^^^^^^^^^^^^^^^^^^^^^^^^^^^^^^^^^^^^^^^^^^^^^
  File "/home/deviyan/353505_ANUFRYIEU_02/IGI/LR5/.venv/lib/python3.12/site-packages/django/contrib/auth/decorators.py", line 59, in _view_wrapper
    return view_func(request, *args, **kwargs)
           ^^^^^^^^^^^^^^^^^^^^^^^^^^^^^^^^^^^
  File "/home/deviyan/353505_ANUFRYIEU_02/IGI/LR5/hotel_project/core/views.py", line 346, in bookings_view
    return render(request, 'core/bookings.html', {
           ^^^^^^^^^^^^^^^^^^^^^^^^^^^^^^^^^^^^^^^
  File "/home/deviyan/353505_ANUFRYIEU_02/IGI/LR5/.venv/lib/python3.12/site-packages/django/shortcuts.py", line 25, in render
    content = loader.render_to_string(template_name, context, request, using=using)
              ^^^^^^^^^^^^^^^^^^^^^^^^^^^^^^^^^^^^^^^^^^^^^^^^^^^^^^^^^^^^^^^^^^^^^
  File "/home/deviyan/353505_ANUFRYIEU_02/IGI/LR5/.venv/lib/python3.12/site-packages/django/template/loader.py", line 61, in render_to_string
    template = get_template(template_name, using=using)
               ^^^^^^^^^^^^^^^^^^^^^^^^^^^^^^^^^^^^^^^^
  File "/home/deviyan/353505_ANUFRYIEU_02/IGI/LR5/.venv/lib/python3.12/site-packages/django/template/loader.py", line 15, in get_template
    return engine.get_template(template_name)
           ^^^^^^^^^^^^^^^^^^^^^^^^^^^^^^^^^^
  File "/home/deviyan/353505_ANUFRYIEU_02/IGI/LR5/.venv/lib/python3.12/site-packages/django/template/backends/django.py", line 79, in get_template
    return Template(self.engine.get_template(template_name), self)
                    ^^^^^^^^^^^^^^^^^^^^^^^^^^^^^^^^^^^^^^^
  File "/home/deviyan/353505_ANUFRYIEU_02/IGI/LR5/.venv/lib/python3.12/site-packages/django/template/engine.py", line 177, in get_template
    template, origin = self.find_template(template_name)
                       ^^^^^^^^^^^^^^^^^^^^^^^^^^^^^^^^^
  File "/home/deviyan/353505_ANUFRYIEU_02/IGI/LR5/.venv/lib/python3.12/site-packages/django/template/engine.py", line 159, in find_template
    template = loader.get_template(name, skip=skip)
               ^^^^^^^^^^^^^^^^^^^^^^^^^^^^^^^^^^^^
  File "/home/deviyan/353505_ANUFRYIEU_02/IGI/LR5/.venv/lib/python3.12/site-packages/django/template/loaders/cached.py", line 57, in get_template
    template = super().get_template(template_name, skip)
               ^^^^^^^^^^^^^^^^^^^^^^^^^^^^^^^^^^^^^^^^^
  File "/home/deviyan/353505_ANUFRYIEU_02/IGI/LR5/.venv/lib/python3.12/site-packages/django/template/loaders/base.py", line 28, in get_template
    return Template(
           ^^^^^^^^^
  File "/home/deviyan/353505_ANUFRYIEU_02/IGI/LR5/.venv/lib/python3.12/site-packages/django/template/base.py", line 154, in __init__
    self.nodelist = self.compile_nodelist()
                    ^^^^^^^^^^^^^^^^^^^^^^^
  File "/home/deviyan/353505_ANUFRYIEU_02/IGI/LR5/.venv/lib/python3.12/site-packages/django/template/base.py", line 196, in compile_nodelist
    nodelist = parser.parse()
               ^^^^^^^^^^^^^^
  File "/home/deviyan/353505_ANUFRYIEU_02/IGI/LR5/.venv/lib/python3.12/site-packages/django/template/base.py", line 518, in parse
    raise self.error(token, e)
  File "/home/deviyan/353505_ANUFRYIEU_02/IGI/LR5/.venv/lib/python3.12/site-packages/django/template/base.py", line 516, in parse
    compiled_result = compile_func(self, token)
                      ^^^^^^^^^^^^^^^^^^^^^^^^^
  File "/home/deviyan/353505_ANUFRYIEU_02/IGI/LR5/.venv/lib/python3.12/site-packages/django/template/loader_tags.py", line 299, in do_extends
    nodelist = parser.parse()
               ^^^^^^^^^^^^^^
  File "/home/deviyan/353505_ANUFRYIEU_02/IGI/LR5/.venv/lib/python3.12/site-packages/django/template/base.py", line 518, in parse
    raise self.error(token, e)
  File "/home/deviyan/353505_ANUFRYIEU_02/IGI/LR5/.venv/lib/python3.12/site-packages/django/template/base.py", line 516, in parse
    compiled_result = compile_func(self, token)
                      ^^^^^^^^^^^^^^^^^^^^^^^^^
  File "/home/deviyan/353505_ANUFRYIEU_02/IGI/LR5/.venv/lib/python3.12/site-packages/django/template/loader_tags.py", line 234, in do_block
    nodelist = parser.parse(("endblock",))
               ^^^^^^^^^^^^^^^^^^^^^^^^^^^
  File "/home/deviyan/353505_ANUFRYIEU_02/IGI/LR5/.venv/lib/python3.12/site-packages/django/template/base.py", line 518, in parse
    raise self.error(token, e)
  File "/home/deviyan/353505_ANUFRYIEU_02/IGI/LR5/.venv/lib/python3.12/site-packages/django/template/base.py", line 516, in parse
    compiled_result = compile_func(self, token)
                      ^^^^^^^^^^^^^^^^^^^^^^^^^
  File "/home/deviyan/353505_ANUFRYIEU_02/IGI/LR5/.venv/lib/python3.12/site-packages/django/template/defaulttags.py", line 962, in do_if
    nodelist = parser.parse(("elif", "else", "endif"))
               ^^^^^^^^^^^^^^^^^^^^^^^^^^^^^^^^^^^^^^^
  File "/home/deviyan/353505_ANUFRYIEU_02/IGI/LR5/.venv/lib/python3.12/site-packages/django/template/base.py", line 489, in parse
    raise self.error(token, e)
  File "/home/deviyan/353505_ANUFRYIEU_02/IGI/LR5/.venv/lib/python3.12/site-packages/django/template/base.py", line 487, in parse
    filter_expression = self.compile_filter(token.contents)
                        ^^^^^^^^^^^^^^^^^^^^^^^^^^^^^^^^^^^
  File "/home/deviyan/353505_ANUFRYIEU_02/IGI/LR5/.venv/lib/python3.12/site-packages/django/template/base.py", line 609, in compile_filter
    return FilterExpression(token, self)
           ^^^^^^^^^^^^^^^^^^^^^^^^^^^^^
  File "/home/deviyan/353505_ANUFRYIEU_02/IGI/LR5/.venv/lib/python3.12/site-packages/django/template/base.py", line 710, in __init__
    raise TemplateSyntaxError(
django.template.exceptions.TemplateSyntaxError: Could not parse the remainder: '[-1]' from 'messages[-1]'
[2025-09-14 15:47:14,752] ERROR   django.request:248 Internal Server Error: /bookings/
Traceback (most recent call last):
  File "/home/deviyan/353505_ANUFRYIEU_02/IGI/LR5/.venv/lib/python3.12/site-packages/django/core/handlers/exception.py", line 55, in inner
    response = get_response(request)
               ^^^^^^^^^^^^^^^^^^^^^
  File "/home/deviyan/353505_ANUFRYIEU_02/IGI/LR5/.venv/lib/python3.12/site-packages/django/core/handlers/base.py", line 197, in _get_response
    response = wrapped_callback(request, *callback_args, **callback_kwargs)
               ^^^^^^^^^^^^^^^^^^^^^^^^^^^^^^^^^^^^^^^^^^^^^^^^^^^^^^^^^^^^
  File "/home/deviyan/353505_ANUFRYIEU_02/IGI/LR5/.venv/lib/python3.12/site-packages/django/contrib/auth/decorators.py", line 59, in _view_wrapper
    return view_func(request, *args, **kwargs)
           ^^^^^^^^^^^^^^^^^^^^^^^^^^^^^^^^^^^
  File "/home/deviyan/353505_ANUFRYIEU_02/IGI/LR5/hotel_project/core/views.py", line 346, in bookings_view
    return render(request, 'core/bookings.html', {
           ^^^^^^^^^^^^^^^^^^^^^^^^^^^^^^^^^^^^^^^
  File "/home/deviyan/353505_ANUFRYIEU_02/IGI/LR5/.venv/lib/python3.12/site-packages/django/shortcuts.py", line 25, in render
    content = loader.render_to_string(template_name, context, request, using=using)
              ^^^^^^^^^^^^^^^^^^^^^^^^^^^^^^^^^^^^^^^^^^^^^^^^^^^^^^^^^^^^^^^^^^^^^
  File "/home/deviyan/353505_ANUFRYIEU_02/IGI/LR5/.venv/lib/python3.12/site-packages/django/template/loader.py", line 61, in render_to_string
    template = get_template(template_name, using=using)
               ^^^^^^^^^^^^^^^^^^^^^^^^^^^^^^^^^^^^^^^^
  File "/home/deviyan/353505_ANUFRYIEU_02/IGI/LR5/.venv/lib/python3.12/site-packages/django/template/loader.py", line 15, in get_template
    return engine.get_template(template_name)
           ^^^^^^^^^^^^^^^^^^^^^^^^^^^^^^^^^^
  File "/home/deviyan/353505_ANUFRYIEU_02/IGI/LR5/.venv/lib/python3.12/site-packages/django/template/backends/django.py", line 79, in get_template
    return Template(self.engine.get_template(template_name), self)
                    ^^^^^^^^^^^^^^^^^^^^^^^^^^^^^^^^^^^^^^^
  File "/home/deviyan/353505_ANUFRYIEU_02/IGI/LR5/.venv/lib/python3.12/site-packages/django/template/engine.py", line 177, in get_template
    template, origin = self.find_template(template_name)
                       ^^^^^^^^^^^^^^^^^^^^^^^^^^^^^^^^^
  File "/home/deviyan/353505_ANUFRYIEU_02/IGI/LR5/.venv/lib/python3.12/site-packages/django/template/engine.py", line 159, in find_template
    template = loader.get_template(name, skip=skip)
               ^^^^^^^^^^^^^^^^^^^^^^^^^^^^^^^^^^^^
  File "/home/deviyan/353505_ANUFRYIEU_02/IGI/LR5/.venv/lib/python3.12/site-packages/django/template/loaders/cached.py", line 57, in get_template
    template = super().get_template(template_name, skip)
               ^^^^^^^^^^^^^^^^^^^^^^^^^^^^^^^^^^^^^^^^^
  File "/home/deviyan/353505_ANUFRYIEU_02/IGI/LR5/.venv/lib/python3.12/site-packages/django/template/loaders/base.py", line 28, in get_template
    return Template(
           ^^^^^^^^^
  File "/home/deviyan/353505_ANUFRYIEU_02/IGI/LR5/.venv/lib/python3.12/site-packages/django/template/base.py", line 154, in __init__
    self.nodelist = self.compile_nodelist()
                    ^^^^^^^^^^^^^^^^^^^^^^^
  File "/home/deviyan/353505_ANUFRYIEU_02/IGI/LR5/.venv/lib/python3.12/site-packages/django/template/base.py", line 196, in compile_nodelist
    nodelist = parser.parse()
               ^^^^^^^^^^^^^^
  File "/home/deviyan/353505_ANUFRYIEU_02/IGI/LR5/.venv/lib/python3.12/site-packages/django/template/base.py", line 518, in parse
    raise self.error(token, e)
  File "/home/deviyan/353505_ANUFRYIEU_02/IGI/LR5/.venv/lib/python3.12/site-packages/django/template/base.py", line 516, in parse
    compiled_result = compile_func(self, token)
                      ^^^^^^^^^^^^^^^^^^^^^^^^^
  File "/home/deviyan/353505_ANUFRYIEU_02/IGI/LR5/.venv/lib/python3.12/site-packages/django/template/loader_tags.py", line 299, in do_extends
    nodelist = parser.parse()
               ^^^^^^^^^^^^^^
  File "/home/deviyan/353505_ANUFRYIEU_02/IGI/LR5/.venv/lib/python3.12/site-packages/django/template/base.py", line 518, in parse
    raise self.error(token, e)
  File "/home/deviyan/353505_ANUFRYIEU_02/IGI/LR5/.venv/lib/python3.12/site-packages/django/template/base.py", line 516, in parse
    compiled_result = compile_func(self, token)
                      ^^^^^^^^^^^^^^^^^^^^^^^^^
  File "/home/deviyan/353505_ANUFRYIEU_02/IGI/LR5/.venv/lib/python3.12/site-packages/django/template/loader_tags.py", line 234, in do_block
    nodelist = parser.parse(("endblock",))
               ^^^^^^^^^^^^^^^^^^^^^^^^^^^
  File "/home/deviyan/353505_ANUFRYIEU_02/IGI/LR5/.venv/lib/python3.12/site-packages/django/template/base.py", line 518, in parse
    raise self.error(token, e)
  File "/home/deviyan/353505_ANUFRYIEU_02/IGI/LR5/.venv/lib/python3.12/site-packages/django/template/base.py", line 516, in parse
    compiled_result = compile_func(self, token)
                      ^^^^^^^^^^^^^^^^^^^^^^^^^
  File "/home/deviyan/353505_ANUFRYIEU_02/IGI/LR5/.venv/lib/python3.12/site-packages/django/template/defaulttags.py", line 962, in do_if
    nodelist = parser.parse(("elif", "else", "endif"))
               ^^^^^^^^^^^^^^^^^^^^^^^^^^^^^^^^^^^^^^^
  File "/home/deviyan/353505_ANUFRYIEU_02/IGI/LR5/.venv/lib/python3.12/site-packages/django/template/base.py", line 489, in parse
    raise self.error(token, e)
  File "/home/deviyan/353505_ANUFRYIEU_02/IGI/LR5/.venv/lib/python3.12/site-packages/django/template/base.py", line 487, in parse
    filter_expression = self.compile_filter(token.contents)
                        ^^^^^^^^^^^^^^^^^^^^^^^^^^^^^^^^^^^
  File "/home/deviyan/353505_ANUFRYIEU_02/IGI/LR5/.venv/lib/python3.12/site-packages/django/template/base.py", line 609, in compile_filter
    return FilterExpression(token, self)
           ^^^^^^^^^^^^^^^^^^^^^^^^^^^^^
  File "/home/deviyan/353505_ANUFRYIEU_02/IGI/LR5/.venv/lib/python3.12/site-packages/django/template/base.py", line 710, in __init__
    raise TemplateSyntaxError(
django.template.exceptions.TemplateSyntaxError: Could not parse the remainder: '[-1]' from 'messages[-1]'
[2025-09-14 15:47:15,297] ERROR   django.request:248 Internal Server Error: /bookings/
Traceback (most recent call last):
  File "/home/deviyan/353505_ANUFRYIEU_02/IGI/LR5/.venv/lib/python3.12/site-packages/django/core/handlers/exception.py", line 55, in inner
    response = get_response(request)
               ^^^^^^^^^^^^^^^^^^^^^
  File "/home/deviyan/353505_ANUFRYIEU_02/IGI/LR5/.venv/lib/python3.12/site-packages/django/core/handlers/base.py", line 197, in _get_response
    response = wrapped_callback(request, *callback_args, **callback_kwargs)
               ^^^^^^^^^^^^^^^^^^^^^^^^^^^^^^^^^^^^^^^^^^^^^^^^^^^^^^^^^^^^
  File "/home/deviyan/353505_ANUFRYIEU_02/IGI/LR5/.venv/lib/python3.12/site-packages/django/contrib/auth/decorators.py", line 59, in _view_wrapper
    return view_func(request, *args, **kwargs)
           ^^^^^^^^^^^^^^^^^^^^^^^^^^^^^^^^^^^
  File "/home/deviyan/353505_ANUFRYIEU_02/IGI/LR5/hotel_project/core/views.py", line 346, in bookings_view
    return render(request, 'core/bookings.html', {
           ^^^^^^^^^^^^^^^^^^^^^^^^^^^^^^^^^^^^^^^
  File "/home/deviyan/353505_ANUFRYIEU_02/IGI/LR5/.venv/lib/python3.12/site-packages/django/shortcuts.py", line 25, in render
    content = loader.render_to_string(template_name, context, request, using=using)
              ^^^^^^^^^^^^^^^^^^^^^^^^^^^^^^^^^^^^^^^^^^^^^^^^^^^^^^^^^^^^^^^^^^^^^
  File "/home/deviyan/353505_ANUFRYIEU_02/IGI/LR5/.venv/lib/python3.12/site-packages/django/template/loader.py", line 61, in render_to_string
    template = get_template(template_name, using=using)
               ^^^^^^^^^^^^^^^^^^^^^^^^^^^^^^^^^^^^^^^^
  File "/home/deviyan/353505_ANUFRYIEU_02/IGI/LR5/.venv/lib/python3.12/site-packages/django/template/loader.py", line 15, in get_template
    return engine.get_template(template_name)
           ^^^^^^^^^^^^^^^^^^^^^^^^^^^^^^^^^^
  File "/home/deviyan/353505_ANUFRYIEU_02/IGI/LR5/.venv/lib/python3.12/site-packages/django/template/backends/django.py", line 79, in get_template
    return Template(self.engine.get_template(template_name), self)
                    ^^^^^^^^^^^^^^^^^^^^^^^^^^^^^^^^^^^^^^^
  File "/home/deviyan/353505_ANUFRYIEU_02/IGI/LR5/.venv/lib/python3.12/site-packages/django/template/engine.py", line 177, in get_template
    template, origin = self.find_template(template_name)
                       ^^^^^^^^^^^^^^^^^^^^^^^^^^^^^^^^^
  File "/home/deviyan/353505_ANUFRYIEU_02/IGI/LR5/.venv/lib/python3.12/site-packages/django/template/engine.py", line 159, in find_template
    template = loader.get_template(name, skip=skip)
               ^^^^^^^^^^^^^^^^^^^^^^^^^^^^^^^^^^^^
  File "/home/deviyan/353505_ANUFRYIEU_02/IGI/LR5/.venv/lib/python3.12/site-packages/django/template/loaders/cached.py", line 57, in get_template
    template = super().get_template(template_name, skip)
               ^^^^^^^^^^^^^^^^^^^^^^^^^^^^^^^^^^^^^^^^^
  File "/home/deviyan/353505_ANUFRYIEU_02/IGI/LR5/.venv/lib/python3.12/site-packages/django/template/loaders/base.py", line 28, in get_template
    return Template(
           ^^^^^^^^^
  File "/home/deviyan/353505_ANUFRYIEU_02/IGI/LR5/.venv/lib/python3.12/site-packages/django/template/base.py", line 154, in __init__
    self.nodelist = self.compile_nodelist()
                    ^^^^^^^^^^^^^^^^^^^^^^^
  File "/home/deviyan/353505_ANUFRYIEU_02/IGI/LR5/.venv/lib/python3.12/site-packages/django/template/base.py", line 196, in compile_nodelist
    nodelist = parser.parse()
               ^^^^^^^^^^^^^^
  File "/home/deviyan/353505_ANUFRYIEU_02/IGI/LR5/.venv/lib/python3.12/site-packages/django/template/base.py", line 518, in parse
    raise self.error(token, e)
  File "/home/deviyan/353505_ANUFRYIEU_02/IGI/LR5/.venv/lib/python3.12/site-packages/django/template/base.py", line 516, in parse
    compiled_result = compile_func(self, token)
                      ^^^^^^^^^^^^^^^^^^^^^^^^^
  File "/home/deviyan/353505_ANUFRYIEU_02/IGI/LR5/.venv/lib/python3.12/site-packages/django/template/loader_tags.py", line 299, in do_extends
    nodelist = parser.parse()
               ^^^^^^^^^^^^^^
  File "/home/deviyan/353505_ANUFRYIEU_02/IGI/LR5/.venv/lib/python3.12/site-packages/django/template/base.py", line 518, in parse
    raise self.error(token, e)
  File "/home/deviyan/353505_ANUFRYIEU_02/IGI/LR5/.venv/lib/python3.12/site-packages/django/template/base.py", line 516, in parse
    compiled_result = compile_func(self, token)
                      ^^^^^^^^^^^^^^^^^^^^^^^^^
  File "/home/deviyan/353505_ANUFRYIEU_02/IGI/LR5/.venv/lib/python3.12/site-packages/django/template/loader_tags.py", line 234, in do_block
    nodelist = parser.parse(("endblock",))
               ^^^^^^^^^^^^^^^^^^^^^^^^^^^
  File "/home/deviyan/353505_ANUFRYIEU_02/IGI/LR5/.venv/lib/python3.12/site-packages/django/template/base.py", line 518, in parse
    raise self.error(token, e)
  File "/home/deviyan/353505_ANUFRYIEU_02/IGI/LR5/.venv/lib/python3.12/site-packages/django/template/base.py", line 516, in parse
    compiled_result = compile_func(self, token)
                      ^^^^^^^^^^^^^^^^^^^^^^^^^
  File "/home/deviyan/353505_ANUFRYIEU_02/IGI/LR5/.venv/lib/python3.12/site-packages/django/template/defaulttags.py", line 962, in do_if
    nodelist = parser.parse(("elif", "else", "endif"))
               ^^^^^^^^^^^^^^^^^^^^^^^^^^^^^^^^^^^^^^^
  File "/home/deviyan/353505_ANUFRYIEU_02/IGI/LR5/.venv/lib/python3.12/site-packages/django/template/base.py", line 489, in parse
    raise self.error(token, e)
  File "/home/deviyan/353505_ANUFRYIEU_02/IGI/LR5/.venv/lib/python3.12/site-packages/django/template/base.py", line 487, in parse
    filter_expression = self.compile_filter(token.contents)
                        ^^^^^^^^^^^^^^^^^^^^^^^^^^^^^^^^^^^
  File "/home/deviyan/353505_ANUFRYIEU_02/IGI/LR5/.venv/lib/python3.12/site-packages/django/template/base.py", line 609, in compile_filter
    return FilterExpression(token, self)
           ^^^^^^^^^^^^^^^^^^^^^^^^^^^^^
  File "/home/deviyan/353505_ANUFRYIEU_02/IGI/LR5/.venv/lib/python3.12/site-packages/django/template/base.py", line 710, in __init__
    raise TemplateSyntaxError(
django.template.exceptions.TemplateSyntaxError: Could not parse the remainder: '[-1]' from 'messages[-1]'
[2025-09-14 15:47:15,820] ERROR   django.request:248 Internal Server Error: /bookings/
Traceback (most recent call last):
  File "/home/deviyan/353505_ANUFRYIEU_02/IGI/LR5/.venv/lib/python3.12/site-packages/django/core/handlers/exception.py", line 55, in inner
    response = get_response(request)
               ^^^^^^^^^^^^^^^^^^^^^
  File "/home/deviyan/353505_ANUFRYIEU_02/IGI/LR5/.venv/lib/python3.12/site-packages/django/core/handlers/base.py", line 197, in _get_response
    response = wrapped_callback(request, *callback_args, **callback_kwargs)
               ^^^^^^^^^^^^^^^^^^^^^^^^^^^^^^^^^^^^^^^^^^^^^^^^^^^^^^^^^^^^
  File "/home/deviyan/353505_ANUFRYIEU_02/IGI/LR5/.venv/lib/python3.12/site-packages/django/contrib/auth/decorators.py", line 59, in _view_wrapper
    return view_func(request, *args, **kwargs)
           ^^^^^^^^^^^^^^^^^^^^^^^^^^^^^^^^^^^
  File "/home/deviyan/353505_ANUFRYIEU_02/IGI/LR5/hotel_project/core/views.py", line 346, in bookings_view
    return render(request, 'core/bookings.html', {
           ^^^^^^^^^^^^^^^^^^^^^^^^^^^^^^^^^^^^^^^
  File "/home/deviyan/353505_ANUFRYIEU_02/IGI/LR5/.venv/lib/python3.12/site-packages/django/shortcuts.py", line 25, in render
    content = loader.render_to_string(template_name, context, request, using=using)
              ^^^^^^^^^^^^^^^^^^^^^^^^^^^^^^^^^^^^^^^^^^^^^^^^^^^^^^^^^^^^^^^^^^^^^
  File "/home/deviyan/353505_ANUFRYIEU_02/IGI/LR5/.venv/lib/python3.12/site-packages/django/template/loader.py", line 61, in render_to_string
    template = get_template(template_name, using=using)
               ^^^^^^^^^^^^^^^^^^^^^^^^^^^^^^^^^^^^^^^^
  File "/home/deviyan/353505_ANUFRYIEU_02/IGI/LR5/.venv/lib/python3.12/site-packages/django/template/loader.py", line 15, in get_template
    return engine.get_template(template_name)
           ^^^^^^^^^^^^^^^^^^^^^^^^^^^^^^^^^^
  File "/home/deviyan/353505_ANUFRYIEU_02/IGI/LR5/.venv/lib/python3.12/site-packages/django/template/backends/django.py", line 79, in get_template
    return Template(self.engine.get_template(template_name), self)
                    ^^^^^^^^^^^^^^^^^^^^^^^^^^^^^^^^^^^^^^^
  File "/home/deviyan/353505_ANUFRYIEU_02/IGI/LR5/.venv/lib/python3.12/site-packages/django/template/engine.py", line 177, in get_template
    template, origin = self.find_template(template_name)
                       ^^^^^^^^^^^^^^^^^^^^^^^^^^^^^^^^^
  File "/home/deviyan/353505_ANUFRYIEU_02/IGI/LR5/.venv/lib/python3.12/site-packages/django/template/engine.py", line 159, in find_template
    template = loader.get_template(name, skip=skip)
               ^^^^^^^^^^^^^^^^^^^^^^^^^^^^^^^^^^^^
  File "/home/deviyan/353505_ANUFRYIEU_02/IGI/LR5/.venv/lib/python3.12/site-packages/django/template/loaders/cached.py", line 57, in get_template
    template = super().get_template(template_name, skip)
               ^^^^^^^^^^^^^^^^^^^^^^^^^^^^^^^^^^^^^^^^^
  File "/home/deviyan/353505_ANUFRYIEU_02/IGI/LR5/.venv/lib/python3.12/site-packages/django/template/loaders/base.py", line 28, in get_template
    return Template(
           ^^^^^^^^^
  File "/home/deviyan/353505_ANUFRYIEU_02/IGI/LR5/.venv/lib/python3.12/site-packages/django/template/base.py", line 154, in __init__
    self.nodelist = self.compile_nodelist()
                    ^^^^^^^^^^^^^^^^^^^^^^^
  File "/home/deviyan/353505_ANUFRYIEU_02/IGI/LR5/.venv/lib/python3.12/site-packages/django/template/base.py", line 196, in compile_nodelist
    nodelist = parser.parse()
               ^^^^^^^^^^^^^^
  File "/home/deviyan/353505_ANUFRYIEU_02/IGI/LR5/.venv/lib/python3.12/site-packages/django/template/base.py", line 518, in parse
    raise self.error(token, e)
  File "/home/deviyan/353505_ANUFRYIEU_02/IGI/LR5/.venv/lib/python3.12/site-packages/django/template/base.py", line 516, in parse
    compiled_result = compile_func(self, token)
                      ^^^^^^^^^^^^^^^^^^^^^^^^^
  File "/home/deviyan/353505_ANUFRYIEU_02/IGI/LR5/.venv/lib/python3.12/site-packages/django/template/loader_tags.py", line 299, in do_extends
    nodelist = parser.parse()
               ^^^^^^^^^^^^^^
  File "/home/deviyan/353505_ANUFRYIEU_02/IGI/LR5/.venv/lib/python3.12/site-packages/django/template/base.py", line 518, in parse
    raise self.error(token, e)
  File "/home/deviyan/353505_ANUFRYIEU_02/IGI/LR5/.venv/lib/python3.12/site-packages/django/template/base.py", line 516, in parse
    compiled_result = compile_func(self, token)
                      ^^^^^^^^^^^^^^^^^^^^^^^^^
  File "/home/deviyan/353505_ANUFRYIEU_02/IGI/LR5/.venv/lib/python3.12/site-packages/django/template/loader_tags.py", line 234, in do_block
    nodelist = parser.parse(("endblock",))
               ^^^^^^^^^^^^^^^^^^^^^^^^^^^
  File "/home/deviyan/353505_ANUFRYIEU_02/IGI/LR5/.venv/lib/python3.12/site-packages/django/template/base.py", line 518, in parse
    raise self.error(token, e)
  File "/home/deviyan/353505_ANUFRYIEU_02/IGI/LR5/.venv/lib/python3.12/site-packages/django/template/base.py", line 516, in parse
    compiled_result = compile_func(self, token)
                      ^^^^^^^^^^^^^^^^^^^^^^^^^
  File "/home/deviyan/353505_ANUFRYIEU_02/IGI/LR5/.venv/lib/python3.12/site-packages/django/template/defaulttags.py", line 962, in do_if
    nodelist = parser.parse(("elif", "else", "endif"))
               ^^^^^^^^^^^^^^^^^^^^^^^^^^^^^^^^^^^^^^^
  File "/home/deviyan/353505_ANUFRYIEU_02/IGI/LR5/.venv/lib/python3.12/site-packages/django/template/base.py", line 489, in parse
    raise self.error(token, e)
  File "/home/deviyan/353505_ANUFRYIEU_02/IGI/LR5/.venv/lib/python3.12/site-packages/django/template/base.py", line 487, in parse
    filter_expression = self.compile_filter(token.contents)
                        ^^^^^^^^^^^^^^^^^^^^^^^^^^^^^^^^^^^
  File "/home/deviyan/353505_ANUFRYIEU_02/IGI/LR5/.venv/lib/python3.12/site-packages/django/template/base.py", line 609, in compile_filter
    return FilterExpression(token, self)
           ^^^^^^^^^^^^^^^^^^^^^^^^^^^^^
  File "/home/deviyan/353505_ANUFRYIEU_02/IGI/LR5/.venv/lib/python3.12/site-packages/django/template/base.py", line 710, in __init__
    raise TemplateSyntaxError(
django.template.exceptions.TemplateSyntaxError: Could not parse the remainder: '[-1]' from 'messages[-1]'
[2025-09-14 15:47:29,211] ERROR   django.request:248 Internal Server Error: /bookings/
Traceback (most recent call last):
  File "/home/deviyan/353505_ANUFRYIEU_02/IGI/LR5/.venv/lib/python3.12/site-packages/django/core/handlers/exception.py", line 55, in inner
    response = get_response(request)
               ^^^^^^^^^^^^^^^^^^^^^
  File "/home/deviyan/353505_ANUFRYIEU_02/IGI/LR5/.venv/lib/python3.12/site-packages/django/core/handlers/base.py", line 197, in _get_response
    response = wrapped_callback(request, *callback_args, **callback_kwargs)
               ^^^^^^^^^^^^^^^^^^^^^^^^^^^^^^^^^^^^^^^^^^^^^^^^^^^^^^^^^^^^
  File "/home/deviyan/353505_ANUFRYIEU_02/IGI/LR5/.venv/lib/python3.12/site-packages/django/contrib/auth/decorators.py", line 59, in _view_wrapper
    return view_func(request, *args, **kwargs)
           ^^^^^^^^^^^^^^^^^^^^^^^^^^^^^^^^^^^
  File "/home/deviyan/353505_ANUFRYIEU_02/IGI/LR5/hotel_project/core/views.py", line 346, in bookings_view
    return render(request, 'core/bookings.html', {
           ^^^^^^^^^^^^^^^^^^^^^^^^^^^^^^^^^^^^^^^
  File "/home/deviyan/353505_ANUFRYIEU_02/IGI/LR5/.venv/lib/python3.12/site-packages/django/shortcuts.py", line 25, in render
    content = loader.render_to_string(template_name, context, request, using=using)
              ^^^^^^^^^^^^^^^^^^^^^^^^^^^^^^^^^^^^^^^^^^^^^^^^^^^^^^^^^^^^^^^^^^^^^
  File "/home/deviyan/353505_ANUFRYIEU_02/IGI/LR5/.venv/lib/python3.12/site-packages/django/template/loader.py", line 61, in render_to_string
    template = get_template(template_name, using=using)
               ^^^^^^^^^^^^^^^^^^^^^^^^^^^^^^^^^^^^^^^^
  File "/home/deviyan/353505_ANUFRYIEU_02/IGI/LR5/.venv/lib/python3.12/site-packages/django/template/loader.py", line 15, in get_template
    return engine.get_template(template_name)
           ^^^^^^^^^^^^^^^^^^^^^^^^^^^^^^^^^^
  File "/home/deviyan/353505_ANUFRYIEU_02/IGI/LR5/.venv/lib/python3.12/site-packages/django/template/backends/django.py", line 79, in get_template
    return Template(self.engine.get_template(template_name), self)
                    ^^^^^^^^^^^^^^^^^^^^^^^^^^^^^^^^^^^^^^^
  File "/home/deviyan/353505_ANUFRYIEU_02/IGI/LR5/.venv/lib/python3.12/site-packages/django/template/engine.py", line 177, in get_template
    template, origin = self.find_template(template_name)
                       ^^^^^^^^^^^^^^^^^^^^^^^^^^^^^^^^^
  File "/home/deviyan/353505_ANUFRYIEU_02/IGI/LR5/.venv/lib/python3.12/site-packages/django/template/engine.py", line 159, in find_template
    template = loader.get_template(name, skip=skip)
               ^^^^^^^^^^^^^^^^^^^^^^^^^^^^^^^^^^^^
  File "/home/deviyan/353505_ANUFRYIEU_02/IGI/LR5/.venv/lib/python3.12/site-packages/django/template/loaders/cached.py", line 57, in get_template
    template = super().get_template(template_name, skip)
               ^^^^^^^^^^^^^^^^^^^^^^^^^^^^^^^^^^^^^^^^^
  File "/home/deviyan/353505_ANUFRYIEU_02/IGI/LR5/.venv/lib/python3.12/site-packages/django/template/loaders/base.py", line 28, in get_template
    return Template(
           ^^^^^^^^^
  File "/home/deviyan/353505_ANUFRYIEU_02/IGI/LR5/.venv/lib/python3.12/site-packages/django/template/base.py", line 154, in __init__
    self.nodelist = self.compile_nodelist()
                    ^^^^^^^^^^^^^^^^^^^^^^^
  File "/home/deviyan/353505_ANUFRYIEU_02/IGI/LR5/.venv/lib/python3.12/site-packages/django/template/base.py", line 196, in compile_nodelist
    nodelist = parser.parse()
               ^^^^^^^^^^^^^^
  File "/home/deviyan/353505_ANUFRYIEU_02/IGI/LR5/.venv/lib/python3.12/site-packages/django/template/base.py", line 518, in parse
    raise self.error(token, e)
  File "/home/deviyan/353505_ANUFRYIEU_02/IGI/LR5/.venv/lib/python3.12/site-packages/django/template/base.py", line 516, in parse
    compiled_result = compile_func(self, token)
                      ^^^^^^^^^^^^^^^^^^^^^^^^^
  File "/home/deviyan/353505_ANUFRYIEU_02/IGI/LR5/.venv/lib/python3.12/site-packages/django/template/loader_tags.py", line 299, in do_extends
    nodelist = parser.parse()
               ^^^^^^^^^^^^^^
  File "/home/deviyan/353505_ANUFRYIEU_02/IGI/LR5/.venv/lib/python3.12/site-packages/django/template/base.py", line 518, in parse
    raise self.error(token, e)
  File "/home/deviyan/353505_ANUFRYIEU_02/IGI/LR5/.venv/lib/python3.12/site-packages/django/template/base.py", line 516, in parse
    compiled_result = compile_func(self, token)
                      ^^^^^^^^^^^^^^^^^^^^^^^^^
  File "/home/deviyan/353505_ANUFRYIEU_02/IGI/LR5/.venv/lib/python3.12/site-packages/django/template/loader_tags.py", line 234, in do_block
    nodelist = parser.parse(("endblock",))
               ^^^^^^^^^^^^^^^^^^^^^^^^^^^
  File "/home/deviyan/353505_ANUFRYIEU_02/IGI/LR5/.venv/lib/python3.12/site-packages/django/template/base.py", line 518, in parse
    raise self.error(token, e)
  File "/home/deviyan/353505_ANUFRYIEU_02/IGI/LR5/.venv/lib/python3.12/site-packages/django/template/base.py", line 516, in parse
    compiled_result = compile_func(self, token)
                      ^^^^^^^^^^^^^^^^^^^^^^^^^
  File "/home/deviyan/353505_ANUFRYIEU_02/IGI/LR5/.venv/lib/python3.12/site-packages/django/template/defaulttags.py", line 962, in do_if
    nodelist = parser.parse(("elif", "else", "endif"))
               ^^^^^^^^^^^^^^^^^^^^^^^^^^^^^^^^^^^^^^^
  File "/home/deviyan/353505_ANUFRYIEU_02/IGI/LR5/.venv/lib/python3.12/site-packages/django/template/base.py", line 489, in parse
    raise self.error(token, e)
  File "/home/deviyan/353505_ANUFRYIEU_02/IGI/LR5/.venv/lib/python3.12/site-packages/django/template/base.py", line 487, in parse
    filter_expression = self.compile_filter(token.contents)
                        ^^^^^^^^^^^^^^^^^^^^^^^^^^^^^^^^^^^
  File "/home/deviyan/353505_ANUFRYIEU_02/IGI/LR5/.venv/lib/python3.12/site-packages/django/template/base.py", line 609, in compile_filter
    return FilterExpression(token, self)
           ^^^^^^^^^^^^^^^^^^^^^^^^^^^^^
  File "/home/deviyan/353505_ANUFRYIEU_02/IGI/LR5/.venv/lib/python3.12/site-packages/django/template/base.py", line 710, in __init__
    raise TemplateSyntaxError(
django.template.exceptions.TemplateSyntaxError: Could not parse the remainder: '[-1]' from 'messages[-1]'
[2025-09-14 15:47:29,945] ERROR   django.request:248 Internal Server Error: /bookings/
Traceback (most recent call last):
  File "/home/deviyan/353505_ANUFRYIEU_02/IGI/LR5/.venv/lib/python3.12/site-packages/django/core/handlers/exception.py", line 55, in inner
    response = get_response(request)
               ^^^^^^^^^^^^^^^^^^^^^
  File "/home/deviyan/353505_ANUFRYIEU_02/IGI/LR5/.venv/lib/python3.12/site-packages/django/core/handlers/base.py", line 197, in _get_response
    response = wrapped_callback(request, *callback_args, **callback_kwargs)
               ^^^^^^^^^^^^^^^^^^^^^^^^^^^^^^^^^^^^^^^^^^^^^^^^^^^^^^^^^^^^
  File "/home/deviyan/353505_ANUFRYIEU_02/IGI/LR5/.venv/lib/python3.12/site-packages/django/contrib/auth/decorators.py", line 59, in _view_wrapper
    return view_func(request, *args, **kwargs)
           ^^^^^^^^^^^^^^^^^^^^^^^^^^^^^^^^^^^
  File "/home/deviyan/353505_ANUFRYIEU_02/IGI/LR5/hotel_project/core/views.py", line 346, in bookings_view
    return render(request, 'core/bookings.html', {
           ^^^^^^^^^^^^^^^^^^^^^^^^^^^^^^^^^^^^^^^
  File "/home/deviyan/353505_ANUFRYIEU_02/IGI/LR5/.venv/lib/python3.12/site-packages/django/shortcuts.py", line 25, in render
    content = loader.render_to_string(template_name, context, request, using=using)
              ^^^^^^^^^^^^^^^^^^^^^^^^^^^^^^^^^^^^^^^^^^^^^^^^^^^^^^^^^^^^^^^^^^^^^
  File "/home/deviyan/353505_ANUFRYIEU_02/IGI/LR5/.venv/lib/python3.12/site-packages/django/template/loader.py", line 61, in render_to_string
    template = get_template(template_name, using=using)
               ^^^^^^^^^^^^^^^^^^^^^^^^^^^^^^^^^^^^^^^^
  File "/home/deviyan/353505_ANUFRYIEU_02/IGI/LR5/.venv/lib/python3.12/site-packages/django/template/loader.py", line 15, in get_template
    return engine.get_template(template_name)
           ^^^^^^^^^^^^^^^^^^^^^^^^^^^^^^^^^^
  File "/home/deviyan/353505_ANUFRYIEU_02/IGI/LR5/.venv/lib/python3.12/site-packages/django/template/backends/django.py", line 79, in get_template
    return Template(self.engine.get_template(template_name), self)
                    ^^^^^^^^^^^^^^^^^^^^^^^^^^^^^^^^^^^^^^^
  File "/home/deviyan/353505_ANUFRYIEU_02/IGI/LR5/.venv/lib/python3.12/site-packages/django/template/engine.py", line 177, in get_template
    template, origin = self.find_template(template_name)
                       ^^^^^^^^^^^^^^^^^^^^^^^^^^^^^^^^^
  File "/home/deviyan/353505_ANUFRYIEU_02/IGI/LR5/.venv/lib/python3.12/site-packages/django/template/engine.py", line 159, in find_template
    template = loader.get_template(name, skip=skip)
               ^^^^^^^^^^^^^^^^^^^^^^^^^^^^^^^^^^^^
  File "/home/deviyan/353505_ANUFRYIEU_02/IGI/LR5/.venv/lib/python3.12/site-packages/django/template/loaders/cached.py", line 57, in get_template
    template = super().get_template(template_name, skip)
               ^^^^^^^^^^^^^^^^^^^^^^^^^^^^^^^^^^^^^^^^^
  File "/home/deviyan/353505_ANUFRYIEU_02/IGI/LR5/.venv/lib/python3.12/site-packages/django/template/loaders/base.py", line 28, in get_template
    return Template(
           ^^^^^^^^^
  File "/home/deviyan/353505_ANUFRYIEU_02/IGI/LR5/.venv/lib/python3.12/site-packages/django/template/base.py", line 154, in __init__
    self.nodelist = self.compile_nodelist()
                    ^^^^^^^^^^^^^^^^^^^^^^^
  File "/home/deviyan/353505_ANUFRYIEU_02/IGI/LR5/.venv/lib/python3.12/site-packages/django/template/base.py", line 196, in compile_nodelist
    nodelist = parser.parse()
               ^^^^^^^^^^^^^^
  File "/home/deviyan/353505_ANUFRYIEU_02/IGI/LR5/.venv/lib/python3.12/site-packages/django/template/base.py", line 518, in parse
    raise self.error(token, e)
  File "/home/deviyan/353505_ANUFRYIEU_02/IGI/LR5/.venv/lib/python3.12/site-packages/django/template/base.py", line 516, in parse
    compiled_result = compile_func(self, token)
                      ^^^^^^^^^^^^^^^^^^^^^^^^^
  File "/home/deviyan/353505_ANUFRYIEU_02/IGI/LR5/.venv/lib/python3.12/site-packages/django/template/loader_tags.py", line 299, in do_extends
    nodelist = parser.parse()
               ^^^^^^^^^^^^^^
  File "/home/deviyan/353505_ANUFRYIEU_02/IGI/LR5/.venv/lib/python3.12/site-packages/django/template/base.py", line 518, in parse
    raise self.error(token, e)
  File "/home/deviyan/353505_ANUFRYIEU_02/IGI/LR5/.venv/lib/python3.12/site-packages/django/template/base.py", line 516, in parse
    compiled_result = compile_func(self, token)
                      ^^^^^^^^^^^^^^^^^^^^^^^^^
  File "/home/deviyan/353505_ANUFRYIEU_02/IGI/LR5/.venv/lib/python3.12/site-packages/django/template/loader_tags.py", line 234, in do_block
    nodelist = parser.parse(("endblock",))
               ^^^^^^^^^^^^^^^^^^^^^^^^^^^
  File "/home/deviyan/353505_ANUFRYIEU_02/IGI/LR5/.venv/lib/python3.12/site-packages/django/template/base.py", line 518, in parse
    raise self.error(token, e)
  File "/home/deviyan/353505_ANUFRYIEU_02/IGI/LR5/.venv/lib/python3.12/site-packages/django/template/base.py", line 516, in parse
    compiled_result = compile_func(self, token)
                      ^^^^^^^^^^^^^^^^^^^^^^^^^
  File "/home/deviyan/353505_ANUFRYIEU_02/IGI/LR5/.venv/lib/python3.12/site-packages/django/template/defaulttags.py", line 962, in do_if
    nodelist = parser.parse(("elif", "else", "endif"))
               ^^^^^^^^^^^^^^^^^^^^^^^^^^^^^^^^^^^^^^^
  File "/home/deviyan/353505_ANUFRYIEU_02/IGI/LR5/.venv/lib/python3.12/site-packages/django/template/base.py", line 489, in parse
    raise self.error(token, e)
  File "/home/deviyan/353505_ANUFRYIEU_02/IGI/LR5/.venv/lib/python3.12/site-packages/django/template/base.py", line 487, in parse
    filter_expression = self.compile_filter(token.contents)
                        ^^^^^^^^^^^^^^^^^^^^^^^^^^^^^^^^^^^
  File "/home/deviyan/353505_ANUFRYIEU_02/IGI/LR5/.venv/lib/python3.12/site-packages/django/template/base.py", line 609, in compile_filter
    return FilterExpression(token, self)
           ^^^^^^^^^^^^^^^^^^^^^^^^^^^^^
  File "/home/deviyan/353505_ANUFRYIEU_02/IGI/LR5/.venv/lib/python3.12/site-packages/django/template/base.py", line 710, in __init__
    raise TemplateSyntaxError(
django.template.exceptions.TemplateSyntaxError: Could not parse the remainder: '[-1]' from 'messages[-1]'
[2025-09-14 15:47:30,315] ERROR   django.request:248 Internal Server Error: /bookings/
Traceback (most recent call last):
  File "/home/deviyan/353505_ANUFRYIEU_02/IGI/LR5/.venv/lib/python3.12/site-packages/django/core/handlers/exception.py", line 55, in inner
    response = get_response(request)
               ^^^^^^^^^^^^^^^^^^^^^
  File "/home/deviyan/353505_ANUFRYIEU_02/IGI/LR5/.venv/lib/python3.12/site-packages/django/core/handlers/base.py", line 197, in _get_response
    response = wrapped_callback(request, *callback_args, **callback_kwargs)
               ^^^^^^^^^^^^^^^^^^^^^^^^^^^^^^^^^^^^^^^^^^^^^^^^^^^^^^^^^^^^
  File "/home/deviyan/353505_ANUFRYIEU_02/IGI/LR5/.venv/lib/python3.12/site-packages/django/contrib/auth/decorators.py", line 59, in _view_wrapper
    return view_func(request, *args, **kwargs)
           ^^^^^^^^^^^^^^^^^^^^^^^^^^^^^^^^^^^
  File "/home/deviyan/353505_ANUFRYIEU_02/IGI/LR5/hotel_project/core/views.py", line 346, in bookings_view
    return render(request, 'core/bookings.html', {
           ^^^^^^^^^^^^^^^^^^^^^^^^^^^^^^^^^^^^^^^
  File "/home/deviyan/353505_ANUFRYIEU_02/IGI/LR5/.venv/lib/python3.12/site-packages/django/shortcuts.py", line 25, in render
    content = loader.render_to_string(template_name, context, request, using=using)
              ^^^^^^^^^^^^^^^^^^^^^^^^^^^^^^^^^^^^^^^^^^^^^^^^^^^^^^^^^^^^^^^^^^^^^
  File "/home/deviyan/353505_ANUFRYIEU_02/IGI/LR5/.venv/lib/python3.12/site-packages/django/template/loader.py", line 61, in render_to_string
    template = get_template(template_name, using=using)
               ^^^^^^^^^^^^^^^^^^^^^^^^^^^^^^^^^^^^^^^^
  File "/home/deviyan/353505_ANUFRYIEU_02/IGI/LR5/.venv/lib/python3.12/site-packages/django/template/loader.py", line 15, in get_template
    return engine.get_template(template_name)
           ^^^^^^^^^^^^^^^^^^^^^^^^^^^^^^^^^^
  File "/home/deviyan/353505_ANUFRYIEU_02/IGI/LR5/.venv/lib/python3.12/site-packages/django/template/backends/django.py", line 79, in get_template
    return Template(self.engine.get_template(template_name), self)
                    ^^^^^^^^^^^^^^^^^^^^^^^^^^^^^^^^^^^^^^^
  File "/home/deviyan/353505_ANUFRYIEU_02/IGI/LR5/.venv/lib/python3.12/site-packages/django/template/engine.py", line 177, in get_template
    template, origin = self.find_template(template_name)
                       ^^^^^^^^^^^^^^^^^^^^^^^^^^^^^^^^^
  File "/home/deviyan/353505_ANUFRYIEU_02/IGI/LR5/.venv/lib/python3.12/site-packages/django/template/engine.py", line 159, in find_template
    template = loader.get_template(name, skip=skip)
               ^^^^^^^^^^^^^^^^^^^^^^^^^^^^^^^^^^^^
  File "/home/deviyan/353505_ANUFRYIEU_02/IGI/LR5/.venv/lib/python3.12/site-packages/django/template/loaders/cached.py", line 57, in get_template
    template = super().get_template(template_name, skip)
               ^^^^^^^^^^^^^^^^^^^^^^^^^^^^^^^^^^^^^^^^^
  File "/home/deviyan/353505_ANUFRYIEU_02/IGI/LR5/.venv/lib/python3.12/site-packages/django/template/loaders/base.py", line 28, in get_template
    return Template(
           ^^^^^^^^^
  File "/home/deviyan/353505_ANUFRYIEU_02/IGI/LR5/.venv/lib/python3.12/site-packages/django/template/base.py", line 154, in __init__
    self.nodelist = self.compile_nodelist()
                    ^^^^^^^^^^^^^^^^^^^^^^^
  File "/home/deviyan/353505_ANUFRYIEU_02/IGI/LR5/.venv/lib/python3.12/site-packages/django/template/base.py", line 196, in compile_nodelist
    nodelist = parser.parse()
               ^^^^^^^^^^^^^^
  File "/home/deviyan/353505_ANUFRYIEU_02/IGI/LR5/.venv/lib/python3.12/site-packages/django/template/base.py", line 518, in parse
    raise self.error(token, e)
  File "/home/deviyan/353505_ANUFRYIEU_02/IGI/LR5/.venv/lib/python3.12/site-packages/django/template/base.py", line 516, in parse
    compiled_result = compile_func(self, token)
                      ^^^^^^^^^^^^^^^^^^^^^^^^^
  File "/home/deviyan/353505_ANUFRYIEU_02/IGI/LR5/.venv/lib/python3.12/site-packages/django/template/loader_tags.py", line 299, in do_extends
    nodelist = parser.parse()
               ^^^^^^^^^^^^^^
  File "/home/deviyan/353505_ANUFRYIEU_02/IGI/LR5/.venv/lib/python3.12/site-packages/django/template/base.py", line 518, in parse
    raise self.error(token, e)
  File "/home/deviyan/353505_ANUFRYIEU_02/IGI/LR5/.venv/lib/python3.12/site-packages/django/template/base.py", line 516, in parse
    compiled_result = compile_func(self, token)
                      ^^^^^^^^^^^^^^^^^^^^^^^^^
  File "/home/deviyan/353505_ANUFRYIEU_02/IGI/LR5/.venv/lib/python3.12/site-packages/django/template/loader_tags.py", line 234, in do_block
    nodelist = parser.parse(("endblock",))
               ^^^^^^^^^^^^^^^^^^^^^^^^^^^
  File "/home/deviyan/353505_ANUFRYIEU_02/IGI/LR5/.venv/lib/python3.12/site-packages/django/template/base.py", line 518, in parse
    raise self.error(token, e)
  File "/home/deviyan/353505_ANUFRYIEU_02/IGI/LR5/.venv/lib/python3.12/site-packages/django/template/base.py", line 516, in parse
    compiled_result = compile_func(self, token)
                      ^^^^^^^^^^^^^^^^^^^^^^^^^
  File "/home/deviyan/353505_ANUFRYIEU_02/IGI/LR5/.venv/lib/python3.12/site-packages/django/template/defaulttags.py", line 962, in do_if
    nodelist = parser.parse(("elif", "else", "endif"))
               ^^^^^^^^^^^^^^^^^^^^^^^^^^^^^^^^^^^^^^^
  File "/home/deviyan/353505_ANUFRYIEU_02/IGI/LR5/.venv/lib/python3.12/site-packages/django/template/base.py", line 489, in parse
    raise self.error(token, e)
  File "/home/deviyan/353505_ANUFRYIEU_02/IGI/LR5/.venv/lib/python3.12/site-packages/django/template/base.py", line 487, in parse
    filter_expression = self.compile_filter(token.contents)
                        ^^^^^^^^^^^^^^^^^^^^^^^^^^^^^^^^^^^
  File "/home/deviyan/353505_ANUFRYIEU_02/IGI/LR5/.venv/lib/python3.12/site-packages/django/template/base.py", line 609, in compile_filter
    return FilterExpression(token, self)
           ^^^^^^^^^^^^^^^^^^^^^^^^^^^^^
  File "/home/deviyan/353505_ANUFRYIEU_02/IGI/LR5/.venv/lib/python3.12/site-packages/django/template/base.py", line 710, in __init__
    raise TemplateSyntaxError(
django.template.exceptions.TemplateSyntaxError: Could not parse the remainder: '[-1]' from 'messages[-1]'
[2025-09-14 15:47:30,625] ERROR   django.request:248 Internal Server Error: /bookings/
Traceback (most recent call last):
  File "/home/deviyan/353505_ANUFRYIEU_02/IGI/LR5/.venv/lib/python3.12/site-packages/django/core/handlers/exception.py", line 55, in inner
    response = get_response(request)
               ^^^^^^^^^^^^^^^^^^^^^
  File "/home/deviyan/353505_ANUFRYIEU_02/IGI/LR5/.venv/lib/python3.12/site-packages/django/core/handlers/base.py", line 197, in _get_response
    response = wrapped_callback(request, *callback_args, **callback_kwargs)
               ^^^^^^^^^^^^^^^^^^^^^^^^^^^^^^^^^^^^^^^^^^^^^^^^^^^^^^^^^^^^
  File "/home/deviyan/353505_ANUFRYIEU_02/IGI/LR5/.venv/lib/python3.12/site-packages/django/contrib/auth/decorators.py", line 59, in _view_wrapper
    return view_func(request, *args, **kwargs)
           ^^^^^^^^^^^^^^^^^^^^^^^^^^^^^^^^^^^
  File "/home/deviyan/353505_ANUFRYIEU_02/IGI/LR5/hotel_project/core/views.py", line 346, in bookings_view
    return render(request, 'core/bookings.html', {
           ^^^^^^^^^^^^^^^^^^^^^^^^^^^^^^^^^^^^^^^
  File "/home/deviyan/353505_ANUFRYIEU_02/IGI/LR5/.venv/lib/python3.12/site-packages/django/shortcuts.py", line 25, in render
    content = loader.render_to_string(template_name, context, request, using=using)
              ^^^^^^^^^^^^^^^^^^^^^^^^^^^^^^^^^^^^^^^^^^^^^^^^^^^^^^^^^^^^^^^^^^^^^
  File "/home/deviyan/353505_ANUFRYIEU_02/IGI/LR5/.venv/lib/python3.12/site-packages/django/template/loader.py", line 61, in render_to_string
    template = get_template(template_name, using=using)
               ^^^^^^^^^^^^^^^^^^^^^^^^^^^^^^^^^^^^^^^^
  File "/home/deviyan/353505_ANUFRYIEU_02/IGI/LR5/.venv/lib/python3.12/site-packages/django/template/loader.py", line 15, in get_template
    return engine.get_template(template_name)
           ^^^^^^^^^^^^^^^^^^^^^^^^^^^^^^^^^^
  File "/home/deviyan/353505_ANUFRYIEU_02/IGI/LR5/.venv/lib/python3.12/site-packages/django/template/backends/django.py", line 79, in get_template
    return Template(self.engine.get_template(template_name), self)
                    ^^^^^^^^^^^^^^^^^^^^^^^^^^^^^^^^^^^^^^^
  File "/home/deviyan/353505_ANUFRYIEU_02/IGI/LR5/.venv/lib/python3.12/site-packages/django/template/engine.py", line 177, in get_template
    template, origin = self.find_template(template_name)
                       ^^^^^^^^^^^^^^^^^^^^^^^^^^^^^^^^^
  File "/home/deviyan/353505_ANUFRYIEU_02/IGI/LR5/.venv/lib/python3.12/site-packages/django/template/engine.py", line 159, in find_template
    template = loader.get_template(name, skip=skip)
               ^^^^^^^^^^^^^^^^^^^^^^^^^^^^^^^^^^^^
  File "/home/deviyan/353505_ANUFRYIEU_02/IGI/LR5/.venv/lib/python3.12/site-packages/django/template/loaders/cached.py", line 57, in get_template
    template = super().get_template(template_name, skip)
               ^^^^^^^^^^^^^^^^^^^^^^^^^^^^^^^^^^^^^^^^^
  File "/home/deviyan/353505_ANUFRYIEU_02/IGI/LR5/.venv/lib/python3.12/site-packages/django/template/loaders/base.py", line 28, in get_template
    return Template(
           ^^^^^^^^^
  File "/home/deviyan/353505_ANUFRYIEU_02/IGI/LR5/.venv/lib/python3.12/site-packages/django/template/base.py", line 154, in __init__
    self.nodelist = self.compile_nodelist()
                    ^^^^^^^^^^^^^^^^^^^^^^^
  File "/home/deviyan/353505_ANUFRYIEU_02/IGI/LR5/.venv/lib/python3.12/site-packages/django/template/base.py", line 196, in compile_nodelist
    nodelist = parser.parse()
               ^^^^^^^^^^^^^^
  File "/home/deviyan/353505_ANUFRYIEU_02/IGI/LR5/.venv/lib/python3.12/site-packages/django/template/base.py", line 518, in parse
    raise self.error(token, e)
  File "/home/deviyan/353505_ANUFRYIEU_02/IGI/LR5/.venv/lib/python3.12/site-packages/django/template/base.py", line 516, in parse
    compiled_result = compile_func(self, token)
                      ^^^^^^^^^^^^^^^^^^^^^^^^^
  File "/home/deviyan/353505_ANUFRYIEU_02/IGI/LR5/.venv/lib/python3.12/site-packages/django/template/loader_tags.py", line 299, in do_extends
    nodelist = parser.parse()
               ^^^^^^^^^^^^^^
  File "/home/deviyan/353505_ANUFRYIEU_02/IGI/LR5/.venv/lib/python3.12/site-packages/django/template/base.py", line 518, in parse
    raise self.error(token, e)
  File "/home/deviyan/353505_ANUFRYIEU_02/IGI/LR5/.venv/lib/python3.12/site-packages/django/template/base.py", line 516, in parse
    compiled_result = compile_func(self, token)
                      ^^^^^^^^^^^^^^^^^^^^^^^^^
  File "/home/deviyan/353505_ANUFRYIEU_02/IGI/LR5/.venv/lib/python3.12/site-packages/django/template/loader_tags.py", line 234, in do_block
    nodelist = parser.parse(("endblock",))
               ^^^^^^^^^^^^^^^^^^^^^^^^^^^
  File "/home/deviyan/353505_ANUFRYIEU_02/IGI/LR5/.venv/lib/python3.12/site-packages/django/template/base.py", line 518, in parse
    raise self.error(token, e)
  File "/home/deviyan/353505_ANUFRYIEU_02/IGI/LR5/.venv/lib/python3.12/site-packages/django/template/base.py", line 516, in parse
    compiled_result = compile_func(self, token)
                      ^^^^^^^^^^^^^^^^^^^^^^^^^
  File "/home/deviyan/353505_ANUFRYIEU_02/IGI/LR5/.venv/lib/python3.12/site-packages/django/template/defaulttags.py", line 962, in do_if
    nodelist = parser.parse(("elif", "else", "endif"))
               ^^^^^^^^^^^^^^^^^^^^^^^^^^^^^^^^^^^^^^^
  File "/home/deviyan/353505_ANUFRYIEU_02/IGI/LR5/.venv/lib/python3.12/site-packages/django/template/base.py", line 489, in parse
    raise self.error(token, e)
  File "/home/deviyan/353505_ANUFRYIEU_02/IGI/LR5/.venv/lib/python3.12/site-packages/django/template/base.py", line 487, in parse
    filter_expression = self.compile_filter(token.contents)
                        ^^^^^^^^^^^^^^^^^^^^^^^^^^^^^^^^^^^
  File "/home/deviyan/353505_ANUFRYIEU_02/IGI/LR5/.venv/lib/python3.12/site-packages/django/template/base.py", line 609, in compile_filter
    return FilterExpression(token, self)
           ^^^^^^^^^^^^^^^^^^^^^^^^^^^^^
  File "/home/deviyan/353505_ANUFRYIEU_02/IGI/LR5/.venv/lib/python3.12/site-packages/django/template/base.py", line 710, in __init__
    raise TemplateSyntaxError(
django.template.exceptions.TemplateSyntaxError: Could not parse the remainder: '[-1]' from 'messages[-1]'
[2025-09-14 15:47:30,937] ERROR   django.request:248 Internal Server Error: /bookings/
Traceback (most recent call last):
  File "/home/deviyan/353505_ANUFRYIEU_02/IGI/LR5/.venv/lib/python3.12/site-packages/django/core/handlers/exception.py", line 55, in inner
    response = get_response(request)
               ^^^^^^^^^^^^^^^^^^^^^
  File "/home/deviyan/353505_ANUFRYIEU_02/IGI/LR5/.venv/lib/python3.12/site-packages/django/core/handlers/base.py", line 197, in _get_response
    response = wrapped_callback(request, *callback_args, **callback_kwargs)
               ^^^^^^^^^^^^^^^^^^^^^^^^^^^^^^^^^^^^^^^^^^^^^^^^^^^^^^^^^^^^
  File "/home/deviyan/353505_ANUFRYIEU_02/IGI/LR5/.venv/lib/python3.12/site-packages/django/contrib/auth/decorators.py", line 59, in _view_wrapper
    return view_func(request, *args, **kwargs)
           ^^^^^^^^^^^^^^^^^^^^^^^^^^^^^^^^^^^
  File "/home/deviyan/353505_ANUFRYIEU_02/IGI/LR5/hotel_project/core/views.py", line 346, in bookings_view
    return render(request, 'core/bookings.html', {
           ^^^^^^^^^^^^^^^^^^^^^^^^^^^^^^^^^^^^^^^
  File "/home/deviyan/353505_ANUFRYIEU_02/IGI/LR5/.venv/lib/python3.12/site-packages/django/shortcuts.py", line 25, in render
    content = loader.render_to_string(template_name, context, request, using=using)
              ^^^^^^^^^^^^^^^^^^^^^^^^^^^^^^^^^^^^^^^^^^^^^^^^^^^^^^^^^^^^^^^^^^^^^
  File "/home/deviyan/353505_ANUFRYIEU_02/IGI/LR5/.venv/lib/python3.12/site-packages/django/template/loader.py", line 61, in render_to_string
    template = get_template(template_name, using=using)
               ^^^^^^^^^^^^^^^^^^^^^^^^^^^^^^^^^^^^^^^^
  File "/home/deviyan/353505_ANUFRYIEU_02/IGI/LR5/.venv/lib/python3.12/site-packages/django/template/loader.py", line 15, in get_template
    return engine.get_template(template_name)
           ^^^^^^^^^^^^^^^^^^^^^^^^^^^^^^^^^^
  File "/home/deviyan/353505_ANUFRYIEU_02/IGI/LR5/.venv/lib/python3.12/site-packages/django/template/backends/django.py", line 79, in get_template
    return Template(self.engine.get_template(template_name), self)
                    ^^^^^^^^^^^^^^^^^^^^^^^^^^^^^^^^^^^^^^^
  File "/home/deviyan/353505_ANUFRYIEU_02/IGI/LR5/.venv/lib/python3.12/site-packages/django/template/engine.py", line 177, in get_template
    template, origin = self.find_template(template_name)
                       ^^^^^^^^^^^^^^^^^^^^^^^^^^^^^^^^^
  File "/home/deviyan/353505_ANUFRYIEU_02/IGI/LR5/.venv/lib/python3.12/site-packages/django/template/engine.py", line 159, in find_template
    template = loader.get_template(name, skip=skip)
               ^^^^^^^^^^^^^^^^^^^^^^^^^^^^^^^^^^^^
  File "/home/deviyan/353505_ANUFRYIEU_02/IGI/LR5/.venv/lib/python3.12/site-packages/django/template/loaders/cached.py", line 57, in get_template
    template = super().get_template(template_name, skip)
               ^^^^^^^^^^^^^^^^^^^^^^^^^^^^^^^^^^^^^^^^^
  File "/home/deviyan/353505_ANUFRYIEU_02/IGI/LR5/.venv/lib/python3.12/site-packages/django/template/loaders/base.py", line 28, in get_template
    return Template(
           ^^^^^^^^^
  File "/home/deviyan/353505_ANUFRYIEU_02/IGI/LR5/.venv/lib/python3.12/site-packages/django/template/base.py", line 154, in __init__
    self.nodelist = self.compile_nodelist()
                    ^^^^^^^^^^^^^^^^^^^^^^^
  File "/home/deviyan/353505_ANUFRYIEU_02/IGI/LR5/.venv/lib/python3.12/site-packages/django/template/base.py", line 196, in compile_nodelist
    nodelist = parser.parse()
               ^^^^^^^^^^^^^^
  File "/home/deviyan/353505_ANUFRYIEU_02/IGI/LR5/.venv/lib/python3.12/site-packages/django/template/base.py", line 518, in parse
    raise self.error(token, e)
  File "/home/deviyan/353505_ANUFRYIEU_02/IGI/LR5/.venv/lib/python3.12/site-packages/django/template/base.py", line 516, in parse
    compiled_result = compile_func(self, token)
                      ^^^^^^^^^^^^^^^^^^^^^^^^^
  File "/home/deviyan/353505_ANUFRYIEU_02/IGI/LR5/.venv/lib/python3.12/site-packages/django/template/loader_tags.py", line 299, in do_extends
    nodelist = parser.parse()
               ^^^^^^^^^^^^^^
  File "/home/deviyan/353505_ANUFRYIEU_02/IGI/LR5/.venv/lib/python3.12/site-packages/django/template/base.py", line 518, in parse
    raise self.error(token, e)
  File "/home/deviyan/353505_ANUFRYIEU_02/IGI/LR5/.venv/lib/python3.12/site-packages/django/template/base.py", line 516, in parse
    compiled_result = compile_func(self, token)
                      ^^^^^^^^^^^^^^^^^^^^^^^^^
  File "/home/deviyan/353505_ANUFRYIEU_02/IGI/LR5/.venv/lib/python3.12/site-packages/django/template/loader_tags.py", line 234, in do_block
    nodelist = parser.parse(("endblock",))
               ^^^^^^^^^^^^^^^^^^^^^^^^^^^
  File "/home/deviyan/353505_ANUFRYIEU_02/IGI/LR5/.venv/lib/python3.12/site-packages/django/template/base.py", line 518, in parse
    raise self.error(token, e)
  File "/home/deviyan/353505_ANUFRYIEU_02/IGI/LR5/.venv/lib/python3.12/site-packages/django/template/base.py", line 516, in parse
    compiled_result = compile_func(self, token)
                      ^^^^^^^^^^^^^^^^^^^^^^^^^
  File "/home/deviyan/353505_ANUFRYIEU_02/IGI/LR5/.venv/lib/python3.12/site-packages/django/template/defaulttags.py", line 962, in do_if
    nodelist = parser.parse(("elif", "else", "endif"))
               ^^^^^^^^^^^^^^^^^^^^^^^^^^^^^^^^^^^^^^^
  File "/home/deviyan/353505_ANUFRYIEU_02/IGI/LR5/.venv/lib/python3.12/site-packages/django/template/base.py", line 489, in parse
    raise self.error(token, e)
  File "/home/deviyan/353505_ANUFRYIEU_02/IGI/LR5/.venv/lib/python3.12/site-packages/django/template/base.py", line 487, in parse
    filter_expression = self.compile_filter(token.contents)
                        ^^^^^^^^^^^^^^^^^^^^^^^^^^^^^^^^^^^
  File "/home/deviyan/353505_ANUFRYIEU_02/IGI/LR5/.venv/lib/python3.12/site-packages/django/template/base.py", line 609, in compile_filter
    return FilterExpression(token, self)
           ^^^^^^^^^^^^^^^^^^^^^^^^^^^^^
  File "/home/deviyan/353505_ANUFRYIEU_02/IGI/LR5/.venv/lib/python3.12/site-packages/django/template/base.py", line 710, in __init__
    raise TemplateSyntaxError(
django.template.exceptions.TemplateSyntaxError: Could not parse the remainder: '[-1]' from 'messages[-1]'
[2025-09-14 15:47:31,339] ERROR   django.request:248 Internal Server Error: /bookings/
Traceback (most recent call last):
  File "/home/deviyan/353505_ANUFRYIEU_02/IGI/LR5/.venv/lib/python3.12/site-packages/django/core/handlers/exception.py", line 55, in inner
    response = get_response(request)
               ^^^^^^^^^^^^^^^^^^^^^
  File "/home/deviyan/353505_ANUFRYIEU_02/IGI/LR5/.venv/lib/python3.12/site-packages/django/core/handlers/base.py", line 197, in _get_response
    response = wrapped_callback(request, *callback_args, **callback_kwargs)
               ^^^^^^^^^^^^^^^^^^^^^^^^^^^^^^^^^^^^^^^^^^^^^^^^^^^^^^^^^^^^
  File "/home/deviyan/353505_ANUFRYIEU_02/IGI/LR5/.venv/lib/python3.12/site-packages/django/contrib/auth/decorators.py", line 59, in _view_wrapper
    return view_func(request, *args, **kwargs)
           ^^^^^^^^^^^^^^^^^^^^^^^^^^^^^^^^^^^
  File "/home/deviyan/353505_ANUFRYIEU_02/IGI/LR5/hotel_project/core/views.py", line 346, in bookings_view
    return render(request, 'core/bookings.html', {
           ^^^^^^^^^^^^^^^^^^^^^^^^^^^^^^^^^^^^^^^
  File "/home/deviyan/353505_ANUFRYIEU_02/IGI/LR5/.venv/lib/python3.12/site-packages/django/shortcuts.py", line 25, in render
    content = loader.render_to_string(template_name, context, request, using=using)
              ^^^^^^^^^^^^^^^^^^^^^^^^^^^^^^^^^^^^^^^^^^^^^^^^^^^^^^^^^^^^^^^^^^^^^
  File "/home/deviyan/353505_ANUFRYIEU_02/IGI/LR5/.venv/lib/python3.12/site-packages/django/template/loader.py", line 61, in render_to_string
    template = get_template(template_name, using=using)
               ^^^^^^^^^^^^^^^^^^^^^^^^^^^^^^^^^^^^^^^^
  File "/home/deviyan/353505_ANUFRYIEU_02/IGI/LR5/.venv/lib/python3.12/site-packages/django/template/loader.py", line 15, in get_template
    return engine.get_template(template_name)
           ^^^^^^^^^^^^^^^^^^^^^^^^^^^^^^^^^^
  File "/home/deviyan/353505_ANUFRYIEU_02/IGI/LR5/.venv/lib/python3.12/site-packages/django/template/backends/django.py", line 79, in get_template
    return Template(self.engine.get_template(template_name), self)
                    ^^^^^^^^^^^^^^^^^^^^^^^^^^^^^^^^^^^^^^^
  File "/home/deviyan/353505_ANUFRYIEU_02/IGI/LR5/.venv/lib/python3.12/site-packages/django/template/engine.py", line 177, in get_template
    template, origin = self.find_template(template_name)
                       ^^^^^^^^^^^^^^^^^^^^^^^^^^^^^^^^^
  File "/home/deviyan/353505_ANUFRYIEU_02/IGI/LR5/.venv/lib/python3.12/site-packages/django/template/engine.py", line 159, in find_template
    template = loader.get_template(name, skip=skip)
               ^^^^^^^^^^^^^^^^^^^^^^^^^^^^^^^^^^^^
  File "/home/deviyan/353505_ANUFRYIEU_02/IGI/LR5/.venv/lib/python3.12/site-packages/django/template/loaders/cached.py", line 57, in get_template
    template = super().get_template(template_name, skip)
               ^^^^^^^^^^^^^^^^^^^^^^^^^^^^^^^^^^^^^^^^^
  File "/home/deviyan/353505_ANUFRYIEU_02/IGI/LR5/.venv/lib/python3.12/site-packages/django/template/loaders/base.py", line 28, in get_template
    return Template(
           ^^^^^^^^^
  File "/home/deviyan/353505_ANUFRYIEU_02/IGI/LR5/.venv/lib/python3.12/site-packages/django/template/base.py", line 154, in __init__
    self.nodelist = self.compile_nodelist()
                    ^^^^^^^^^^^^^^^^^^^^^^^
  File "/home/deviyan/353505_ANUFRYIEU_02/IGI/LR5/.venv/lib/python3.12/site-packages/django/template/base.py", line 196, in compile_nodelist
    nodelist = parser.parse()
               ^^^^^^^^^^^^^^
  File "/home/deviyan/353505_ANUFRYIEU_02/IGI/LR5/.venv/lib/python3.12/site-packages/django/template/base.py", line 518, in parse
    raise self.error(token, e)
  File "/home/deviyan/353505_ANUFRYIEU_02/IGI/LR5/.venv/lib/python3.12/site-packages/django/template/base.py", line 516, in parse
    compiled_result = compile_func(self, token)
                      ^^^^^^^^^^^^^^^^^^^^^^^^^
  File "/home/deviyan/353505_ANUFRYIEU_02/IGI/LR5/.venv/lib/python3.12/site-packages/django/template/loader_tags.py", line 299, in do_extends
    nodelist = parser.parse()
               ^^^^^^^^^^^^^^
  File "/home/deviyan/353505_ANUFRYIEU_02/IGI/LR5/.venv/lib/python3.12/site-packages/django/template/base.py", line 518, in parse
    raise self.error(token, e)
  File "/home/deviyan/353505_ANUFRYIEU_02/IGI/LR5/.venv/lib/python3.12/site-packages/django/template/base.py", line 516, in parse
    compiled_result = compile_func(self, token)
                      ^^^^^^^^^^^^^^^^^^^^^^^^^
  File "/home/deviyan/353505_ANUFRYIEU_02/IGI/LR5/.venv/lib/python3.12/site-packages/django/template/loader_tags.py", line 234, in do_block
    nodelist = parser.parse(("endblock",))
               ^^^^^^^^^^^^^^^^^^^^^^^^^^^
  File "/home/deviyan/353505_ANUFRYIEU_02/IGI/LR5/.venv/lib/python3.12/site-packages/django/template/base.py", line 518, in parse
    raise self.error(token, e)
  File "/home/deviyan/353505_ANUFRYIEU_02/IGI/LR5/.venv/lib/python3.12/site-packages/django/template/base.py", line 516, in parse
    compiled_result = compile_func(self, token)
                      ^^^^^^^^^^^^^^^^^^^^^^^^^
  File "/home/deviyan/353505_ANUFRYIEU_02/IGI/LR5/.venv/lib/python3.12/site-packages/django/template/defaulttags.py", line 962, in do_if
    nodelist = parser.parse(("elif", "else", "endif"))
               ^^^^^^^^^^^^^^^^^^^^^^^^^^^^^^^^^^^^^^^
  File "/home/deviyan/353505_ANUFRYIEU_02/IGI/LR5/.venv/lib/python3.12/site-packages/django/template/base.py", line 489, in parse
    raise self.error(token, e)
  File "/home/deviyan/353505_ANUFRYIEU_02/IGI/LR5/.venv/lib/python3.12/site-packages/django/template/base.py", line 487, in parse
    filter_expression = self.compile_filter(token.contents)
                        ^^^^^^^^^^^^^^^^^^^^^^^^^^^^^^^^^^^
  File "/home/deviyan/353505_ANUFRYIEU_02/IGI/LR5/.venv/lib/python3.12/site-packages/django/template/base.py", line 609, in compile_filter
    return FilterExpression(token, self)
           ^^^^^^^^^^^^^^^^^^^^^^^^^^^^^
  File "/home/deviyan/353505_ANUFRYIEU_02/IGI/LR5/.venv/lib/python3.12/site-packages/django/template/base.py", line 710, in __init__
    raise TemplateSyntaxError(
django.template.exceptions.TemplateSyntaxError: Could not parse the remainder: '[-1]' from 'messages[-1]'
[2025-09-14 15:47:31,679] ERROR   django.request:248 Internal Server Error: /bookings/
Traceback (most recent call last):
  File "/home/deviyan/353505_ANUFRYIEU_02/IGI/LR5/.venv/lib/python3.12/site-packages/django/core/handlers/exception.py", line 55, in inner
    response = get_response(request)
               ^^^^^^^^^^^^^^^^^^^^^
  File "/home/deviyan/353505_ANUFRYIEU_02/IGI/LR5/.venv/lib/python3.12/site-packages/django/core/handlers/base.py", line 197, in _get_response
    response = wrapped_callback(request, *callback_args, **callback_kwargs)
               ^^^^^^^^^^^^^^^^^^^^^^^^^^^^^^^^^^^^^^^^^^^^^^^^^^^^^^^^^^^^
  File "/home/deviyan/353505_ANUFRYIEU_02/IGI/LR5/.venv/lib/python3.12/site-packages/django/contrib/auth/decorators.py", line 59, in _view_wrapper
    return view_func(request, *args, **kwargs)
           ^^^^^^^^^^^^^^^^^^^^^^^^^^^^^^^^^^^
  File "/home/deviyan/353505_ANUFRYIEU_02/IGI/LR5/hotel_project/core/views.py", line 346, in bookings_view
    return render(request, 'core/bookings.html', {
           ^^^^^^^^^^^^^^^^^^^^^^^^^^^^^^^^^^^^^^^
  File "/home/deviyan/353505_ANUFRYIEU_02/IGI/LR5/.venv/lib/python3.12/site-packages/django/shortcuts.py", line 25, in render
    content = loader.render_to_string(template_name, context, request, using=using)
              ^^^^^^^^^^^^^^^^^^^^^^^^^^^^^^^^^^^^^^^^^^^^^^^^^^^^^^^^^^^^^^^^^^^^^
  File "/home/deviyan/353505_ANUFRYIEU_02/IGI/LR5/.venv/lib/python3.12/site-packages/django/template/loader.py", line 61, in render_to_string
    template = get_template(template_name, using=using)
               ^^^^^^^^^^^^^^^^^^^^^^^^^^^^^^^^^^^^^^^^
  File "/home/deviyan/353505_ANUFRYIEU_02/IGI/LR5/.venv/lib/python3.12/site-packages/django/template/loader.py", line 15, in get_template
    return engine.get_template(template_name)
           ^^^^^^^^^^^^^^^^^^^^^^^^^^^^^^^^^^
  File "/home/deviyan/353505_ANUFRYIEU_02/IGI/LR5/.venv/lib/python3.12/site-packages/django/template/backends/django.py", line 79, in get_template
    return Template(self.engine.get_template(template_name), self)
                    ^^^^^^^^^^^^^^^^^^^^^^^^^^^^^^^^^^^^^^^
  File "/home/deviyan/353505_ANUFRYIEU_02/IGI/LR5/.venv/lib/python3.12/site-packages/django/template/engine.py", line 177, in get_template
    template, origin = self.find_template(template_name)
                       ^^^^^^^^^^^^^^^^^^^^^^^^^^^^^^^^^
  File "/home/deviyan/353505_ANUFRYIEU_02/IGI/LR5/.venv/lib/python3.12/site-packages/django/template/engine.py", line 159, in find_template
    template = loader.get_template(name, skip=skip)
               ^^^^^^^^^^^^^^^^^^^^^^^^^^^^^^^^^^^^
  File "/home/deviyan/353505_ANUFRYIEU_02/IGI/LR5/.venv/lib/python3.12/site-packages/django/template/loaders/cached.py", line 57, in get_template
    template = super().get_template(template_name, skip)
               ^^^^^^^^^^^^^^^^^^^^^^^^^^^^^^^^^^^^^^^^^
  File "/home/deviyan/353505_ANUFRYIEU_02/IGI/LR5/.venv/lib/python3.12/site-packages/django/template/loaders/base.py", line 28, in get_template
    return Template(
           ^^^^^^^^^
  File "/home/deviyan/353505_ANUFRYIEU_02/IGI/LR5/.venv/lib/python3.12/site-packages/django/template/base.py", line 154, in __init__
    self.nodelist = self.compile_nodelist()
                    ^^^^^^^^^^^^^^^^^^^^^^^
  File "/home/deviyan/353505_ANUFRYIEU_02/IGI/LR5/.venv/lib/python3.12/site-packages/django/template/base.py", line 196, in compile_nodelist
    nodelist = parser.parse()
               ^^^^^^^^^^^^^^
  File "/home/deviyan/353505_ANUFRYIEU_02/IGI/LR5/.venv/lib/python3.12/site-packages/django/template/base.py", line 518, in parse
    raise self.error(token, e)
  File "/home/deviyan/353505_ANUFRYIEU_02/IGI/LR5/.venv/lib/python3.12/site-packages/django/template/base.py", line 516, in parse
    compiled_result = compile_func(self, token)
                      ^^^^^^^^^^^^^^^^^^^^^^^^^
  File "/home/deviyan/353505_ANUFRYIEU_02/IGI/LR5/.venv/lib/python3.12/site-packages/django/template/loader_tags.py", line 299, in do_extends
    nodelist = parser.parse()
               ^^^^^^^^^^^^^^
  File "/home/deviyan/353505_ANUFRYIEU_02/IGI/LR5/.venv/lib/python3.12/site-packages/django/template/base.py", line 518, in parse
    raise self.error(token, e)
  File "/home/deviyan/353505_ANUFRYIEU_02/IGI/LR5/.venv/lib/python3.12/site-packages/django/template/base.py", line 516, in parse
    compiled_result = compile_func(self, token)
                      ^^^^^^^^^^^^^^^^^^^^^^^^^
  File "/home/deviyan/353505_ANUFRYIEU_02/IGI/LR5/.venv/lib/python3.12/site-packages/django/template/loader_tags.py", line 234, in do_block
    nodelist = parser.parse(("endblock",))
               ^^^^^^^^^^^^^^^^^^^^^^^^^^^
  File "/home/deviyan/353505_ANUFRYIEU_02/IGI/LR5/.venv/lib/python3.12/site-packages/django/template/base.py", line 518, in parse
    raise self.error(token, e)
  File "/home/deviyan/353505_ANUFRYIEU_02/IGI/LR5/.venv/lib/python3.12/site-packages/django/template/base.py", line 516, in parse
    compiled_result = compile_func(self, token)
                      ^^^^^^^^^^^^^^^^^^^^^^^^^
  File "/home/deviyan/353505_ANUFRYIEU_02/IGI/LR5/.venv/lib/python3.12/site-packages/django/template/defaulttags.py", line 962, in do_if
    nodelist = parser.parse(("elif", "else", "endif"))
               ^^^^^^^^^^^^^^^^^^^^^^^^^^^^^^^^^^^^^^^
  File "/home/deviyan/353505_ANUFRYIEU_02/IGI/LR5/.venv/lib/python3.12/site-packages/django/template/base.py", line 489, in parse
    raise self.error(token, e)
  File "/home/deviyan/353505_ANUFRYIEU_02/IGI/LR5/.venv/lib/python3.12/site-packages/django/template/base.py", line 487, in parse
    filter_expression = self.compile_filter(token.contents)
                        ^^^^^^^^^^^^^^^^^^^^^^^^^^^^^^^^^^^
  File "/home/deviyan/353505_ANUFRYIEU_02/IGI/LR5/.venv/lib/python3.12/site-packages/django/template/base.py", line 609, in compile_filter
    return FilterExpression(token, self)
           ^^^^^^^^^^^^^^^^^^^^^^^^^^^^^
  File "/home/deviyan/353505_ANUFRYIEU_02/IGI/LR5/.venv/lib/python3.12/site-packages/django/template/base.py", line 710, in __init__
    raise TemplateSyntaxError(
django.template.exceptions.TemplateSyntaxError: Could not parse the remainder: '[-1]' from 'messages[-1]'
[2025-09-14 15:47:31,994] ERROR   django.request:248 Internal Server Error: /bookings/
Traceback (most recent call last):
  File "/home/deviyan/353505_ANUFRYIEU_02/IGI/LR5/.venv/lib/python3.12/site-packages/django/core/handlers/exception.py", line 55, in inner
    response = get_response(request)
               ^^^^^^^^^^^^^^^^^^^^^
  File "/home/deviyan/353505_ANUFRYIEU_02/IGI/LR5/.venv/lib/python3.12/site-packages/django/core/handlers/base.py", line 197, in _get_response
    response = wrapped_callback(request, *callback_args, **callback_kwargs)
               ^^^^^^^^^^^^^^^^^^^^^^^^^^^^^^^^^^^^^^^^^^^^^^^^^^^^^^^^^^^^
  File "/home/deviyan/353505_ANUFRYIEU_02/IGI/LR5/.venv/lib/python3.12/site-packages/django/contrib/auth/decorators.py", line 59, in _view_wrapper
    return view_func(request, *args, **kwargs)
           ^^^^^^^^^^^^^^^^^^^^^^^^^^^^^^^^^^^
  File "/home/deviyan/353505_ANUFRYIEU_02/IGI/LR5/hotel_project/core/views.py", line 346, in bookings_view
    return render(request, 'core/bookings.html', {
           ^^^^^^^^^^^^^^^^^^^^^^^^^^^^^^^^^^^^^^^
  File "/home/deviyan/353505_ANUFRYIEU_02/IGI/LR5/.venv/lib/python3.12/site-packages/django/shortcuts.py", line 25, in render
    content = loader.render_to_string(template_name, context, request, using=using)
              ^^^^^^^^^^^^^^^^^^^^^^^^^^^^^^^^^^^^^^^^^^^^^^^^^^^^^^^^^^^^^^^^^^^^^
  File "/home/deviyan/353505_ANUFRYIEU_02/IGI/LR5/.venv/lib/python3.12/site-packages/django/template/loader.py", line 61, in render_to_string
    template = get_template(template_name, using=using)
               ^^^^^^^^^^^^^^^^^^^^^^^^^^^^^^^^^^^^^^^^
  File "/home/deviyan/353505_ANUFRYIEU_02/IGI/LR5/.venv/lib/python3.12/site-packages/django/template/loader.py", line 15, in get_template
    return engine.get_template(template_name)
           ^^^^^^^^^^^^^^^^^^^^^^^^^^^^^^^^^^
  File "/home/deviyan/353505_ANUFRYIEU_02/IGI/LR5/.venv/lib/python3.12/site-packages/django/template/backends/django.py", line 79, in get_template
    return Template(self.engine.get_template(template_name), self)
                    ^^^^^^^^^^^^^^^^^^^^^^^^^^^^^^^^^^^^^^^
  File "/home/deviyan/353505_ANUFRYIEU_02/IGI/LR5/.venv/lib/python3.12/site-packages/django/template/engine.py", line 177, in get_template
    template, origin = self.find_template(template_name)
                       ^^^^^^^^^^^^^^^^^^^^^^^^^^^^^^^^^
  File "/home/deviyan/353505_ANUFRYIEU_02/IGI/LR5/.venv/lib/python3.12/site-packages/django/template/engine.py", line 159, in find_template
    template = loader.get_template(name, skip=skip)
               ^^^^^^^^^^^^^^^^^^^^^^^^^^^^^^^^^^^^
  File "/home/deviyan/353505_ANUFRYIEU_02/IGI/LR5/.venv/lib/python3.12/site-packages/django/template/loaders/cached.py", line 57, in get_template
    template = super().get_template(template_name, skip)
               ^^^^^^^^^^^^^^^^^^^^^^^^^^^^^^^^^^^^^^^^^
  File "/home/deviyan/353505_ANUFRYIEU_02/IGI/LR5/.venv/lib/python3.12/site-packages/django/template/loaders/base.py", line 28, in get_template
    return Template(
           ^^^^^^^^^
  File "/home/deviyan/353505_ANUFRYIEU_02/IGI/LR5/.venv/lib/python3.12/site-packages/django/template/base.py", line 154, in __init__
    self.nodelist = self.compile_nodelist()
                    ^^^^^^^^^^^^^^^^^^^^^^^
  File "/home/deviyan/353505_ANUFRYIEU_02/IGI/LR5/.venv/lib/python3.12/site-packages/django/template/base.py", line 196, in compile_nodelist
    nodelist = parser.parse()
               ^^^^^^^^^^^^^^
  File "/home/deviyan/353505_ANUFRYIEU_02/IGI/LR5/.venv/lib/python3.12/site-packages/django/template/base.py", line 518, in parse
    raise self.error(token, e)
  File "/home/deviyan/353505_ANUFRYIEU_02/IGI/LR5/.venv/lib/python3.12/site-packages/django/template/base.py", line 516, in parse
    compiled_result = compile_func(self, token)
                      ^^^^^^^^^^^^^^^^^^^^^^^^^
  File "/home/deviyan/353505_ANUFRYIEU_02/IGI/LR5/.venv/lib/python3.12/site-packages/django/template/loader_tags.py", line 299, in do_extends
    nodelist = parser.parse()
               ^^^^^^^^^^^^^^
  File "/home/deviyan/353505_ANUFRYIEU_02/IGI/LR5/.venv/lib/python3.12/site-packages/django/template/base.py", line 518, in parse
    raise self.error(token, e)
  File "/home/deviyan/353505_ANUFRYIEU_02/IGI/LR5/.venv/lib/python3.12/site-packages/django/template/base.py", line 516, in parse
    compiled_result = compile_func(self, token)
                      ^^^^^^^^^^^^^^^^^^^^^^^^^
  File "/home/deviyan/353505_ANUFRYIEU_02/IGI/LR5/.venv/lib/python3.12/site-packages/django/template/loader_tags.py", line 234, in do_block
    nodelist = parser.parse(("endblock",))
               ^^^^^^^^^^^^^^^^^^^^^^^^^^^
  File "/home/deviyan/353505_ANUFRYIEU_02/IGI/LR5/.venv/lib/python3.12/site-packages/django/template/base.py", line 518, in parse
    raise self.error(token, e)
  File "/home/deviyan/353505_ANUFRYIEU_02/IGI/LR5/.venv/lib/python3.12/site-packages/django/template/base.py", line 516, in parse
    compiled_result = compile_func(self, token)
                      ^^^^^^^^^^^^^^^^^^^^^^^^^
  File "/home/deviyan/353505_ANUFRYIEU_02/IGI/LR5/.venv/lib/python3.12/site-packages/django/template/defaulttags.py", line 962, in do_if
    nodelist = parser.parse(("elif", "else", "endif"))
               ^^^^^^^^^^^^^^^^^^^^^^^^^^^^^^^^^^^^^^^
  File "/home/deviyan/353505_ANUFRYIEU_02/IGI/LR5/.venv/lib/python3.12/site-packages/django/template/base.py", line 489, in parse
    raise self.error(token, e)
  File "/home/deviyan/353505_ANUFRYIEU_02/IGI/LR5/.venv/lib/python3.12/site-packages/django/template/base.py", line 487, in parse
    filter_expression = self.compile_filter(token.contents)
                        ^^^^^^^^^^^^^^^^^^^^^^^^^^^^^^^^^^^
  File "/home/deviyan/353505_ANUFRYIEU_02/IGI/LR5/.venv/lib/python3.12/site-packages/django/template/base.py", line 609, in compile_filter
    return FilterExpression(token, self)
           ^^^^^^^^^^^^^^^^^^^^^^^^^^^^^
  File "/home/deviyan/353505_ANUFRYIEU_02/IGI/LR5/.venv/lib/python3.12/site-packages/django/template/base.py", line 710, in __init__
    raise TemplateSyntaxError(
django.template.exceptions.TemplateSyntaxError: Could not parse the remainder: '[-1]' from 'messages[-1]'
[2025-09-14 15:47:32,259] ERROR   django.request:248 Internal Server Error: /bookings/
Traceback (most recent call last):
  File "/home/deviyan/353505_ANUFRYIEU_02/IGI/LR5/.venv/lib/python3.12/site-packages/django/core/handlers/exception.py", line 55, in inner
    response = get_response(request)
               ^^^^^^^^^^^^^^^^^^^^^
  File "/home/deviyan/353505_ANUFRYIEU_02/IGI/LR5/.venv/lib/python3.12/site-packages/django/core/handlers/base.py", line 197, in _get_response
    response = wrapped_callback(request, *callback_args, **callback_kwargs)
               ^^^^^^^^^^^^^^^^^^^^^^^^^^^^^^^^^^^^^^^^^^^^^^^^^^^^^^^^^^^^
  File "/home/deviyan/353505_ANUFRYIEU_02/IGI/LR5/.venv/lib/python3.12/site-packages/django/contrib/auth/decorators.py", line 59, in _view_wrapper
    return view_func(request, *args, **kwargs)
           ^^^^^^^^^^^^^^^^^^^^^^^^^^^^^^^^^^^
  File "/home/deviyan/353505_ANUFRYIEU_02/IGI/LR5/hotel_project/core/views.py", line 346, in bookings_view
    return render(request, 'core/bookings.html', {
           ^^^^^^^^^^^^^^^^^^^^^^^^^^^^^^^^^^^^^^^
  File "/home/deviyan/353505_ANUFRYIEU_02/IGI/LR5/.venv/lib/python3.12/site-packages/django/shortcuts.py", line 25, in render
    content = loader.render_to_string(template_name, context, request, using=using)
              ^^^^^^^^^^^^^^^^^^^^^^^^^^^^^^^^^^^^^^^^^^^^^^^^^^^^^^^^^^^^^^^^^^^^^
  File "/home/deviyan/353505_ANUFRYIEU_02/IGI/LR5/.venv/lib/python3.12/site-packages/django/template/loader.py", line 61, in render_to_string
    template = get_template(template_name, using=using)
               ^^^^^^^^^^^^^^^^^^^^^^^^^^^^^^^^^^^^^^^^
  File "/home/deviyan/353505_ANUFRYIEU_02/IGI/LR5/.venv/lib/python3.12/site-packages/django/template/loader.py", line 15, in get_template
    return engine.get_template(template_name)
           ^^^^^^^^^^^^^^^^^^^^^^^^^^^^^^^^^^
  File "/home/deviyan/353505_ANUFRYIEU_02/IGI/LR5/.venv/lib/python3.12/site-packages/django/template/backends/django.py", line 79, in get_template
    return Template(self.engine.get_template(template_name), self)
                    ^^^^^^^^^^^^^^^^^^^^^^^^^^^^^^^^^^^^^^^
  File "/home/deviyan/353505_ANUFRYIEU_02/IGI/LR5/.venv/lib/python3.12/site-packages/django/template/engine.py", line 177, in get_template
    template, origin = self.find_template(template_name)
                       ^^^^^^^^^^^^^^^^^^^^^^^^^^^^^^^^^
  File "/home/deviyan/353505_ANUFRYIEU_02/IGI/LR5/.venv/lib/python3.12/site-packages/django/template/engine.py", line 159, in find_template
    template = loader.get_template(name, skip=skip)
               ^^^^^^^^^^^^^^^^^^^^^^^^^^^^^^^^^^^^
  File "/home/deviyan/353505_ANUFRYIEU_02/IGI/LR5/.venv/lib/python3.12/site-packages/django/template/loaders/cached.py", line 57, in get_template
    template = super().get_template(template_name, skip)
               ^^^^^^^^^^^^^^^^^^^^^^^^^^^^^^^^^^^^^^^^^
  File "/home/deviyan/353505_ANUFRYIEU_02/IGI/LR5/.venv/lib/python3.12/site-packages/django/template/loaders/base.py", line 28, in get_template
    return Template(
           ^^^^^^^^^
  File "/home/deviyan/353505_ANUFRYIEU_02/IGI/LR5/.venv/lib/python3.12/site-packages/django/template/base.py", line 154, in __init__
    self.nodelist = self.compile_nodelist()
                    ^^^^^^^^^^^^^^^^^^^^^^^
  File "/home/deviyan/353505_ANUFRYIEU_02/IGI/LR5/.venv/lib/python3.12/site-packages/django/template/base.py", line 196, in compile_nodelist
    nodelist = parser.parse()
               ^^^^^^^^^^^^^^
  File "/home/deviyan/353505_ANUFRYIEU_02/IGI/LR5/.venv/lib/python3.12/site-packages/django/template/base.py", line 518, in parse
    raise self.error(token, e)
  File "/home/deviyan/353505_ANUFRYIEU_02/IGI/LR5/.venv/lib/python3.12/site-packages/django/template/base.py", line 516, in parse
    compiled_result = compile_func(self, token)
                      ^^^^^^^^^^^^^^^^^^^^^^^^^
  File "/home/deviyan/353505_ANUFRYIEU_02/IGI/LR5/.venv/lib/python3.12/site-packages/django/template/loader_tags.py", line 299, in do_extends
    nodelist = parser.parse()
               ^^^^^^^^^^^^^^
  File "/home/deviyan/353505_ANUFRYIEU_02/IGI/LR5/.venv/lib/python3.12/site-packages/django/template/base.py", line 518, in parse
    raise self.error(token, e)
  File "/home/deviyan/353505_ANUFRYIEU_02/IGI/LR5/.venv/lib/python3.12/site-packages/django/template/base.py", line 516, in parse
    compiled_result = compile_func(self, token)
                      ^^^^^^^^^^^^^^^^^^^^^^^^^
  File "/home/deviyan/353505_ANUFRYIEU_02/IGI/LR5/.venv/lib/python3.12/site-packages/django/template/loader_tags.py", line 234, in do_block
    nodelist = parser.parse(("endblock",))
               ^^^^^^^^^^^^^^^^^^^^^^^^^^^
  File "/home/deviyan/353505_ANUFRYIEU_02/IGI/LR5/.venv/lib/python3.12/site-packages/django/template/base.py", line 518, in parse
    raise self.error(token, e)
  File "/home/deviyan/353505_ANUFRYIEU_02/IGI/LR5/.venv/lib/python3.12/site-packages/django/template/base.py", line 516, in parse
    compiled_result = compile_func(self, token)
                      ^^^^^^^^^^^^^^^^^^^^^^^^^
  File "/home/deviyan/353505_ANUFRYIEU_02/IGI/LR5/.venv/lib/python3.12/site-packages/django/template/defaulttags.py", line 962, in do_if
    nodelist = parser.parse(("elif", "else", "endif"))
               ^^^^^^^^^^^^^^^^^^^^^^^^^^^^^^^^^^^^^^^
  File "/home/deviyan/353505_ANUFRYIEU_02/IGI/LR5/.venv/lib/python3.12/site-packages/django/template/base.py", line 489, in parse
    raise self.error(token, e)
  File "/home/deviyan/353505_ANUFRYIEU_02/IGI/LR5/.venv/lib/python3.12/site-packages/django/template/base.py", line 487, in parse
    filter_expression = self.compile_filter(token.contents)
                        ^^^^^^^^^^^^^^^^^^^^^^^^^^^^^^^^^^^
  File "/home/deviyan/353505_ANUFRYIEU_02/IGI/LR5/.venv/lib/python3.12/site-packages/django/template/base.py", line 609, in compile_filter
    return FilterExpression(token, self)
           ^^^^^^^^^^^^^^^^^^^^^^^^^^^^^
  File "/home/deviyan/353505_ANUFRYIEU_02/IGI/LR5/.venv/lib/python3.12/site-packages/django/template/base.py", line 710, in __init__
    raise TemplateSyntaxError(
django.template.exceptions.TemplateSyntaxError: Could not parse the remainder: '[-1]' from 'messages[-1]'
[2025-09-14 15:47:32,530] ERROR   django.request:248 Internal Server Error: /bookings/
Traceback (most recent call last):
  File "/home/deviyan/353505_ANUFRYIEU_02/IGI/LR5/.venv/lib/python3.12/site-packages/django/core/handlers/exception.py", line 55, in inner
    response = get_response(request)
               ^^^^^^^^^^^^^^^^^^^^^
  File "/home/deviyan/353505_ANUFRYIEU_02/IGI/LR5/.venv/lib/python3.12/site-packages/django/core/handlers/base.py", line 197, in _get_response
    response = wrapped_callback(request, *callback_args, **callback_kwargs)
               ^^^^^^^^^^^^^^^^^^^^^^^^^^^^^^^^^^^^^^^^^^^^^^^^^^^^^^^^^^^^
  File "/home/deviyan/353505_ANUFRYIEU_02/IGI/LR5/.venv/lib/python3.12/site-packages/django/contrib/auth/decorators.py", line 59, in _view_wrapper
    return view_func(request, *args, **kwargs)
           ^^^^^^^^^^^^^^^^^^^^^^^^^^^^^^^^^^^
  File "/home/deviyan/353505_ANUFRYIEU_02/IGI/LR5/hotel_project/core/views.py", line 346, in bookings_view
    return render(request, 'core/bookings.html', {
           ^^^^^^^^^^^^^^^^^^^^^^^^^^^^^^^^^^^^^^^
  File "/home/deviyan/353505_ANUFRYIEU_02/IGI/LR5/.venv/lib/python3.12/site-packages/django/shortcuts.py", line 25, in render
    content = loader.render_to_string(template_name, context, request, using=using)
              ^^^^^^^^^^^^^^^^^^^^^^^^^^^^^^^^^^^^^^^^^^^^^^^^^^^^^^^^^^^^^^^^^^^^^
  File "/home/deviyan/353505_ANUFRYIEU_02/IGI/LR5/.venv/lib/python3.12/site-packages/django/template/loader.py", line 61, in render_to_string
    template = get_template(template_name, using=using)
               ^^^^^^^^^^^^^^^^^^^^^^^^^^^^^^^^^^^^^^^^
  File "/home/deviyan/353505_ANUFRYIEU_02/IGI/LR5/.venv/lib/python3.12/site-packages/django/template/loader.py", line 15, in get_template
    return engine.get_template(template_name)
           ^^^^^^^^^^^^^^^^^^^^^^^^^^^^^^^^^^
  File "/home/deviyan/353505_ANUFRYIEU_02/IGI/LR5/.venv/lib/python3.12/site-packages/django/template/backends/django.py", line 79, in get_template
    return Template(self.engine.get_template(template_name), self)
                    ^^^^^^^^^^^^^^^^^^^^^^^^^^^^^^^^^^^^^^^
  File "/home/deviyan/353505_ANUFRYIEU_02/IGI/LR5/.venv/lib/python3.12/site-packages/django/template/engine.py", line 177, in get_template
    template, origin = self.find_template(template_name)
                       ^^^^^^^^^^^^^^^^^^^^^^^^^^^^^^^^^
  File "/home/deviyan/353505_ANUFRYIEU_02/IGI/LR5/.venv/lib/python3.12/site-packages/django/template/engine.py", line 159, in find_template
    template = loader.get_template(name, skip=skip)
               ^^^^^^^^^^^^^^^^^^^^^^^^^^^^^^^^^^^^
  File "/home/deviyan/353505_ANUFRYIEU_02/IGI/LR5/.venv/lib/python3.12/site-packages/django/template/loaders/cached.py", line 57, in get_template
    template = super().get_template(template_name, skip)
               ^^^^^^^^^^^^^^^^^^^^^^^^^^^^^^^^^^^^^^^^^
  File "/home/deviyan/353505_ANUFRYIEU_02/IGI/LR5/.venv/lib/python3.12/site-packages/django/template/loaders/base.py", line 28, in get_template
    return Template(
           ^^^^^^^^^
  File "/home/deviyan/353505_ANUFRYIEU_02/IGI/LR5/.venv/lib/python3.12/site-packages/django/template/base.py", line 154, in __init__
    self.nodelist = self.compile_nodelist()
                    ^^^^^^^^^^^^^^^^^^^^^^^
  File "/home/deviyan/353505_ANUFRYIEU_02/IGI/LR5/.venv/lib/python3.12/site-packages/django/template/base.py", line 196, in compile_nodelist
    nodelist = parser.parse()
               ^^^^^^^^^^^^^^
  File "/home/deviyan/353505_ANUFRYIEU_02/IGI/LR5/.venv/lib/python3.12/site-packages/django/template/base.py", line 518, in parse
    raise self.error(token, e)
  File "/home/deviyan/353505_ANUFRYIEU_02/IGI/LR5/.venv/lib/python3.12/site-packages/django/template/base.py", line 516, in parse
    compiled_result = compile_func(self, token)
                      ^^^^^^^^^^^^^^^^^^^^^^^^^
  File "/home/deviyan/353505_ANUFRYIEU_02/IGI/LR5/.venv/lib/python3.12/site-packages/django/template/loader_tags.py", line 299, in do_extends
    nodelist = parser.parse()
               ^^^^^^^^^^^^^^
  File "/home/deviyan/353505_ANUFRYIEU_02/IGI/LR5/.venv/lib/python3.12/site-packages/django/template/base.py", line 518, in parse
    raise self.error(token, e)
  File "/home/deviyan/353505_ANUFRYIEU_02/IGI/LR5/.venv/lib/python3.12/site-packages/django/template/base.py", line 516, in parse
    compiled_result = compile_func(self, token)
                      ^^^^^^^^^^^^^^^^^^^^^^^^^
  File "/home/deviyan/353505_ANUFRYIEU_02/IGI/LR5/.venv/lib/python3.12/site-packages/django/template/loader_tags.py", line 234, in do_block
    nodelist = parser.parse(("endblock",))
               ^^^^^^^^^^^^^^^^^^^^^^^^^^^
  File "/home/deviyan/353505_ANUFRYIEU_02/IGI/LR5/.venv/lib/python3.12/site-packages/django/template/base.py", line 518, in parse
    raise self.error(token, e)
  File "/home/deviyan/353505_ANUFRYIEU_02/IGI/LR5/.venv/lib/python3.12/site-packages/django/template/base.py", line 516, in parse
    compiled_result = compile_func(self, token)
                      ^^^^^^^^^^^^^^^^^^^^^^^^^
  File "/home/deviyan/353505_ANUFRYIEU_02/IGI/LR5/.venv/lib/python3.12/site-packages/django/template/defaulttags.py", line 962, in do_if
    nodelist = parser.parse(("elif", "else", "endif"))
               ^^^^^^^^^^^^^^^^^^^^^^^^^^^^^^^^^^^^^^^
  File "/home/deviyan/353505_ANUFRYIEU_02/IGI/LR5/.venv/lib/python3.12/site-packages/django/template/base.py", line 489, in parse
    raise self.error(token, e)
  File "/home/deviyan/353505_ANUFRYIEU_02/IGI/LR5/.venv/lib/python3.12/site-packages/django/template/base.py", line 487, in parse
    filter_expression = self.compile_filter(token.contents)
                        ^^^^^^^^^^^^^^^^^^^^^^^^^^^^^^^^^^^
  File "/home/deviyan/353505_ANUFRYIEU_02/IGI/LR5/.venv/lib/python3.12/site-packages/django/template/base.py", line 609, in compile_filter
    return FilterExpression(token, self)
           ^^^^^^^^^^^^^^^^^^^^^^^^^^^^^
  File "/home/deviyan/353505_ANUFRYIEU_02/IGI/LR5/.venv/lib/python3.12/site-packages/django/template/base.py", line 710, in __init__
    raise TemplateSyntaxError(
django.template.exceptions.TemplateSyntaxError: Could not parse the remainder: '[-1]' from 'messages[-1]'
[2025-09-14 15:47:33,396] ERROR   django.request:248 Internal Server Error: /bookings/
Traceback (most recent call last):
  File "/home/deviyan/353505_ANUFRYIEU_02/IGI/LR5/.venv/lib/python3.12/site-packages/django/core/handlers/exception.py", line 55, in inner
    response = get_response(request)
               ^^^^^^^^^^^^^^^^^^^^^
  File "/home/deviyan/353505_ANUFRYIEU_02/IGI/LR5/.venv/lib/python3.12/site-packages/django/core/handlers/base.py", line 197, in _get_response
    response = wrapped_callback(request, *callback_args, **callback_kwargs)
               ^^^^^^^^^^^^^^^^^^^^^^^^^^^^^^^^^^^^^^^^^^^^^^^^^^^^^^^^^^^^
  File "/home/deviyan/353505_ANUFRYIEU_02/IGI/LR5/.venv/lib/python3.12/site-packages/django/contrib/auth/decorators.py", line 59, in _view_wrapper
    return view_func(request, *args, **kwargs)
           ^^^^^^^^^^^^^^^^^^^^^^^^^^^^^^^^^^^
  File "/home/deviyan/353505_ANUFRYIEU_02/IGI/LR5/hotel_project/core/views.py", line 346, in bookings_view
    return render(request, 'core/bookings.html', {
           ^^^^^^^^^^^^^^^^^^^^^^^^^^^^^^^^^^^^^^^
  File "/home/deviyan/353505_ANUFRYIEU_02/IGI/LR5/.venv/lib/python3.12/site-packages/django/shortcuts.py", line 25, in render
    content = loader.render_to_string(template_name, context, request, using=using)
              ^^^^^^^^^^^^^^^^^^^^^^^^^^^^^^^^^^^^^^^^^^^^^^^^^^^^^^^^^^^^^^^^^^^^^
  File "/home/deviyan/353505_ANUFRYIEU_02/IGI/LR5/.venv/lib/python3.12/site-packages/django/template/loader.py", line 61, in render_to_string
    template = get_template(template_name, using=using)
               ^^^^^^^^^^^^^^^^^^^^^^^^^^^^^^^^^^^^^^^^
  File "/home/deviyan/353505_ANUFRYIEU_02/IGI/LR5/.venv/lib/python3.12/site-packages/django/template/loader.py", line 15, in get_template
    return engine.get_template(template_name)
           ^^^^^^^^^^^^^^^^^^^^^^^^^^^^^^^^^^
  File "/home/deviyan/353505_ANUFRYIEU_02/IGI/LR5/.venv/lib/python3.12/site-packages/django/template/backends/django.py", line 79, in get_template
    return Template(self.engine.get_template(template_name), self)
                    ^^^^^^^^^^^^^^^^^^^^^^^^^^^^^^^^^^^^^^^
  File "/home/deviyan/353505_ANUFRYIEU_02/IGI/LR5/.venv/lib/python3.12/site-packages/django/template/engine.py", line 177, in get_template
    template, origin = self.find_template(template_name)
                       ^^^^^^^^^^^^^^^^^^^^^^^^^^^^^^^^^
  File "/home/deviyan/353505_ANUFRYIEU_02/IGI/LR5/.venv/lib/python3.12/site-packages/django/template/engine.py", line 159, in find_template
    template = loader.get_template(name, skip=skip)
               ^^^^^^^^^^^^^^^^^^^^^^^^^^^^^^^^^^^^
  File "/home/deviyan/353505_ANUFRYIEU_02/IGI/LR5/.venv/lib/python3.12/site-packages/django/template/loaders/cached.py", line 57, in get_template
    template = super().get_template(template_name, skip)
               ^^^^^^^^^^^^^^^^^^^^^^^^^^^^^^^^^^^^^^^^^
  File "/home/deviyan/353505_ANUFRYIEU_02/IGI/LR5/.venv/lib/python3.12/site-packages/django/template/loaders/base.py", line 28, in get_template
    return Template(
           ^^^^^^^^^
  File "/home/deviyan/353505_ANUFRYIEU_02/IGI/LR5/.venv/lib/python3.12/site-packages/django/template/base.py", line 154, in __init__
    self.nodelist = self.compile_nodelist()
                    ^^^^^^^^^^^^^^^^^^^^^^^
  File "/home/deviyan/353505_ANUFRYIEU_02/IGI/LR5/.venv/lib/python3.12/site-packages/django/template/base.py", line 196, in compile_nodelist
    nodelist = parser.parse()
               ^^^^^^^^^^^^^^
  File "/home/deviyan/353505_ANUFRYIEU_02/IGI/LR5/.venv/lib/python3.12/site-packages/django/template/base.py", line 518, in parse
    raise self.error(token, e)
  File "/home/deviyan/353505_ANUFRYIEU_02/IGI/LR5/.venv/lib/python3.12/site-packages/django/template/base.py", line 516, in parse
    compiled_result = compile_func(self, token)
                      ^^^^^^^^^^^^^^^^^^^^^^^^^
  File "/home/deviyan/353505_ANUFRYIEU_02/IGI/LR5/.venv/lib/python3.12/site-packages/django/template/loader_tags.py", line 299, in do_extends
    nodelist = parser.parse()
               ^^^^^^^^^^^^^^
  File "/home/deviyan/353505_ANUFRYIEU_02/IGI/LR5/.venv/lib/python3.12/site-packages/django/template/base.py", line 518, in parse
    raise self.error(token, e)
  File "/home/deviyan/353505_ANUFRYIEU_02/IGI/LR5/.venv/lib/python3.12/site-packages/django/template/base.py", line 516, in parse
    compiled_result = compile_func(self, token)
                      ^^^^^^^^^^^^^^^^^^^^^^^^^
  File "/home/deviyan/353505_ANUFRYIEU_02/IGI/LR5/.venv/lib/python3.12/site-packages/django/template/loader_tags.py", line 234, in do_block
    nodelist = parser.parse(("endblock",))
               ^^^^^^^^^^^^^^^^^^^^^^^^^^^
  File "/home/deviyan/353505_ANUFRYIEU_02/IGI/LR5/.venv/lib/python3.12/site-packages/django/template/base.py", line 518, in parse
    raise self.error(token, e)
  File "/home/deviyan/353505_ANUFRYIEU_02/IGI/LR5/.venv/lib/python3.12/site-packages/django/template/base.py", line 516, in parse
    compiled_result = compile_func(self, token)
                      ^^^^^^^^^^^^^^^^^^^^^^^^^
  File "/home/deviyan/353505_ANUFRYIEU_02/IGI/LR5/.venv/lib/python3.12/site-packages/django/template/defaulttags.py", line 962, in do_if
    nodelist = parser.parse(("elif", "else", "endif"))
               ^^^^^^^^^^^^^^^^^^^^^^^^^^^^^^^^^^^^^^^
  File "/home/deviyan/353505_ANUFRYIEU_02/IGI/LR5/.venv/lib/python3.12/site-packages/django/template/base.py", line 489, in parse
    raise self.error(token, e)
  File "/home/deviyan/353505_ANUFRYIEU_02/IGI/LR5/.venv/lib/python3.12/site-packages/django/template/base.py", line 487, in parse
    filter_expression = self.compile_filter(token.contents)
                        ^^^^^^^^^^^^^^^^^^^^^^^^^^^^^^^^^^^
  File "/home/deviyan/353505_ANUFRYIEU_02/IGI/LR5/.venv/lib/python3.12/site-packages/django/template/base.py", line 609, in compile_filter
    return FilterExpression(token, self)
           ^^^^^^^^^^^^^^^^^^^^^^^^^^^^^
  File "/home/deviyan/353505_ANUFRYIEU_02/IGI/LR5/.venv/lib/python3.12/site-packages/django/template/base.py", line 710, in __init__
    raise TemplateSyntaxError(
django.template.exceptions.TemplateSyntaxError: Could not parse the remainder: '[-1]' from 'messages[-1]'
[2025-09-14 15:47:48,341] ERROR   django.request:248 Internal Server Error: /bookings/
Traceback (most recent call last):
  File "/home/deviyan/353505_ANUFRYIEU_02/IGI/LR5/.venv/lib/python3.12/site-packages/django/core/handlers/exception.py", line 55, in inner
    response = get_response(request)
               ^^^^^^^^^^^^^^^^^^^^^
  File "/home/deviyan/353505_ANUFRYIEU_02/IGI/LR5/.venv/lib/python3.12/site-packages/django/core/handlers/base.py", line 197, in _get_response
    response = wrapped_callback(request, *callback_args, **callback_kwargs)
               ^^^^^^^^^^^^^^^^^^^^^^^^^^^^^^^^^^^^^^^^^^^^^^^^^^^^^^^^^^^^
  File "/home/deviyan/353505_ANUFRYIEU_02/IGI/LR5/.venv/lib/python3.12/site-packages/django/contrib/auth/decorators.py", line 59, in _view_wrapper
    return view_func(request, *args, **kwargs)
           ^^^^^^^^^^^^^^^^^^^^^^^^^^^^^^^^^^^
  File "/home/deviyan/353505_ANUFRYIEU_02/IGI/LR5/hotel_project/core/views.py", line 346, in bookings_view
    return render(request, 'core/bookings.html', {
           ^^^^^^^^^^^^^^^^^^^^^^^^^^^^^^^^^^^^^^^
  File "/home/deviyan/353505_ANUFRYIEU_02/IGI/LR5/.venv/lib/python3.12/site-packages/django/shortcuts.py", line 25, in render
    content = loader.render_to_string(template_name, context, request, using=using)
              ^^^^^^^^^^^^^^^^^^^^^^^^^^^^^^^^^^^^^^^^^^^^^^^^^^^^^^^^^^^^^^^^^^^^^
  File "/home/deviyan/353505_ANUFRYIEU_02/IGI/LR5/.venv/lib/python3.12/site-packages/django/template/loader.py", line 61, in render_to_string
    template = get_template(template_name, using=using)
               ^^^^^^^^^^^^^^^^^^^^^^^^^^^^^^^^^^^^^^^^
  File "/home/deviyan/353505_ANUFRYIEU_02/IGI/LR5/.venv/lib/python3.12/site-packages/django/template/loader.py", line 15, in get_template
    return engine.get_template(template_name)
           ^^^^^^^^^^^^^^^^^^^^^^^^^^^^^^^^^^
  File "/home/deviyan/353505_ANUFRYIEU_02/IGI/LR5/.venv/lib/python3.12/site-packages/django/template/backends/django.py", line 79, in get_template
    return Template(self.engine.get_template(template_name), self)
                    ^^^^^^^^^^^^^^^^^^^^^^^^^^^^^^^^^^^^^^^
  File "/home/deviyan/353505_ANUFRYIEU_02/IGI/LR5/.venv/lib/python3.12/site-packages/django/template/engine.py", line 177, in get_template
    template, origin = self.find_template(template_name)
                       ^^^^^^^^^^^^^^^^^^^^^^^^^^^^^^^^^
  File "/home/deviyan/353505_ANUFRYIEU_02/IGI/LR5/.venv/lib/python3.12/site-packages/django/template/engine.py", line 159, in find_template
    template = loader.get_template(name, skip=skip)
               ^^^^^^^^^^^^^^^^^^^^^^^^^^^^^^^^^^^^
  File "/home/deviyan/353505_ANUFRYIEU_02/IGI/LR5/.venv/lib/python3.12/site-packages/django/template/loaders/cached.py", line 57, in get_template
    template = super().get_template(template_name, skip)
               ^^^^^^^^^^^^^^^^^^^^^^^^^^^^^^^^^^^^^^^^^
  File "/home/deviyan/353505_ANUFRYIEU_02/IGI/LR5/.venv/lib/python3.12/site-packages/django/template/loaders/base.py", line 28, in get_template
    return Template(
           ^^^^^^^^^
  File "/home/deviyan/353505_ANUFRYIEU_02/IGI/LR5/.venv/lib/python3.12/site-packages/django/template/base.py", line 154, in __init__
    self.nodelist = self.compile_nodelist()
                    ^^^^^^^^^^^^^^^^^^^^^^^
  File "/home/deviyan/353505_ANUFRYIEU_02/IGI/LR5/.venv/lib/python3.12/site-packages/django/template/base.py", line 196, in compile_nodelist
    nodelist = parser.parse()
               ^^^^^^^^^^^^^^
  File "/home/deviyan/353505_ANUFRYIEU_02/IGI/LR5/.venv/lib/python3.12/site-packages/django/template/base.py", line 518, in parse
    raise self.error(token, e)
  File "/home/deviyan/353505_ANUFRYIEU_02/IGI/LR5/.venv/lib/python3.12/site-packages/django/template/base.py", line 516, in parse
    compiled_result = compile_func(self, token)
                      ^^^^^^^^^^^^^^^^^^^^^^^^^
  File "/home/deviyan/353505_ANUFRYIEU_02/IGI/LR5/.venv/lib/python3.12/site-packages/django/template/loader_tags.py", line 299, in do_extends
    nodelist = parser.parse()
               ^^^^^^^^^^^^^^
  File "/home/deviyan/353505_ANUFRYIEU_02/IGI/LR5/.venv/lib/python3.12/site-packages/django/template/base.py", line 518, in parse
    raise self.error(token, e)
  File "/home/deviyan/353505_ANUFRYIEU_02/IGI/LR5/.venv/lib/python3.12/site-packages/django/template/base.py", line 516, in parse
    compiled_result = compile_func(self, token)
                      ^^^^^^^^^^^^^^^^^^^^^^^^^
  File "/home/deviyan/353505_ANUFRYIEU_02/IGI/LR5/.venv/lib/python3.12/site-packages/django/template/loader_tags.py", line 234, in do_block
    nodelist = parser.parse(("endblock",))
               ^^^^^^^^^^^^^^^^^^^^^^^^^^^
  File "/home/deviyan/353505_ANUFRYIEU_02/IGI/LR5/.venv/lib/python3.12/site-packages/django/template/base.py", line 518, in parse
    raise self.error(token, e)
  File "/home/deviyan/353505_ANUFRYIEU_02/IGI/LR5/.venv/lib/python3.12/site-packages/django/template/base.py", line 516, in parse
    compiled_result = compile_func(self, token)
                      ^^^^^^^^^^^^^^^^^^^^^^^^^
  File "/home/deviyan/353505_ANUFRYIEU_02/IGI/LR5/.venv/lib/python3.12/site-packages/django/template/defaulttags.py", line 962, in do_if
    nodelist = parser.parse(("elif", "else", "endif"))
               ^^^^^^^^^^^^^^^^^^^^^^^^^^^^^^^^^^^^^^^
  File "/home/deviyan/353505_ANUFRYIEU_02/IGI/LR5/.venv/lib/python3.12/site-packages/django/template/base.py", line 489, in parse
    raise self.error(token, e)
  File "/home/deviyan/353505_ANUFRYIEU_02/IGI/LR5/.venv/lib/python3.12/site-packages/django/template/base.py", line 487, in parse
    filter_expression = self.compile_filter(token.contents)
                        ^^^^^^^^^^^^^^^^^^^^^^^^^^^^^^^^^^^
  File "/home/deviyan/353505_ANUFRYIEU_02/IGI/LR5/.venv/lib/python3.12/site-packages/django/template/base.py", line 609, in compile_filter
    return FilterExpression(token, self)
           ^^^^^^^^^^^^^^^^^^^^^^^^^^^^^
  File "/home/deviyan/353505_ANUFRYIEU_02/IGI/LR5/.venv/lib/python3.12/site-packages/django/template/base.py", line 710, in __init__
    raise TemplateSyntaxError(
django.template.exceptions.TemplateSyntaxError: Could not parse the remainder: '[:-1]' from 'messages[:-1]'
[2025-09-14 15:47:49,019] ERROR   django.request:248 Internal Server Error: /bookings/
Traceback (most recent call last):
  File "/home/deviyan/353505_ANUFRYIEU_02/IGI/LR5/.venv/lib/python3.12/site-packages/django/core/handlers/exception.py", line 55, in inner
    response = get_response(request)
               ^^^^^^^^^^^^^^^^^^^^^
  File "/home/deviyan/353505_ANUFRYIEU_02/IGI/LR5/.venv/lib/python3.12/site-packages/django/core/handlers/base.py", line 197, in _get_response
    response = wrapped_callback(request, *callback_args, **callback_kwargs)
               ^^^^^^^^^^^^^^^^^^^^^^^^^^^^^^^^^^^^^^^^^^^^^^^^^^^^^^^^^^^^
  File "/home/deviyan/353505_ANUFRYIEU_02/IGI/LR5/.venv/lib/python3.12/site-packages/django/contrib/auth/decorators.py", line 59, in _view_wrapper
    return view_func(request, *args, **kwargs)
           ^^^^^^^^^^^^^^^^^^^^^^^^^^^^^^^^^^^
  File "/home/deviyan/353505_ANUFRYIEU_02/IGI/LR5/hotel_project/core/views.py", line 346, in bookings_view
    return render(request, 'core/bookings.html', {
           ^^^^^^^^^^^^^^^^^^^^^^^^^^^^^^^^^^^^^^^
  File "/home/deviyan/353505_ANUFRYIEU_02/IGI/LR5/.venv/lib/python3.12/site-packages/django/shortcuts.py", line 25, in render
    content = loader.render_to_string(template_name, context, request, using=using)
              ^^^^^^^^^^^^^^^^^^^^^^^^^^^^^^^^^^^^^^^^^^^^^^^^^^^^^^^^^^^^^^^^^^^^^
  File "/home/deviyan/353505_ANUFRYIEU_02/IGI/LR5/.venv/lib/python3.12/site-packages/django/template/loader.py", line 61, in render_to_string
    template = get_template(template_name, using=using)
               ^^^^^^^^^^^^^^^^^^^^^^^^^^^^^^^^^^^^^^^^
  File "/home/deviyan/353505_ANUFRYIEU_02/IGI/LR5/.venv/lib/python3.12/site-packages/django/template/loader.py", line 15, in get_template
    return engine.get_template(template_name)
           ^^^^^^^^^^^^^^^^^^^^^^^^^^^^^^^^^^
  File "/home/deviyan/353505_ANUFRYIEU_02/IGI/LR5/.venv/lib/python3.12/site-packages/django/template/backends/django.py", line 79, in get_template
    return Template(self.engine.get_template(template_name), self)
                    ^^^^^^^^^^^^^^^^^^^^^^^^^^^^^^^^^^^^^^^
  File "/home/deviyan/353505_ANUFRYIEU_02/IGI/LR5/.venv/lib/python3.12/site-packages/django/template/engine.py", line 177, in get_template
    template, origin = self.find_template(template_name)
                       ^^^^^^^^^^^^^^^^^^^^^^^^^^^^^^^^^
  File "/home/deviyan/353505_ANUFRYIEU_02/IGI/LR5/.venv/lib/python3.12/site-packages/django/template/engine.py", line 159, in find_template
    template = loader.get_template(name, skip=skip)
               ^^^^^^^^^^^^^^^^^^^^^^^^^^^^^^^^^^^^
  File "/home/deviyan/353505_ANUFRYIEU_02/IGI/LR5/.venv/lib/python3.12/site-packages/django/template/loaders/cached.py", line 57, in get_template
    template = super().get_template(template_name, skip)
               ^^^^^^^^^^^^^^^^^^^^^^^^^^^^^^^^^^^^^^^^^
  File "/home/deviyan/353505_ANUFRYIEU_02/IGI/LR5/.venv/lib/python3.12/site-packages/django/template/loaders/base.py", line 28, in get_template
    return Template(
           ^^^^^^^^^
  File "/home/deviyan/353505_ANUFRYIEU_02/IGI/LR5/.venv/lib/python3.12/site-packages/django/template/base.py", line 154, in __init__
    self.nodelist = self.compile_nodelist()
                    ^^^^^^^^^^^^^^^^^^^^^^^
  File "/home/deviyan/353505_ANUFRYIEU_02/IGI/LR5/.venv/lib/python3.12/site-packages/django/template/base.py", line 196, in compile_nodelist
    nodelist = parser.parse()
               ^^^^^^^^^^^^^^
  File "/home/deviyan/353505_ANUFRYIEU_02/IGI/LR5/.venv/lib/python3.12/site-packages/django/template/base.py", line 518, in parse
    raise self.error(token, e)
  File "/home/deviyan/353505_ANUFRYIEU_02/IGI/LR5/.venv/lib/python3.12/site-packages/django/template/base.py", line 516, in parse
    compiled_result = compile_func(self, token)
                      ^^^^^^^^^^^^^^^^^^^^^^^^^
  File "/home/deviyan/353505_ANUFRYIEU_02/IGI/LR5/.venv/lib/python3.12/site-packages/django/template/loader_tags.py", line 299, in do_extends
    nodelist = parser.parse()
               ^^^^^^^^^^^^^^
  File "/home/deviyan/353505_ANUFRYIEU_02/IGI/LR5/.venv/lib/python3.12/site-packages/django/template/base.py", line 518, in parse
    raise self.error(token, e)
  File "/home/deviyan/353505_ANUFRYIEU_02/IGI/LR5/.venv/lib/python3.12/site-packages/django/template/base.py", line 516, in parse
    compiled_result = compile_func(self, token)
                      ^^^^^^^^^^^^^^^^^^^^^^^^^
  File "/home/deviyan/353505_ANUFRYIEU_02/IGI/LR5/.venv/lib/python3.12/site-packages/django/template/loader_tags.py", line 234, in do_block
    nodelist = parser.parse(("endblock",))
               ^^^^^^^^^^^^^^^^^^^^^^^^^^^
  File "/home/deviyan/353505_ANUFRYIEU_02/IGI/LR5/.venv/lib/python3.12/site-packages/django/template/base.py", line 518, in parse
    raise self.error(token, e)
  File "/home/deviyan/353505_ANUFRYIEU_02/IGI/LR5/.venv/lib/python3.12/site-packages/django/template/base.py", line 516, in parse
    compiled_result = compile_func(self, token)
                      ^^^^^^^^^^^^^^^^^^^^^^^^^
  File "/home/deviyan/353505_ANUFRYIEU_02/IGI/LR5/.venv/lib/python3.12/site-packages/django/template/defaulttags.py", line 962, in do_if
    nodelist = parser.parse(("elif", "else", "endif"))
               ^^^^^^^^^^^^^^^^^^^^^^^^^^^^^^^^^^^^^^^
  File "/home/deviyan/353505_ANUFRYIEU_02/IGI/LR5/.venv/lib/python3.12/site-packages/django/template/base.py", line 489, in parse
    raise self.error(token, e)
  File "/home/deviyan/353505_ANUFRYIEU_02/IGI/LR5/.venv/lib/python3.12/site-packages/django/template/base.py", line 487, in parse
    filter_expression = self.compile_filter(token.contents)
                        ^^^^^^^^^^^^^^^^^^^^^^^^^^^^^^^^^^^
  File "/home/deviyan/353505_ANUFRYIEU_02/IGI/LR5/.venv/lib/python3.12/site-packages/django/template/base.py", line 609, in compile_filter
    return FilterExpression(token, self)
           ^^^^^^^^^^^^^^^^^^^^^^^^^^^^^
  File "/home/deviyan/353505_ANUFRYIEU_02/IGI/LR5/.venv/lib/python3.12/site-packages/django/template/base.py", line 710, in __init__
    raise TemplateSyntaxError(
django.template.exceptions.TemplateSyntaxError: Could not parse the remainder: '[:-1]' from 'messages[:-1]'
[2025-09-14 15:47:49,441] ERROR   django.request:248 Internal Server Error: /bookings/
Traceback (most recent call last):
  File "/home/deviyan/353505_ANUFRYIEU_02/IGI/LR5/.venv/lib/python3.12/site-packages/django/core/handlers/exception.py", line 55, in inner
    response = get_response(request)
               ^^^^^^^^^^^^^^^^^^^^^
  File "/home/deviyan/353505_ANUFRYIEU_02/IGI/LR5/.venv/lib/python3.12/site-packages/django/core/handlers/base.py", line 197, in _get_response
    response = wrapped_callback(request, *callback_args, **callback_kwargs)
               ^^^^^^^^^^^^^^^^^^^^^^^^^^^^^^^^^^^^^^^^^^^^^^^^^^^^^^^^^^^^
  File "/home/deviyan/353505_ANUFRYIEU_02/IGI/LR5/.venv/lib/python3.12/site-packages/django/contrib/auth/decorators.py", line 59, in _view_wrapper
    return view_func(request, *args, **kwargs)
           ^^^^^^^^^^^^^^^^^^^^^^^^^^^^^^^^^^^
  File "/home/deviyan/353505_ANUFRYIEU_02/IGI/LR5/hotel_project/core/views.py", line 346, in bookings_view
    return render(request, 'core/bookings.html', {
           ^^^^^^^^^^^^^^^^^^^^^^^^^^^^^^^^^^^^^^^
  File "/home/deviyan/353505_ANUFRYIEU_02/IGI/LR5/.venv/lib/python3.12/site-packages/django/shortcuts.py", line 25, in render
    content = loader.render_to_string(template_name, context, request, using=using)
              ^^^^^^^^^^^^^^^^^^^^^^^^^^^^^^^^^^^^^^^^^^^^^^^^^^^^^^^^^^^^^^^^^^^^^
  File "/home/deviyan/353505_ANUFRYIEU_02/IGI/LR5/.venv/lib/python3.12/site-packages/django/template/loader.py", line 61, in render_to_string
    template = get_template(template_name, using=using)
               ^^^^^^^^^^^^^^^^^^^^^^^^^^^^^^^^^^^^^^^^
  File "/home/deviyan/353505_ANUFRYIEU_02/IGI/LR5/.venv/lib/python3.12/site-packages/django/template/loader.py", line 15, in get_template
    return engine.get_template(template_name)
           ^^^^^^^^^^^^^^^^^^^^^^^^^^^^^^^^^^
  File "/home/deviyan/353505_ANUFRYIEU_02/IGI/LR5/.venv/lib/python3.12/site-packages/django/template/backends/django.py", line 79, in get_template
    return Template(self.engine.get_template(template_name), self)
                    ^^^^^^^^^^^^^^^^^^^^^^^^^^^^^^^^^^^^^^^
  File "/home/deviyan/353505_ANUFRYIEU_02/IGI/LR5/.venv/lib/python3.12/site-packages/django/template/engine.py", line 177, in get_template
    template, origin = self.find_template(template_name)
                       ^^^^^^^^^^^^^^^^^^^^^^^^^^^^^^^^^
  File "/home/deviyan/353505_ANUFRYIEU_02/IGI/LR5/.venv/lib/python3.12/site-packages/django/template/engine.py", line 159, in find_template
    template = loader.get_template(name, skip=skip)
               ^^^^^^^^^^^^^^^^^^^^^^^^^^^^^^^^^^^^
  File "/home/deviyan/353505_ANUFRYIEU_02/IGI/LR5/.venv/lib/python3.12/site-packages/django/template/loaders/cached.py", line 57, in get_template
    template = super().get_template(template_name, skip)
               ^^^^^^^^^^^^^^^^^^^^^^^^^^^^^^^^^^^^^^^^^
  File "/home/deviyan/353505_ANUFRYIEU_02/IGI/LR5/.venv/lib/python3.12/site-packages/django/template/loaders/base.py", line 28, in get_template
    return Template(
           ^^^^^^^^^
  File "/home/deviyan/353505_ANUFRYIEU_02/IGI/LR5/.venv/lib/python3.12/site-packages/django/template/base.py", line 154, in __init__
    self.nodelist = self.compile_nodelist()
                    ^^^^^^^^^^^^^^^^^^^^^^^
  File "/home/deviyan/353505_ANUFRYIEU_02/IGI/LR5/.venv/lib/python3.12/site-packages/django/template/base.py", line 196, in compile_nodelist
    nodelist = parser.parse()
               ^^^^^^^^^^^^^^
  File "/home/deviyan/353505_ANUFRYIEU_02/IGI/LR5/.venv/lib/python3.12/site-packages/django/template/base.py", line 518, in parse
    raise self.error(token, e)
  File "/home/deviyan/353505_ANUFRYIEU_02/IGI/LR5/.venv/lib/python3.12/site-packages/django/template/base.py", line 516, in parse
    compiled_result = compile_func(self, token)
                      ^^^^^^^^^^^^^^^^^^^^^^^^^
  File "/home/deviyan/353505_ANUFRYIEU_02/IGI/LR5/.venv/lib/python3.12/site-packages/django/template/loader_tags.py", line 299, in do_extends
    nodelist = parser.parse()
               ^^^^^^^^^^^^^^
  File "/home/deviyan/353505_ANUFRYIEU_02/IGI/LR5/.venv/lib/python3.12/site-packages/django/template/base.py", line 518, in parse
    raise self.error(token, e)
  File "/home/deviyan/353505_ANUFRYIEU_02/IGI/LR5/.venv/lib/python3.12/site-packages/django/template/base.py", line 516, in parse
    compiled_result = compile_func(self, token)
                      ^^^^^^^^^^^^^^^^^^^^^^^^^
  File "/home/deviyan/353505_ANUFRYIEU_02/IGI/LR5/.venv/lib/python3.12/site-packages/django/template/loader_tags.py", line 234, in do_block
    nodelist = parser.parse(("endblock",))
               ^^^^^^^^^^^^^^^^^^^^^^^^^^^
  File "/home/deviyan/353505_ANUFRYIEU_02/IGI/LR5/.venv/lib/python3.12/site-packages/django/template/base.py", line 518, in parse
    raise self.error(token, e)
  File "/home/deviyan/353505_ANUFRYIEU_02/IGI/LR5/.venv/lib/python3.12/site-packages/django/template/base.py", line 516, in parse
    compiled_result = compile_func(self, token)
                      ^^^^^^^^^^^^^^^^^^^^^^^^^
  File "/home/deviyan/353505_ANUFRYIEU_02/IGI/LR5/.venv/lib/python3.12/site-packages/django/template/defaulttags.py", line 962, in do_if
    nodelist = parser.parse(("elif", "else", "endif"))
               ^^^^^^^^^^^^^^^^^^^^^^^^^^^^^^^^^^^^^^^
  File "/home/deviyan/353505_ANUFRYIEU_02/IGI/LR5/.venv/lib/python3.12/site-packages/django/template/base.py", line 489, in parse
    raise self.error(token, e)
  File "/home/deviyan/353505_ANUFRYIEU_02/IGI/LR5/.venv/lib/python3.12/site-packages/django/template/base.py", line 487, in parse
    filter_expression = self.compile_filter(token.contents)
                        ^^^^^^^^^^^^^^^^^^^^^^^^^^^^^^^^^^^
  File "/home/deviyan/353505_ANUFRYIEU_02/IGI/LR5/.venv/lib/python3.12/site-packages/django/template/base.py", line 609, in compile_filter
    return FilterExpression(token, self)
           ^^^^^^^^^^^^^^^^^^^^^^^^^^^^^
  File "/home/deviyan/353505_ANUFRYIEU_02/IGI/LR5/.venv/lib/python3.12/site-packages/django/template/base.py", line 710, in __init__
    raise TemplateSyntaxError(
django.template.exceptions.TemplateSyntaxError: Could not parse the remainder: '[:-1]' from 'messages[:-1]'
[2025-09-14 15:49:31,198] INFO    core.views:428 Успешно получили ответ  api
[2025-09-14 20:19:53,237] INFO    core.views:428 Успешно получили ответ  api
[2025-09-14 20:23:34,159] ERROR   django.request:248 Internal Server Error: /payment/
Traceback (most recent call last):
  File "/home/deviyan/353505_ANUFRYIEU_02/IGI/LR5/.venv/lib/python3.12/site-packages/django/core/handlers/exception.py", line 55, in inner
    response = get_response(request)
               ^^^^^^^^^^^^^^^^^^^^^
  File "/home/deviyan/353505_ANUFRYIEU_02/IGI/LR5/.venv/lib/python3.12/site-packages/django/core/handlers/base.py", line 197, in _get_response
    response = wrapped_callback(request, *callback_args, **callback_kwargs)
               ^^^^^^^^^^^^^^^^^^^^^^^^^^^^^^^^^^^^^^^^^^^^^^^^^^^^^^^^^^^^
  File "/home/deviyan/353505_ANUFRYIEU_02/IGI/LR5/.venv/lib/python3.12/site-packages/django/contrib/auth/decorators.py", line 59, in _view_wrapper
    return view_func(request, *args, **kwargs)
           ^^^^^^^^^^^^^^^^^^^^^^^^^^^^^^^^^^^
  File "/home/deviyan/353505_ANUFRYIEU_02/IGI/LR5/hotel_project/core/views.py", line 376, in payment_view
    'phone': request.user.client.phone_number
             ^^^^^^^^^^^^^^^^^^^
  File "/home/deviyan/353505_ANUFRYIEU_02/IGI/LR5/.venv/lib/python3.12/site-packages/django/utils/functional.py", line 253, in inner
    return func(_wrapped, *args)
           ^^^^^^^^^^^^^^^^^^^^^
AttributeError: 'User' object has no attribute 'client'
[2025-09-14 20:23:34,805] ERROR   django.request:248 Internal Server Error: /payment/
Traceback (most recent call last):
  File "/home/deviyan/353505_ANUFRYIEU_02/IGI/LR5/.venv/lib/python3.12/site-packages/django/core/handlers/exception.py", line 55, in inner
    response = get_response(request)
               ^^^^^^^^^^^^^^^^^^^^^
  File "/home/deviyan/353505_ANUFRYIEU_02/IGI/LR5/.venv/lib/python3.12/site-packages/django/core/handlers/base.py", line 197, in _get_response
    response = wrapped_callback(request, *callback_args, **callback_kwargs)
               ^^^^^^^^^^^^^^^^^^^^^^^^^^^^^^^^^^^^^^^^^^^^^^^^^^^^^^^^^^^^
  File "/home/deviyan/353505_ANUFRYIEU_02/IGI/LR5/.venv/lib/python3.12/site-packages/django/contrib/auth/decorators.py", line 59, in _view_wrapper
    return view_func(request, *args, **kwargs)
           ^^^^^^^^^^^^^^^^^^^^^^^^^^^^^^^^^^^
  File "/home/deviyan/353505_ANUFRYIEU_02/IGI/LR5/hotel_project/core/views.py", line 376, in payment_view
    'phone': request.user.client.phone_number
             ^^^^^^^^^^^^^^^^^^^
  File "/home/deviyan/353505_ANUFRYIEU_02/IGI/LR5/.venv/lib/python3.12/site-packages/django/utils/functional.py", line 253, in inner
    return func(_wrapped, *args)
           ^^^^^^^^^^^^^^^^^^^^^
AttributeError: 'User' object has no attribute 'client'
[2025-09-14 20:23:43,195] ERROR   django.request:248 Internal Server Error: /payment/
Traceback (most recent call last):
  File "/home/deviyan/353505_ANUFRYIEU_02/IGI/LR5/.venv/lib/python3.12/site-packages/django/core/handlers/exception.py", line 55, in inner
    response = get_response(request)
               ^^^^^^^^^^^^^^^^^^^^^
  File "/home/deviyan/353505_ANUFRYIEU_02/IGI/LR5/.venv/lib/python3.12/site-packages/django/core/handlers/base.py", line 197, in _get_response
    response = wrapped_callback(request, *callback_args, **callback_kwargs)
               ^^^^^^^^^^^^^^^^^^^^^^^^^^^^^^^^^^^^^^^^^^^^^^^^^^^^^^^^^^^^
  File "/home/deviyan/353505_ANUFRYIEU_02/IGI/LR5/.venv/lib/python3.12/site-packages/django/contrib/auth/decorators.py", line 59, in _view_wrapper
    return view_func(request, *args, **kwargs)
           ^^^^^^^^^^^^^^^^^^^^^^^^^^^^^^^^^^^
  File "/home/deviyan/353505_ANUFRYIEU_02/IGI/LR5/hotel_project/core/views.py", line 376, in payment_view
    'phone': request.user.phone_number
             ^^^^^^^^^^^^^^^^^^^^^^^^^
  File "/home/deviyan/353505_ANUFRYIEU_02/IGI/LR5/.venv/lib/python3.12/site-packages/django/utils/functional.py", line 253, in inner
    return func(_wrapped, *args)
           ^^^^^^^^^^^^^^^^^^^^^
AttributeError: 'User' object has no attribute 'phone_number'
[2025-09-14 20:23:43,667] ERROR   django.request:248 Internal Server Error: /payment/
Traceback (most recent call last):
  File "/home/deviyan/353505_ANUFRYIEU_02/IGI/LR5/.venv/lib/python3.12/site-packages/django/core/handlers/exception.py", line 55, in inner
    response = get_response(request)
               ^^^^^^^^^^^^^^^^^^^^^
  File "/home/deviyan/353505_ANUFRYIEU_02/IGI/LR5/.venv/lib/python3.12/site-packages/django/core/handlers/base.py", line 197, in _get_response
    response = wrapped_callback(request, *callback_args, **callback_kwargs)
               ^^^^^^^^^^^^^^^^^^^^^^^^^^^^^^^^^^^^^^^^^^^^^^^^^^^^^^^^^^^^
  File "/home/deviyan/353505_ANUFRYIEU_02/IGI/LR5/.venv/lib/python3.12/site-packages/django/contrib/auth/decorators.py", line 59, in _view_wrapper
    return view_func(request, *args, **kwargs)
           ^^^^^^^^^^^^^^^^^^^^^^^^^^^^^^^^^^^
  File "/home/deviyan/353505_ANUFRYIEU_02/IGI/LR5/hotel_project/core/views.py", line 376, in payment_view
    'phone': request.user.phone_number
             ^^^^^^^^^^^^^^^^^^^^^^^^^
  File "/home/deviyan/353505_ANUFRYIEU_02/IGI/LR5/.venv/lib/python3.12/site-packages/django/utils/functional.py", line 253, in inner
    return func(_wrapped, *args)
           ^^^^^^^^^^^^^^^^^^^^^
AttributeError: 'User' object has no attribute 'phone_number'
[2025-09-14 20:24:04,899] ERROR   django.request:248 Internal Server Error: /payment/
Traceback (most recent call last):
  File "/home/deviyan/353505_ANUFRYIEU_02/IGI/LR5/.venv/lib/python3.12/site-packages/django/core/handlers/exception.py", line 55, in inner
    response = get_response(request)
               ^^^^^^^^^^^^^^^^^^^^^
  File "/home/deviyan/353505_ANUFRYIEU_02/IGI/LR5/.venv/lib/python3.12/site-packages/django/core/handlers/base.py", line 197, in _get_response
    response = wrapped_callback(request, *callback_args, **callback_kwargs)
               ^^^^^^^^^^^^^^^^^^^^^^^^^^^^^^^^^^^^^^^^^^^^^^^^^^^^^^^^^^^^
  File "/home/deviyan/353505_ANUFRYIEU_02/IGI/LR5/.venv/lib/python3.12/site-packages/django/contrib/auth/decorators.py", line 59, in _view_wrapper
    return view_func(request, *args, **kwargs)
           ^^^^^^^^^^^^^^^^^^^^^^^^^^^^^^^^^^^
  File "/home/deviyan/353505_ANUFRYIEU_02/IGI/LR5/hotel_project/core/views.py", line 376, in payment_view
    'phone': request.user.phone_number
             ^^^^^^^^^^^^^^^^^^^^^^^^^
  File "/home/deviyan/353505_ANUFRYIEU_02/IGI/LR5/.venv/lib/python3.12/site-packages/django/utils/functional.py", line 253, in inner
    return func(_wrapped, *args)
           ^^^^^^^^^^^^^^^^^^^^^
AttributeError: 'User' object has no attribute 'phone_number'
[2025-09-14 20:24:06,379] ERROR   django.request:248 Internal Server Error: /payment/
Traceback (most recent call last):
  File "/home/deviyan/353505_ANUFRYIEU_02/IGI/LR5/.venv/lib/python3.12/site-packages/django/core/handlers/exception.py", line 55, in inner
    response = get_response(request)
               ^^^^^^^^^^^^^^^^^^^^^
  File "/home/deviyan/353505_ANUFRYIEU_02/IGI/LR5/.venv/lib/python3.12/site-packages/django/core/handlers/base.py", line 197, in _get_response
    response = wrapped_callback(request, *callback_args, **callback_kwargs)
               ^^^^^^^^^^^^^^^^^^^^^^^^^^^^^^^^^^^^^^^^^^^^^^^^^^^^^^^^^^^^
  File "/home/deviyan/353505_ANUFRYIEU_02/IGI/LR5/.venv/lib/python3.12/site-packages/django/contrib/auth/decorators.py", line 59, in _view_wrapper
    return view_func(request, *args, **kwargs)
           ^^^^^^^^^^^^^^^^^^^^^^^^^^^^^^^^^^^
  File "/home/deviyan/353505_ANUFRYIEU_02/IGI/LR5/hotel_project/core/views.py", line 375, in payment_view
    'email': request.email,
             ^^^^^^^^^^^^^
AttributeError: 'WSGIRequest' object has no attribute 'email'
[2025-09-14 20:24:21,074] ERROR   django.request:248 Internal Server Error: /payment/
Traceback (most recent call last):
  File "/home/deviyan/353505_ANUFRYIEU_02/IGI/LR5/.venv/lib/python3.12/site-packages/django/core/handlers/exception.py", line 55, in inner
    response = get_response(request)
               ^^^^^^^^^^^^^^^^^^^^^
  File "/home/deviyan/353505_ANUFRYIEU_02/IGI/LR5/.venv/lib/python3.12/site-packages/django/core/handlers/base.py", line 197, in _get_response
    response = wrapped_callback(request, *callback_args, **callback_kwargs)
               ^^^^^^^^^^^^^^^^^^^^^^^^^^^^^^^^^^^^^^^^^^^^^^^^^^^^^^^^^^^^
  File "/home/deviyan/353505_ANUFRYIEU_02/IGI/LR5/.venv/lib/python3.12/site-packages/django/contrib/auth/decorators.py", line 59, in _view_wrapper
    return view_func(request, *args, **kwargs)
           ^^^^^^^^^^^^^^^^^^^^^^^^^^^^^^^^^^^
  File "/home/deviyan/353505_ANUFRYIEU_02/IGI/LR5/hotel_project/core/views.py", line 375, in payment_view
    'email': request.user.email,
             ^^^^^^^^^^^^^
AttributeError: 'WSGIRequest' object has no attribute 'email'
[2025-09-14 20:24:22,406] ERROR   django.request:248 Internal Server Error: /payment/
Traceback (most recent call last):
  File "/home/deviyan/353505_ANUFRYIEU_02/IGI/LR5/.venv/lib/python3.12/site-packages/django/core/handlers/exception.py", line 55, in inner
    response = get_response(request)
               ^^^^^^^^^^^^^^^^^^^^^
  File "/home/deviyan/353505_ANUFRYIEU_02/IGI/LR5/.venv/lib/python3.12/site-packages/django/core/handlers/base.py", line 197, in _get_response
    response = wrapped_callback(request, *callback_args, **callback_kwargs)
               ^^^^^^^^^^^^^^^^^^^^^^^^^^^^^^^^^^^^^^^^^^^^^^^^^^^^^^^^^^^^
  File "/home/deviyan/353505_ANUFRYIEU_02/IGI/LR5/.venv/lib/python3.12/site-packages/django/contrib/auth/decorators.py", line 59, in _view_wrapper
    return view_func(request, *args, **kwargs)
           ^^^^^^^^^^^^^^^^^^^^^^^^^^^^^^^^^^^
  File "/home/deviyan/353505_ANUFRYIEU_02/IGI/LR5/hotel_project/core/views.py", line 376, in payment_view
    'phone': request.user.client.phone_number
             ^^^^^^^^^^^^^^^^^^^
  File "/home/deviyan/353505_ANUFRYIEU_02/IGI/LR5/.venv/lib/python3.12/site-packages/django/utils/functional.py", line 253, in inner
    return func(_wrapped, *args)
           ^^^^^^^^^^^^^^^^^^^^^
AttributeError: 'User' object has no attribute 'client'
[2025-09-14 20:24:22,931] ERROR   django.request:248 Internal Server Error: /payment/
Traceback (most recent call last):
  File "/home/deviyan/353505_ANUFRYIEU_02/IGI/LR5/.venv/lib/python3.12/site-packages/django/core/handlers/exception.py", line 55, in inner
    response = get_response(request)
               ^^^^^^^^^^^^^^^^^^^^^
  File "/home/deviyan/353505_ANUFRYIEU_02/IGI/LR5/.venv/lib/python3.12/site-packages/django/core/handlers/base.py", line 197, in _get_response
    response = wrapped_callback(request, *callback_args, **callback_kwargs)
               ^^^^^^^^^^^^^^^^^^^^^^^^^^^^^^^^^^^^^^^^^^^^^^^^^^^^^^^^^^^^
  File "/home/deviyan/353505_ANUFRYIEU_02/IGI/LR5/.venv/lib/python3.12/site-packages/django/contrib/auth/decorators.py", line 59, in _view_wrapper
    return view_func(request, *args, **kwargs)
           ^^^^^^^^^^^^^^^^^^^^^^^^^^^^^^^^^^^
  File "/home/deviyan/353505_ANUFRYIEU_02/IGI/LR5/hotel_project/core/views.py", line 376, in payment_view
    'phone': request.user.client.phone_number
             ^^^^^^^^^^^^^^^^^^^
  File "/home/deviyan/353505_ANUFRYIEU_02/IGI/LR5/.venv/lib/python3.12/site-packages/django/utils/functional.py", line 253, in inner
    return func(_wrapped, *args)
           ^^^^^^^^^^^^^^^^^^^^^
AttributeError: 'User' object has no attribute 'client'
[2025-09-14 20:24:41,162] ERROR   django.request:248 Internal Server Error: /payment/
Traceback (most recent call last):
  File "/home/deviyan/353505_ANUFRYIEU_02/IGI/LR5/.venv/lib/python3.12/site-packages/django/core/handlers/exception.py", line 55, in inner
    response = get_response(request)
               ^^^^^^^^^^^^^^^^^^^^^
  File "/home/deviyan/353505_ANUFRYIEU_02/IGI/LR5/.venv/lib/python3.12/site-packages/django/core/handlers/base.py", line 197, in _get_response
    response = wrapped_callback(request, *callback_args, **callback_kwargs)
               ^^^^^^^^^^^^^^^^^^^^^^^^^^^^^^^^^^^^^^^^^^^^^^^^^^^^^^^^^^^^
  File "/home/deviyan/353505_ANUFRYIEU_02/IGI/LR5/.venv/lib/python3.12/site-packages/django/contrib/auth/decorators.py", line 59, in _view_wrapper
    return view_func(request, *args, **kwargs)
           ^^^^^^^^^^^^^^^^^^^^^^^^^^^^^^^^^^^
  File "/home/deviyan/353505_ANUFRYIEU_02/IGI/LR5/hotel_project/core/views.py", line 376, in payment_view
    'phone': request.user.phone_number
             ^^^^^^^^^^^^^^^^^^^^^^^^^
  File "/home/deviyan/353505_ANUFRYIEU_02/IGI/LR5/.venv/lib/python3.12/site-packages/django/utils/functional.py", line 253, in inner
    return func(_wrapped, *args)
           ^^^^^^^^^^^^^^^^^^^^^
AttributeError: 'User' object has no attribute 'phone_number'
[2025-09-14 20:24:41,663] ERROR   django.request:248 Internal Server Error: /payment/
Traceback (most recent call last):
  File "/home/deviyan/353505_ANUFRYIEU_02/IGI/LR5/.venv/lib/python3.12/site-packages/django/core/handlers/exception.py", line 55, in inner
    response = get_response(request)
               ^^^^^^^^^^^^^^^^^^^^^
  File "/home/deviyan/353505_ANUFRYIEU_02/IGI/LR5/.venv/lib/python3.12/site-packages/django/core/handlers/base.py", line 197, in _get_response
    response = wrapped_callback(request, *callback_args, **callback_kwargs)
               ^^^^^^^^^^^^^^^^^^^^^^^^^^^^^^^^^^^^^^^^^^^^^^^^^^^^^^^^^^^^
  File "/home/deviyan/353505_ANUFRYIEU_02/IGI/LR5/.venv/lib/python3.12/site-packages/django/contrib/auth/decorators.py", line 59, in _view_wrapper
    return view_func(request, *args, **kwargs)
           ^^^^^^^^^^^^^^^^^^^^^^^^^^^^^^^^^^^
  File "/home/deviyan/353505_ANUFRYIEU_02/IGI/LR5/hotel_project/core/views.py", line 376, in payment_view
    'phone': request.user.phone_number
             ^^^^^^^^^^^^^^^^^^^^^^^^^
  File "/home/deviyan/353505_ANUFRYIEU_02/IGI/LR5/.venv/lib/python3.12/site-packages/django/utils/functional.py", line 253, in inner
    return func(_wrapped, *args)
           ^^^^^^^^^^^^^^^^^^^^^
AttributeError: 'User' object has no attribute 'phone_number'
[2025-09-14 20:24:42,011] ERROR   django.request:248 Internal Server Error: /payment/
Traceback (most recent call last):
  File "/home/deviyan/353505_ANUFRYIEU_02/IGI/LR5/.venv/lib/python3.12/site-packages/django/core/handlers/exception.py", line 55, in inner
    response = get_response(request)
               ^^^^^^^^^^^^^^^^^^^^^
  File "/home/deviyan/353505_ANUFRYIEU_02/IGI/LR5/.venv/lib/python3.12/site-packages/django/core/handlers/base.py", line 197, in _get_response
    response = wrapped_callback(request, *callback_args, **callback_kwargs)
               ^^^^^^^^^^^^^^^^^^^^^^^^^^^^^^^^^^^^^^^^^^^^^^^^^^^^^^^^^^^^
  File "/home/deviyan/353505_ANUFRYIEU_02/IGI/LR5/.venv/lib/python3.12/site-packages/django/contrib/auth/decorators.py", line 59, in _view_wrapper
    return view_func(request, *args, **kwargs)
           ^^^^^^^^^^^^^^^^^^^^^^^^^^^^^^^^^^^
  File "/home/deviyan/353505_ANUFRYIEU_02/IGI/LR5/hotel_project/core/views.py", line 376, in payment_view
    'phone': request.user.phone_number
             ^^^^^^^^^^^^^^^^^^^^^^^^^
  File "/home/deviyan/353505_ANUFRYIEU_02/IGI/LR5/.venv/lib/python3.12/site-packages/django/utils/functional.py", line 253, in inner
    return func(_wrapped, *args)
           ^^^^^^^^^^^^^^^^^^^^^
AttributeError: 'User' object has no attribute 'phone_number'
[2025-09-14 20:24:42,205] ERROR   django.request:248 Internal Server Error: /payment/
Traceback (most recent call last):
  File "/home/deviyan/353505_ANUFRYIEU_02/IGI/LR5/.venv/lib/python3.12/site-packages/django/core/handlers/exception.py", line 55, in inner
    response = get_response(request)
               ^^^^^^^^^^^^^^^^^^^^^
  File "/home/deviyan/353505_ANUFRYIEU_02/IGI/LR5/.venv/lib/python3.12/site-packages/django/core/handlers/base.py", line 197, in _get_response
    response = wrapped_callback(request, *callback_args, **callback_kwargs)
               ^^^^^^^^^^^^^^^^^^^^^^^^^^^^^^^^^^^^^^^^^^^^^^^^^^^^^^^^^^^^
  File "/home/deviyan/353505_ANUFRYIEU_02/IGI/LR5/.venv/lib/python3.12/site-packages/django/contrib/auth/decorators.py", line 59, in _view_wrapper
    return view_func(request, *args, **kwargs)
           ^^^^^^^^^^^^^^^^^^^^^^^^^^^^^^^^^^^
  File "/home/deviyan/353505_ANUFRYIEU_02/IGI/LR5/hotel_project/core/views.py", line 376, in payment_view
    'phone': request.user.phone_number
             ^^^^^^^^^^^^^^^^^^^^^^^^^
  File "/home/deviyan/353505_ANUFRYIEU_02/IGI/LR5/.venv/lib/python3.12/site-packages/django/utils/functional.py", line 253, in inner
    return func(_wrapped, *args)
           ^^^^^^^^^^^^^^^^^^^^^
AttributeError: 'User' object has no attribute 'phone_number'
[2025-09-14 20:24:42,343] ERROR   django.request:248 Internal Server Error: /payment/
Traceback (most recent call last):
  File "/home/deviyan/353505_ANUFRYIEU_02/IGI/LR5/.venv/lib/python3.12/site-packages/django/core/handlers/exception.py", line 55, in inner
    response = get_response(request)
               ^^^^^^^^^^^^^^^^^^^^^
  File "/home/deviyan/353505_ANUFRYIEU_02/IGI/LR5/.venv/lib/python3.12/site-packages/django/core/handlers/base.py", line 197, in _get_response
    response = wrapped_callback(request, *callback_args, **callback_kwargs)
               ^^^^^^^^^^^^^^^^^^^^^^^^^^^^^^^^^^^^^^^^^^^^^^^^^^^^^^^^^^^^
  File "/home/deviyan/353505_ANUFRYIEU_02/IGI/LR5/.venv/lib/python3.12/site-packages/django/contrib/auth/decorators.py", line 59, in _view_wrapper
    return view_func(request, *args, **kwargs)
           ^^^^^^^^^^^^^^^^^^^^^^^^^^^^^^^^^^^
  File "/home/deviyan/353505_ANUFRYIEU_02/IGI/LR5/hotel_project/core/views.py", line 376, in payment_view
    'phone': request.user.phone_number
             ^^^^^^^^^^^^^^^^^^^^^^^^^
  File "/home/deviyan/353505_ANUFRYIEU_02/IGI/LR5/.venv/lib/python3.12/site-packages/django/utils/functional.py", line 253, in inner
    return func(_wrapped, *args)
           ^^^^^^^^^^^^^^^^^^^^^
AttributeError: 'User' object has no attribute 'phone_number'
[2025-09-14 20:24:58,706] ERROR   django.request:248 Internal Server Error: /payment/
Traceback (most recent call last):
  File "/home/deviyan/353505_ANUFRYIEU_02/IGI/LR5/.venv/lib/python3.12/site-packages/django/core/handlers/exception.py", line 55, in inner
    response = get_response(request)
               ^^^^^^^^^^^^^^^^^^^^^
  File "/home/deviyan/353505_ANUFRYIEU_02/IGI/LR5/.venv/lib/python3.12/site-packages/django/core/handlers/base.py", line 197, in _get_response
    response = wrapped_callback(request, *callback_args, **callback_kwargs)
               ^^^^^^^^^^^^^^^^^^^^^^^^^^^^^^^^^^^^^^^^^^^^^^^^^^^^^^^^^^^^
  File "/home/deviyan/353505_ANUFRYIEU_02/IGI/LR5/.venv/lib/python3.12/site-packages/django/contrib/auth/decorators.py", line 59, in _view_wrapper
    return view_func(request, *args, **kwargs)
           ^^^^^^^^^^^^^^^^^^^^^^^^^^^^^^^^^^^
  File "/home/deviyan/353505_ANUFRYIEU_02/IGI/LR5/hotel_project/core/views.py", line 376, in payment_view
    'phone': request.user.cleint.phone_number
             ^^^^^^^^^^^^^^^^^^^
  File "/home/deviyan/353505_ANUFRYIEU_02/IGI/LR5/.venv/lib/python3.12/site-packages/django/utils/functional.py", line 253, in inner
    return func(_wrapped, *args)
           ^^^^^^^^^^^^^^^^^^^^^
AttributeError: 'User' object has no attribute 'cleint'. Did you mean: 'clean'?
[2025-09-14 20:24:59,143] ERROR   django.request:248 Internal Server Error: /payment/
Traceback (most recent call last):
  File "/home/deviyan/353505_ANUFRYIEU_02/IGI/LR5/.venv/lib/python3.12/site-packages/django/core/handlers/exception.py", line 55, in inner
    response = get_response(request)
               ^^^^^^^^^^^^^^^^^^^^^
  File "/home/deviyan/353505_ANUFRYIEU_02/IGI/LR5/.venv/lib/python3.12/site-packages/django/core/handlers/base.py", line 197, in _get_response
    response = wrapped_callback(request, *callback_args, **callback_kwargs)
               ^^^^^^^^^^^^^^^^^^^^^^^^^^^^^^^^^^^^^^^^^^^^^^^^^^^^^^^^^^^^
  File "/home/deviyan/353505_ANUFRYIEU_02/IGI/LR5/.venv/lib/python3.12/site-packages/django/contrib/auth/decorators.py", line 59, in _view_wrapper
    return view_func(request, *args, **kwargs)
           ^^^^^^^^^^^^^^^^^^^^^^^^^^^^^^^^^^^
  File "/home/deviyan/353505_ANUFRYIEU_02/IGI/LR5/hotel_project/core/views.py", line 376, in payment_view
    'phone': request.user.cleint.phone_number
             ^^^^^^^^^^^^^^^^^^^
  File "/home/deviyan/353505_ANUFRYIEU_02/IGI/LR5/.venv/lib/python3.12/site-packages/django/utils/functional.py", line 253, in inner
    return func(_wrapped, *args)
           ^^^^^^^^^^^^^^^^^^^^^
AttributeError: 'User' object has no attribute 'cleint'. Did you mean: 'clean'?
[2025-09-14 20:27:08,126] ERROR   django.request:248 Internal Server Error: /payment/
Traceback (most recent call last):
  File "/home/deviyan/353505_ANUFRYIEU_02/IGI/LR5/.venv/lib/python3.12/site-packages/django/core/handlers/exception.py", line 55, in inner
    response = get_response(request)
               ^^^^^^^^^^^^^^^^^^^^^
  File "/home/deviyan/353505_ANUFRYIEU_02/IGI/LR5/.venv/lib/python3.12/site-packages/django/core/handlers/base.py", line 197, in _get_response
    response = wrapped_callback(request, *callback_args, **callback_kwargs)
               ^^^^^^^^^^^^^^^^^^^^^^^^^^^^^^^^^^^^^^^^^^^^^^^^^^^^^^^^^^^^
  File "/home/deviyan/353505_ANUFRYIEU_02/IGI/LR5/.venv/lib/python3.12/site-packages/django/contrib/auth/decorators.py", line 59, in _view_wrapper
    return view_func(request, *args, **kwargs)
           ^^^^^^^^^^^^^^^^^^^^^^^^^^^^^^^^^^^
  File "/home/deviyan/353505_ANUFRYIEU_02/IGI/LR5/hotel_project/core/views.py", line 376, in payment_view
    'phone': client.phone_number
             ^^^^^^^^^^^^^^^^^^^
  File "/home/deviyan/353505_ANUFRYIEU_02/IGI/LR5/.venv/lib/python3.12/site-packages/django/utils/functional.py", line 253, in inner
    return func(_wrapped, *args)
           ^^^^^^^^^^^^^^^^^^^^^
AttributeError: 'User' object has no attribute 'cleint'. Did you mean: 'clean'?
[2025-09-14 20:51:00,286] ERROR   django.request:248 Internal Server Error: /about/
Traceback (most recent call last):
  File "/home/deviyan/353505_ANUFRYIEU_02/IGI/LR5/.venv/lib/python3.12/site-packages/django/core/handlers/exception.py", line 55, in inner
    response = get_response(request)
               ^^^^^^^^^^^^^^^^^^^^^
  File "/home/deviyan/353505_ANUFRYIEU_02/IGI/LR5/.venv/lib/python3.12/site-packages/django/core/handlers/base.py", line 197, in _get_response
    response = wrapped_callback(request, *callback_args, **callback_kwargs)
               ^^^^^^^^^^^^^^^^^^^^^^^^^^^^^^^^^^^^^^^^^^^^^^^^^^^^^^^^^^^^
  File "/home/deviyan/353505_ANUFRYIEU_02/IGI/LR5/hotel_project/core/views.py", line 109, in about_view
    return render(request, 'core/about.html', {
           ^^^^^^^^^^^^^^^^^^^^^^^^^^^^^^^^^^^^
  File "/home/deviyan/353505_ANUFRYIEU_02/IGI/LR5/.venv/lib/python3.12/site-packages/django/shortcuts.py", line 25, in render
    content = loader.render_to_string(template_name, context, request, using=using)
              ^^^^^^^^^^^^^^^^^^^^^^^^^^^^^^^^^^^^^^^^^^^^^^^^^^^^^^^^^^^^^^^^^^^^^
  File "/home/deviyan/353505_ANUFRYIEU_02/IGI/LR5/.venv/lib/python3.12/site-packages/django/template/loader.py", line 61, in render_to_string
    template = get_template(template_name, using=using)
               ^^^^^^^^^^^^^^^^^^^^^^^^^^^^^^^^^^^^^^^^
  File "/home/deviyan/353505_ANUFRYIEU_02/IGI/LR5/.venv/lib/python3.12/site-packages/django/template/loader.py", line 15, in get_template
    return engine.get_template(template_name)
           ^^^^^^^^^^^^^^^^^^^^^^^^^^^^^^^^^^
  File "/home/deviyan/353505_ANUFRYIEU_02/IGI/LR5/.venv/lib/python3.12/site-packages/django/template/backends/django.py", line 79, in get_template
    return Template(self.engine.get_template(template_name), self)
                    ^^^^^^^^^^^^^^^^^^^^^^^^^^^^^^^^^^^^^^^
  File "/home/deviyan/353505_ANUFRYIEU_02/IGI/LR5/.venv/lib/python3.12/site-packages/django/template/engine.py", line 177, in get_template
    template, origin = self.find_template(template_name)
                       ^^^^^^^^^^^^^^^^^^^^^^^^^^^^^^^^^
  File "/home/deviyan/353505_ANUFRYIEU_02/IGI/LR5/.venv/lib/python3.12/site-packages/django/template/engine.py", line 159, in find_template
    template = loader.get_template(name, skip=skip)
               ^^^^^^^^^^^^^^^^^^^^^^^^^^^^^^^^^^^^
  File "/home/deviyan/353505_ANUFRYIEU_02/IGI/LR5/.venv/lib/python3.12/site-packages/django/template/loaders/cached.py", line 57, in get_template
    template = super().get_template(template_name, skip)
               ^^^^^^^^^^^^^^^^^^^^^^^^^^^^^^^^^^^^^^^^^
  File "/home/deviyan/353505_ANUFRYIEU_02/IGI/LR5/.venv/lib/python3.12/site-packages/django/template/loaders/base.py", line 28, in get_template
    return Template(
           ^^^^^^^^^
  File "/home/deviyan/353505_ANUFRYIEU_02/IGI/LR5/.venv/lib/python3.12/site-packages/django/template/base.py", line 154, in __init__
    self.nodelist = self.compile_nodelist()
                    ^^^^^^^^^^^^^^^^^^^^^^^
  File "/home/deviyan/353505_ANUFRYIEU_02/IGI/LR5/.venv/lib/python3.12/site-packages/django/template/base.py", line 196, in compile_nodelist
    nodelist = parser.parse()
               ^^^^^^^^^^^^^^
  File "/home/deviyan/353505_ANUFRYIEU_02/IGI/LR5/.venv/lib/python3.12/site-packages/django/template/base.py", line 518, in parse
    raise self.error(token, e)
  File "/home/deviyan/353505_ANUFRYIEU_02/IGI/LR5/.venv/lib/python3.12/site-packages/django/template/base.py", line 516, in parse
    compiled_result = compile_func(self, token)
                      ^^^^^^^^^^^^^^^^^^^^^^^^^
  File "/home/deviyan/353505_ANUFRYIEU_02/IGI/LR5/.venv/lib/python3.12/site-packages/django/template/loader_tags.py", line 299, in do_extends
    nodelist = parser.parse()
               ^^^^^^^^^^^^^^
  File "/home/deviyan/353505_ANUFRYIEU_02/IGI/LR5/.venv/lib/python3.12/site-packages/django/template/base.py", line 518, in parse
    raise self.error(token, e)
  File "/home/deviyan/353505_ANUFRYIEU_02/IGI/LR5/.venv/lib/python3.12/site-packages/django/template/base.py", line 516, in parse
    compiled_result = compile_func(self, token)
                      ^^^^^^^^^^^^^^^^^^^^^^^^^
  File "/home/deviyan/353505_ANUFRYIEU_02/IGI/LR5/.venv/lib/python3.12/site-packages/django/template/loader_tags.py", line 299, in do_extends
    nodelist = parser.parse()
               ^^^^^^^^^^^^^^
  File "/home/deviyan/353505_ANUFRYIEU_02/IGI/LR5/.venv/lib/python3.12/site-packages/django/template/base.py", line 518, in parse
    raise self.error(token, e)
  File "/home/deviyan/353505_ANUFRYIEU_02/IGI/LR5/.venv/lib/python3.12/site-packages/django/template/base.py", line 516, in parse
    compiled_result = compile_func(self, token)
                      ^^^^^^^^^^^^^^^^^^^^^^^^^
  File "/home/deviyan/353505_ANUFRYIEU_02/IGI/LR5/.venv/lib/python3.12/site-packages/django/template/loader_tags.py", line 228, in do_block
    raise TemplateSyntaxError(
django.template.exceptions.TemplateSyntaxError: 'block' tag with name 'title' appears more than once
[2025-09-14 20:51:00,853] ERROR   django.request:248 Internal Server Error: /about/
Traceback (most recent call last):
  File "/home/deviyan/353505_ANUFRYIEU_02/IGI/LR5/.venv/lib/python3.12/site-packages/django/core/handlers/exception.py", line 55, in inner
    response = get_response(request)
               ^^^^^^^^^^^^^^^^^^^^^
  File "/home/deviyan/353505_ANUFRYIEU_02/IGI/LR5/.venv/lib/python3.12/site-packages/django/core/handlers/base.py", line 197, in _get_response
    response = wrapped_callback(request, *callback_args, **callback_kwargs)
               ^^^^^^^^^^^^^^^^^^^^^^^^^^^^^^^^^^^^^^^^^^^^^^^^^^^^^^^^^^^^
  File "/home/deviyan/353505_ANUFRYIEU_02/IGI/LR5/hotel_project/core/views.py", line 109, in about_view
    return render(request, 'core/about.html', {
           ^^^^^^^^^^^^^^^^^^^^^^^^^^^^^^^^^^^^
  File "/home/deviyan/353505_ANUFRYIEU_02/IGI/LR5/.venv/lib/python3.12/site-packages/django/shortcuts.py", line 25, in render
    content = loader.render_to_string(template_name, context, request, using=using)
              ^^^^^^^^^^^^^^^^^^^^^^^^^^^^^^^^^^^^^^^^^^^^^^^^^^^^^^^^^^^^^^^^^^^^^
  File "/home/deviyan/353505_ANUFRYIEU_02/IGI/LR5/.venv/lib/python3.12/site-packages/django/template/loader.py", line 61, in render_to_string
    template = get_template(template_name, using=using)
               ^^^^^^^^^^^^^^^^^^^^^^^^^^^^^^^^^^^^^^^^
  File "/home/deviyan/353505_ANUFRYIEU_02/IGI/LR5/.venv/lib/python3.12/site-packages/django/template/loader.py", line 15, in get_template
    return engine.get_template(template_name)
           ^^^^^^^^^^^^^^^^^^^^^^^^^^^^^^^^^^
  File "/home/deviyan/353505_ANUFRYIEU_02/IGI/LR5/.venv/lib/python3.12/site-packages/django/template/backends/django.py", line 79, in get_template
    return Template(self.engine.get_template(template_name), self)
                    ^^^^^^^^^^^^^^^^^^^^^^^^^^^^^^^^^^^^^^^
  File "/home/deviyan/353505_ANUFRYIEU_02/IGI/LR5/.venv/lib/python3.12/site-packages/django/template/engine.py", line 177, in get_template
    template, origin = self.find_template(template_name)
                       ^^^^^^^^^^^^^^^^^^^^^^^^^^^^^^^^^
  File "/home/deviyan/353505_ANUFRYIEU_02/IGI/LR5/.venv/lib/python3.12/site-packages/django/template/engine.py", line 159, in find_template
    template = loader.get_template(name, skip=skip)
               ^^^^^^^^^^^^^^^^^^^^^^^^^^^^^^^^^^^^
  File "/home/deviyan/353505_ANUFRYIEU_02/IGI/LR5/.venv/lib/python3.12/site-packages/django/template/loaders/cached.py", line 57, in get_template
    template = super().get_template(template_name, skip)
               ^^^^^^^^^^^^^^^^^^^^^^^^^^^^^^^^^^^^^^^^^
  File "/home/deviyan/353505_ANUFRYIEU_02/IGI/LR5/.venv/lib/python3.12/site-packages/django/template/loaders/base.py", line 28, in get_template
    return Template(
           ^^^^^^^^^
  File "/home/deviyan/353505_ANUFRYIEU_02/IGI/LR5/.venv/lib/python3.12/site-packages/django/template/base.py", line 154, in __init__
    self.nodelist = self.compile_nodelist()
                    ^^^^^^^^^^^^^^^^^^^^^^^
  File "/home/deviyan/353505_ANUFRYIEU_02/IGI/LR5/.venv/lib/python3.12/site-packages/django/template/base.py", line 196, in compile_nodelist
    nodelist = parser.parse()
               ^^^^^^^^^^^^^^
  File "/home/deviyan/353505_ANUFRYIEU_02/IGI/LR5/.venv/lib/python3.12/site-packages/django/template/base.py", line 518, in parse
    raise self.error(token, e)
  File "/home/deviyan/353505_ANUFRYIEU_02/IGI/LR5/.venv/lib/python3.12/site-packages/django/template/base.py", line 516, in parse
    compiled_result = compile_func(self, token)
                      ^^^^^^^^^^^^^^^^^^^^^^^^^
  File "/home/deviyan/353505_ANUFRYIEU_02/IGI/LR5/.venv/lib/python3.12/site-packages/django/template/loader_tags.py", line 299, in do_extends
    nodelist = parser.parse()
               ^^^^^^^^^^^^^^
  File "/home/deviyan/353505_ANUFRYIEU_02/IGI/LR5/.venv/lib/python3.12/site-packages/django/template/base.py", line 518, in parse
    raise self.error(token, e)
  File "/home/deviyan/353505_ANUFRYIEU_02/IGI/LR5/.venv/lib/python3.12/site-packages/django/template/base.py", line 516, in parse
    compiled_result = compile_func(self, token)
                      ^^^^^^^^^^^^^^^^^^^^^^^^^
  File "/home/deviyan/353505_ANUFRYIEU_02/IGI/LR5/.venv/lib/python3.12/site-packages/django/template/loader_tags.py", line 299, in do_extends
    nodelist = parser.parse()
               ^^^^^^^^^^^^^^
  File "/home/deviyan/353505_ANUFRYIEU_02/IGI/LR5/.venv/lib/python3.12/site-packages/django/template/base.py", line 518, in parse
    raise self.error(token, e)
  File "/home/deviyan/353505_ANUFRYIEU_02/IGI/LR5/.venv/lib/python3.12/site-packages/django/template/base.py", line 516, in parse
    compiled_result = compile_func(self, token)
                      ^^^^^^^^^^^^^^^^^^^^^^^^^
  File "/home/deviyan/353505_ANUFRYIEU_02/IGI/LR5/.venv/lib/python3.12/site-packages/django/template/loader_tags.py", line 228, in do_block
    raise TemplateSyntaxError(
django.template.exceptions.TemplateSyntaxError: 'block' tag with name 'title' appears more than once
[2025-09-14 20:51:01,246] ERROR   django.request:248 Internal Server Error: /about/
Traceback (most recent call last):
  File "/home/deviyan/353505_ANUFRYIEU_02/IGI/LR5/.venv/lib/python3.12/site-packages/django/core/handlers/exception.py", line 55, in inner
    response = get_response(request)
               ^^^^^^^^^^^^^^^^^^^^^
  File "/home/deviyan/353505_ANUFRYIEU_02/IGI/LR5/.venv/lib/python3.12/site-packages/django/core/handlers/base.py", line 197, in _get_response
    response = wrapped_callback(request, *callback_args, **callback_kwargs)
               ^^^^^^^^^^^^^^^^^^^^^^^^^^^^^^^^^^^^^^^^^^^^^^^^^^^^^^^^^^^^
  File "/home/deviyan/353505_ANUFRYIEU_02/IGI/LR5/hotel_project/core/views.py", line 109, in about_view
    return render(request, 'core/about.html', {
           ^^^^^^^^^^^^^^^^^^^^^^^^^^^^^^^^^^^^
  File "/home/deviyan/353505_ANUFRYIEU_02/IGI/LR5/.venv/lib/python3.12/site-packages/django/shortcuts.py", line 25, in render
    content = loader.render_to_string(template_name, context, request, using=using)
              ^^^^^^^^^^^^^^^^^^^^^^^^^^^^^^^^^^^^^^^^^^^^^^^^^^^^^^^^^^^^^^^^^^^^^
  File "/home/deviyan/353505_ANUFRYIEU_02/IGI/LR5/.venv/lib/python3.12/site-packages/django/template/loader.py", line 61, in render_to_string
    template = get_template(template_name, using=using)
               ^^^^^^^^^^^^^^^^^^^^^^^^^^^^^^^^^^^^^^^^
  File "/home/deviyan/353505_ANUFRYIEU_02/IGI/LR5/.venv/lib/python3.12/site-packages/django/template/loader.py", line 15, in get_template
    return engine.get_template(template_name)
           ^^^^^^^^^^^^^^^^^^^^^^^^^^^^^^^^^^
  File "/home/deviyan/353505_ANUFRYIEU_02/IGI/LR5/.venv/lib/python3.12/site-packages/django/template/backends/django.py", line 79, in get_template
    return Template(self.engine.get_template(template_name), self)
                    ^^^^^^^^^^^^^^^^^^^^^^^^^^^^^^^^^^^^^^^
  File "/home/deviyan/353505_ANUFRYIEU_02/IGI/LR5/.venv/lib/python3.12/site-packages/django/template/engine.py", line 177, in get_template
    template, origin = self.find_template(template_name)
                       ^^^^^^^^^^^^^^^^^^^^^^^^^^^^^^^^^
  File "/home/deviyan/353505_ANUFRYIEU_02/IGI/LR5/.venv/lib/python3.12/site-packages/django/template/engine.py", line 159, in find_template
    template = loader.get_template(name, skip=skip)
               ^^^^^^^^^^^^^^^^^^^^^^^^^^^^^^^^^^^^
  File "/home/deviyan/353505_ANUFRYIEU_02/IGI/LR5/.venv/lib/python3.12/site-packages/django/template/loaders/cached.py", line 57, in get_template
    template = super().get_template(template_name, skip)
               ^^^^^^^^^^^^^^^^^^^^^^^^^^^^^^^^^^^^^^^^^
  File "/home/deviyan/353505_ANUFRYIEU_02/IGI/LR5/.venv/lib/python3.12/site-packages/django/template/loaders/base.py", line 28, in get_template
    return Template(
           ^^^^^^^^^
  File "/home/deviyan/353505_ANUFRYIEU_02/IGI/LR5/.venv/lib/python3.12/site-packages/django/template/base.py", line 154, in __init__
    self.nodelist = self.compile_nodelist()
                    ^^^^^^^^^^^^^^^^^^^^^^^
  File "/home/deviyan/353505_ANUFRYIEU_02/IGI/LR5/.venv/lib/python3.12/site-packages/django/template/base.py", line 196, in compile_nodelist
    nodelist = parser.parse()
               ^^^^^^^^^^^^^^
  File "/home/deviyan/353505_ANUFRYIEU_02/IGI/LR5/.venv/lib/python3.12/site-packages/django/template/base.py", line 518, in parse
    raise self.error(token, e)
  File "/home/deviyan/353505_ANUFRYIEU_02/IGI/LR5/.venv/lib/python3.12/site-packages/django/template/base.py", line 516, in parse
    compiled_result = compile_func(self, token)
                      ^^^^^^^^^^^^^^^^^^^^^^^^^
  File "/home/deviyan/353505_ANUFRYIEU_02/IGI/LR5/.venv/lib/python3.12/site-packages/django/template/loader_tags.py", line 299, in do_extends
    nodelist = parser.parse()
               ^^^^^^^^^^^^^^
  File "/home/deviyan/353505_ANUFRYIEU_02/IGI/LR5/.venv/lib/python3.12/site-packages/django/template/base.py", line 518, in parse
    raise self.error(token, e)
  File "/home/deviyan/353505_ANUFRYIEU_02/IGI/LR5/.venv/lib/python3.12/site-packages/django/template/base.py", line 516, in parse
    compiled_result = compile_func(self, token)
                      ^^^^^^^^^^^^^^^^^^^^^^^^^
  File "/home/deviyan/353505_ANUFRYIEU_02/IGI/LR5/.venv/lib/python3.12/site-packages/django/template/loader_tags.py", line 299, in do_extends
    nodelist = parser.parse()
               ^^^^^^^^^^^^^^
  File "/home/deviyan/353505_ANUFRYIEU_02/IGI/LR5/.venv/lib/python3.12/site-packages/django/template/base.py", line 518, in parse
    raise self.error(token, e)
  File "/home/deviyan/353505_ANUFRYIEU_02/IGI/LR5/.venv/lib/python3.12/site-packages/django/template/base.py", line 516, in parse
    compiled_result = compile_func(self, token)
                      ^^^^^^^^^^^^^^^^^^^^^^^^^
  File "/home/deviyan/353505_ANUFRYIEU_02/IGI/LR5/.venv/lib/python3.12/site-packages/django/template/loader_tags.py", line 228, in do_block
    raise TemplateSyntaxError(
django.template.exceptions.TemplateSyntaxError: 'block' tag with name 'title' appears more than once
[2025-09-14 20:51:01,443] ERROR   django.request:248 Internal Server Error: /about/
Traceback (most recent call last):
  File "/home/deviyan/353505_ANUFRYIEU_02/IGI/LR5/.venv/lib/python3.12/site-packages/django/core/handlers/exception.py", line 55, in inner
    response = get_response(request)
               ^^^^^^^^^^^^^^^^^^^^^
  File "/home/deviyan/353505_ANUFRYIEU_02/IGI/LR5/.venv/lib/python3.12/site-packages/django/core/handlers/base.py", line 197, in _get_response
    response = wrapped_callback(request, *callback_args, **callback_kwargs)
               ^^^^^^^^^^^^^^^^^^^^^^^^^^^^^^^^^^^^^^^^^^^^^^^^^^^^^^^^^^^^
  File "/home/deviyan/353505_ANUFRYIEU_02/IGI/LR5/hotel_project/core/views.py", line 109, in about_view
    return render(request, 'core/about.html', {
           ^^^^^^^^^^^^^^^^^^^^^^^^^^^^^^^^^^^^
  File "/home/deviyan/353505_ANUFRYIEU_02/IGI/LR5/.venv/lib/python3.12/site-packages/django/shortcuts.py", line 25, in render
    content = loader.render_to_string(template_name, context, request, using=using)
              ^^^^^^^^^^^^^^^^^^^^^^^^^^^^^^^^^^^^^^^^^^^^^^^^^^^^^^^^^^^^^^^^^^^^^
  File "/home/deviyan/353505_ANUFRYIEU_02/IGI/LR5/.venv/lib/python3.12/site-packages/django/template/loader.py", line 61, in render_to_string
    template = get_template(template_name, using=using)
               ^^^^^^^^^^^^^^^^^^^^^^^^^^^^^^^^^^^^^^^^
  File "/home/deviyan/353505_ANUFRYIEU_02/IGI/LR5/.venv/lib/python3.12/site-packages/django/template/loader.py", line 15, in get_template
    return engine.get_template(template_name)
           ^^^^^^^^^^^^^^^^^^^^^^^^^^^^^^^^^^
  File "/home/deviyan/353505_ANUFRYIEU_02/IGI/LR5/.venv/lib/python3.12/site-packages/django/template/backends/django.py", line 79, in get_template
    return Template(self.engine.get_template(template_name), self)
                    ^^^^^^^^^^^^^^^^^^^^^^^^^^^^^^^^^^^^^^^
  File "/home/deviyan/353505_ANUFRYIEU_02/IGI/LR5/.venv/lib/python3.12/site-packages/django/template/engine.py", line 177, in get_template
    template, origin = self.find_template(template_name)
                       ^^^^^^^^^^^^^^^^^^^^^^^^^^^^^^^^^
  File "/home/deviyan/353505_ANUFRYIEU_02/IGI/LR5/.venv/lib/python3.12/site-packages/django/template/engine.py", line 159, in find_template
    template = loader.get_template(name, skip=skip)
               ^^^^^^^^^^^^^^^^^^^^^^^^^^^^^^^^^^^^
  File "/home/deviyan/353505_ANUFRYIEU_02/IGI/LR5/.venv/lib/python3.12/site-packages/django/template/loaders/cached.py", line 57, in get_template
    template = super().get_template(template_name, skip)
               ^^^^^^^^^^^^^^^^^^^^^^^^^^^^^^^^^^^^^^^^^
  File "/home/deviyan/353505_ANUFRYIEU_02/IGI/LR5/.venv/lib/python3.12/site-packages/django/template/loaders/base.py", line 28, in get_template
    return Template(
           ^^^^^^^^^
  File "/home/deviyan/353505_ANUFRYIEU_02/IGI/LR5/.venv/lib/python3.12/site-packages/django/template/base.py", line 154, in __init__
    self.nodelist = self.compile_nodelist()
                    ^^^^^^^^^^^^^^^^^^^^^^^
  File "/home/deviyan/353505_ANUFRYIEU_02/IGI/LR5/.venv/lib/python3.12/site-packages/django/template/base.py", line 196, in compile_nodelist
    nodelist = parser.parse()
               ^^^^^^^^^^^^^^
  File "/home/deviyan/353505_ANUFRYIEU_02/IGI/LR5/.venv/lib/python3.12/site-packages/django/template/base.py", line 518, in parse
    raise self.error(token, e)
  File "/home/deviyan/353505_ANUFRYIEU_02/IGI/LR5/.venv/lib/python3.12/site-packages/django/template/base.py", line 516, in parse
    compiled_result = compile_func(self, token)
                      ^^^^^^^^^^^^^^^^^^^^^^^^^
  File "/home/deviyan/353505_ANUFRYIEU_02/IGI/LR5/.venv/lib/python3.12/site-packages/django/template/loader_tags.py", line 299, in do_extends
    nodelist = parser.parse()
               ^^^^^^^^^^^^^^
  File "/home/deviyan/353505_ANUFRYIEU_02/IGI/LR5/.venv/lib/python3.12/site-packages/django/template/base.py", line 518, in parse
    raise self.error(token, e)
  File "/home/deviyan/353505_ANUFRYIEU_02/IGI/LR5/.venv/lib/python3.12/site-packages/django/template/base.py", line 516, in parse
    compiled_result = compile_func(self, token)
                      ^^^^^^^^^^^^^^^^^^^^^^^^^
  File "/home/deviyan/353505_ANUFRYIEU_02/IGI/LR5/.venv/lib/python3.12/site-packages/django/template/loader_tags.py", line 299, in do_extends
    nodelist = parser.parse()
               ^^^^^^^^^^^^^^
  File "/home/deviyan/353505_ANUFRYIEU_02/IGI/LR5/.venv/lib/python3.12/site-packages/django/template/base.py", line 518, in parse
    raise self.error(token, e)
  File "/home/deviyan/353505_ANUFRYIEU_02/IGI/LR5/.venv/lib/python3.12/site-packages/django/template/base.py", line 516, in parse
    compiled_result = compile_func(self, token)
                      ^^^^^^^^^^^^^^^^^^^^^^^^^
  File "/home/deviyan/353505_ANUFRYIEU_02/IGI/LR5/.venv/lib/python3.12/site-packages/django/template/loader_tags.py", line 228, in do_block
    raise TemplateSyntaxError(
django.template.exceptions.TemplateSyntaxError: 'block' tag with name 'title' appears more than once
[2025-09-14 20:51:01,608] ERROR   django.request:248 Internal Server Error: /about/
Traceback (most recent call last):
  File "/home/deviyan/353505_ANUFRYIEU_02/IGI/LR5/.venv/lib/python3.12/site-packages/django/core/handlers/exception.py", line 55, in inner
    response = get_response(request)
               ^^^^^^^^^^^^^^^^^^^^^
  File "/home/deviyan/353505_ANUFRYIEU_02/IGI/LR5/.venv/lib/python3.12/site-packages/django/core/handlers/base.py", line 197, in _get_response
    response = wrapped_callback(request, *callback_args, **callback_kwargs)
               ^^^^^^^^^^^^^^^^^^^^^^^^^^^^^^^^^^^^^^^^^^^^^^^^^^^^^^^^^^^^
  File "/home/deviyan/353505_ANUFRYIEU_02/IGI/LR5/hotel_project/core/views.py", line 109, in about_view
    return render(request, 'core/about.html', {
           ^^^^^^^^^^^^^^^^^^^^^^^^^^^^^^^^^^^^
  File "/home/deviyan/353505_ANUFRYIEU_02/IGI/LR5/.venv/lib/python3.12/site-packages/django/shortcuts.py", line 25, in render
    content = loader.render_to_string(template_name, context, request, using=using)
              ^^^^^^^^^^^^^^^^^^^^^^^^^^^^^^^^^^^^^^^^^^^^^^^^^^^^^^^^^^^^^^^^^^^^^
  File "/home/deviyan/353505_ANUFRYIEU_02/IGI/LR5/.venv/lib/python3.12/site-packages/django/template/loader.py", line 61, in render_to_string
    template = get_template(template_name, using=using)
               ^^^^^^^^^^^^^^^^^^^^^^^^^^^^^^^^^^^^^^^^
  File "/home/deviyan/353505_ANUFRYIEU_02/IGI/LR5/.venv/lib/python3.12/site-packages/django/template/loader.py", line 15, in get_template
    return engine.get_template(template_name)
           ^^^^^^^^^^^^^^^^^^^^^^^^^^^^^^^^^^
  File "/home/deviyan/353505_ANUFRYIEU_02/IGI/LR5/.venv/lib/python3.12/site-packages/django/template/backends/django.py", line 79, in get_template
    return Template(self.engine.get_template(template_name), self)
                    ^^^^^^^^^^^^^^^^^^^^^^^^^^^^^^^^^^^^^^^
  File "/home/deviyan/353505_ANUFRYIEU_02/IGI/LR5/.venv/lib/python3.12/site-packages/django/template/engine.py", line 177, in get_template
    template, origin = self.find_template(template_name)
                       ^^^^^^^^^^^^^^^^^^^^^^^^^^^^^^^^^
  File "/home/deviyan/353505_ANUFRYIEU_02/IGI/LR5/.venv/lib/python3.12/site-packages/django/template/engine.py", line 159, in find_template
    template = loader.get_template(name, skip=skip)
               ^^^^^^^^^^^^^^^^^^^^^^^^^^^^^^^^^^^^
  File "/home/deviyan/353505_ANUFRYIEU_02/IGI/LR5/.venv/lib/python3.12/site-packages/django/template/loaders/cached.py", line 57, in get_template
    template = super().get_template(template_name, skip)
               ^^^^^^^^^^^^^^^^^^^^^^^^^^^^^^^^^^^^^^^^^
  File "/home/deviyan/353505_ANUFRYIEU_02/IGI/LR5/.venv/lib/python3.12/site-packages/django/template/loaders/base.py", line 28, in get_template
    return Template(
           ^^^^^^^^^
  File "/home/deviyan/353505_ANUFRYIEU_02/IGI/LR5/.venv/lib/python3.12/site-packages/django/template/base.py", line 154, in __init__
    self.nodelist = self.compile_nodelist()
                    ^^^^^^^^^^^^^^^^^^^^^^^
  File "/home/deviyan/353505_ANUFRYIEU_02/IGI/LR5/.venv/lib/python3.12/site-packages/django/template/base.py", line 196, in compile_nodelist
    nodelist = parser.parse()
               ^^^^^^^^^^^^^^
  File "/home/deviyan/353505_ANUFRYIEU_02/IGI/LR5/.venv/lib/python3.12/site-packages/django/template/base.py", line 518, in parse
    raise self.error(token, e)
  File "/home/deviyan/353505_ANUFRYIEU_02/IGI/LR5/.venv/lib/python3.12/site-packages/django/template/base.py", line 516, in parse
    compiled_result = compile_func(self, token)
                      ^^^^^^^^^^^^^^^^^^^^^^^^^
  File "/home/deviyan/353505_ANUFRYIEU_02/IGI/LR5/.venv/lib/python3.12/site-packages/django/template/loader_tags.py", line 299, in do_extends
    nodelist = parser.parse()
               ^^^^^^^^^^^^^^
  File "/home/deviyan/353505_ANUFRYIEU_02/IGI/LR5/.venv/lib/python3.12/site-packages/django/template/base.py", line 518, in parse
    raise self.error(token, e)
  File "/home/deviyan/353505_ANUFRYIEU_02/IGI/LR5/.venv/lib/python3.12/site-packages/django/template/base.py", line 516, in parse
    compiled_result = compile_func(self, token)
                      ^^^^^^^^^^^^^^^^^^^^^^^^^
  File "/home/deviyan/353505_ANUFRYIEU_02/IGI/LR5/.venv/lib/python3.12/site-packages/django/template/loader_tags.py", line 299, in do_extends
    nodelist = parser.parse()
               ^^^^^^^^^^^^^^
  File "/home/deviyan/353505_ANUFRYIEU_02/IGI/LR5/.venv/lib/python3.12/site-packages/django/template/base.py", line 518, in parse
    raise self.error(token, e)
  File "/home/deviyan/353505_ANUFRYIEU_02/IGI/LR5/.venv/lib/python3.12/site-packages/django/template/base.py", line 516, in parse
    compiled_result = compile_func(self, token)
                      ^^^^^^^^^^^^^^^^^^^^^^^^^
  File "/home/deviyan/353505_ANUFRYIEU_02/IGI/LR5/.venv/lib/python3.12/site-packages/django/template/loader_tags.py", line 228, in do_block
    raise TemplateSyntaxError(
django.template.exceptions.TemplateSyntaxError: 'block' tag with name 'title' appears more than once
[2025-09-14 20:51:01,790] ERROR   django.request:248 Internal Server Error: /about/
Traceback (most recent call last):
  File "/home/deviyan/353505_ANUFRYIEU_02/IGI/LR5/.venv/lib/python3.12/site-packages/django/core/handlers/exception.py", line 55, in inner
    response = get_response(request)
               ^^^^^^^^^^^^^^^^^^^^^
  File "/home/deviyan/353505_ANUFRYIEU_02/IGI/LR5/.venv/lib/python3.12/site-packages/django/core/handlers/base.py", line 197, in _get_response
    response = wrapped_callback(request, *callback_args, **callback_kwargs)
               ^^^^^^^^^^^^^^^^^^^^^^^^^^^^^^^^^^^^^^^^^^^^^^^^^^^^^^^^^^^^
  File "/home/deviyan/353505_ANUFRYIEU_02/IGI/LR5/hotel_project/core/views.py", line 109, in about_view
    return render(request, 'core/about.html', {
           ^^^^^^^^^^^^^^^^^^^^^^^^^^^^^^^^^^^^
  File "/home/deviyan/353505_ANUFRYIEU_02/IGI/LR5/.venv/lib/python3.12/site-packages/django/shortcuts.py", line 25, in render
    content = loader.render_to_string(template_name, context, request, using=using)
              ^^^^^^^^^^^^^^^^^^^^^^^^^^^^^^^^^^^^^^^^^^^^^^^^^^^^^^^^^^^^^^^^^^^^^
  File "/home/deviyan/353505_ANUFRYIEU_02/IGI/LR5/.venv/lib/python3.12/site-packages/django/template/loader.py", line 61, in render_to_string
    template = get_template(template_name, using=using)
               ^^^^^^^^^^^^^^^^^^^^^^^^^^^^^^^^^^^^^^^^
  File "/home/deviyan/353505_ANUFRYIEU_02/IGI/LR5/.venv/lib/python3.12/site-packages/django/template/loader.py", line 15, in get_template
    return engine.get_template(template_name)
           ^^^^^^^^^^^^^^^^^^^^^^^^^^^^^^^^^^
  File "/home/deviyan/353505_ANUFRYIEU_02/IGI/LR5/.venv/lib/python3.12/site-packages/django/template/backends/django.py", line 79, in get_template
    return Template(self.engine.get_template(template_name), self)
                    ^^^^^^^^^^^^^^^^^^^^^^^^^^^^^^^^^^^^^^^
  File "/home/deviyan/353505_ANUFRYIEU_02/IGI/LR5/.venv/lib/python3.12/site-packages/django/template/engine.py", line 177, in get_template
    template, origin = self.find_template(template_name)
                       ^^^^^^^^^^^^^^^^^^^^^^^^^^^^^^^^^
  File "/home/deviyan/353505_ANUFRYIEU_02/IGI/LR5/.venv/lib/python3.12/site-packages/django/template/engine.py", line 159, in find_template
    template = loader.get_template(name, skip=skip)
               ^^^^^^^^^^^^^^^^^^^^^^^^^^^^^^^^^^^^
  File "/home/deviyan/353505_ANUFRYIEU_02/IGI/LR5/.venv/lib/python3.12/site-packages/django/template/loaders/cached.py", line 57, in get_template
    template = super().get_template(template_name, skip)
               ^^^^^^^^^^^^^^^^^^^^^^^^^^^^^^^^^^^^^^^^^
  File "/home/deviyan/353505_ANUFRYIEU_02/IGI/LR5/.venv/lib/python3.12/site-packages/django/template/loaders/base.py", line 28, in get_template
    return Template(
           ^^^^^^^^^
  File "/home/deviyan/353505_ANUFRYIEU_02/IGI/LR5/.venv/lib/python3.12/site-packages/django/template/base.py", line 154, in __init__
    self.nodelist = self.compile_nodelist()
                    ^^^^^^^^^^^^^^^^^^^^^^^
  File "/home/deviyan/353505_ANUFRYIEU_02/IGI/LR5/.venv/lib/python3.12/site-packages/django/template/base.py", line 196, in compile_nodelist
    nodelist = parser.parse()
               ^^^^^^^^^^^^^^
  File "/home/deviyan/353505_ANUFRYIEU_02/IGI/LR5/.venv/lib/python3.12/site-packages/django/template/base.py", line 518, in parse
    raise self.error(token, e)
  File "/home/deviyan/353505_ANUFRYIEU_02/IGI/LR5/.venv/lib/python3.12/site-packages/django/template/base.py", line 516, in parse
    compiled_result = compile_func(self, token)
                      ^^^^^^^^^^^^^^^^^^^^^^^^^
  File "/home/deviyan/353505_ANUFRYIEU_02/IGI/LR5/.venv/lib/python3.12/site-packages/django/template/loader_tags.py", line 299, in do_extends
    nodelist = parser.parse()
               ^^^^^^^^^^^^^^
  File "/home/deviyan/353505_ANUFRYIEU_02/IGI/LR5/.venv/lib/python3.12/site-packages/django/template/base.py", line 518, in parse
    raise self.error(token, e)
  File "/home/deviyan/353505_ANUFRYIEU_02/IGI/LR5/.venv/lib/python3.12/site-packages/django/template/base.py", line 516, in parse
    compiled_result = compile_func(self, token)
                      ^^^^^^^^^^^^^^^^^^^^^^^^^
  File "/home/deviyan/353505_ANUFRYIEU_02/IGI/LR5/.venv/lib/python3.12/site-packages/django/template/loader_tags.py", line 299, in do_extends
    nodelist = parser.parse()
               ^^^^^^^^^^^^^^
  File "/home/deviyan/353505_ANUFRYIEU_02/IGI/LR5/.venv/lib/python3.12/site-packages/django/template/base.py", line 518, in parse
    raise self.error(token, e)
  File "/home/deviyan/353505_ANUFRYIEU_02/IGI/LR5/.venv/lib/python3.12/site-packages/django/template/base.py", line 516, in parse
    compiled_result = compile_func(self, token)
                      ^^^^^^^^^^^^^^^^^^^^^^^^^
  File "/home/deviyan/353505_ANUFRYIEU_02/IGI/LR5/.venv/lib/python3.12/site-packages/django/template/loader_tags.py", line 228, in do_block
    raise TemplateSyntaxError(
django.template.exceptions.TemplateSyntaxError: 'block' tag with name 'title' appears more than once
[2025-09-14 20:51:01,959] ERROR   django.request:248 Internal Server Error: /about/
Traceback (most recent call last):
  File "/home/deviyan/353505_ANUFRYIEU_02/IGI/LR5/.venv/lib/python3.12/site-packages/django/core/handlers/exception.py", line 55, in inner
    response = get_response(request)
               ^^^^^^^^^^^^^^^^^^^^^
  File "/home/deviyan/353505_ANUFRYIEU_02/IGI/LR5/.venv/lib/python3.12/site-packages/django/core/handlers/base.py", line 197, in _get_response
    response = wrapped_callback(request, *callback_args, **callback_kwargs)
               ^^^^^^^^^^^^^^^^^^^^^^^^^^^^^^^^^^^^^^^^^^^^^^^^^^^^^^^^^^^^
  File "/home/deviyan/353505_ANUFRYIEU_02/IGI/LR5/hotel_project/core/views.py", line 109, in about_view
    return render(request, 'core/about.html', {
           ^^^^^^^^^^^^^^^^^^^^^^^^^^^^^^^^^^^^
  File "/home/deviyan/353505_ANUFRYIEU_02/IGI/LR5/.venv/lib/python3.12/site-packages/django/shortcuts.py", line 25, in render
    content = loader.render_to_string(template_name, context, request, using=using)
              ^^^^^^^^^^^^^^^^^^^^^^^^^^^^^^^^^^^^^^^^^^^^^^^^^^^^^^^^^^^^^^^^^^^^^
  File "/home/deviyan/353505_ANUFRYIEU_02/IGI/LR5/.venv/lib/python3.12/site-packages/django/template/loader.py", line 61, in render_to_string
    template = get_template(template_name, using=using)
               ^^^^^^^^^^^^^^^^^^^^^^^^^^^^^^^^^^^^^^^^
  File "/home/deviyan/353505_ANUFRYIEU_02/IGI/LR5/.venv/lib/python3.12/site-packages/django/template/loader.py", line 15, in get_template
    return engine.get_template(template_name)
           ^^^^^^^^^^^^^^^^^^^^^^^^^^^^^^^^^^
  File "/home/deviyan/353505_ANUFRYIEU_02/IGI/LR5/.venv/lib/python3.12/site-packages/django/template/backends/django.py", line 79, in get_template
    return Template(self.engine.get_template(template_name), self)
                    ^^^^^^^^^^^^^^^^^^^^^^^^^^^^^^^^^^^^^^^
  File "/home/deviyan/353505_ANUFRYIEU_02/IGI/LR5/.venv/lib/python3.12/site-packages/django/template/engine.py", line 177, in get_template
    template, origin = self.find_template(template_name)
                       ^^^^^^^^^^^^^^^^^^^^^^^^^^^^^^^^^
  File "/home/deviyan/353505_ANUFRYIEU_02/IGI/LR5/.venv/lib/python3.12/site-packages/django/template/engine.py", line 159, in find_template
    template = loader.get_template(name, skip=skip)
               ^^^^^^^^^^^^^^^^^^^^^^^^^^^^^^^^^^^^
  File "/home/deviyan/353505_ANUFRYIEU_02/IGI/LR5/.venv/lib/python3.12/site-packages/django/template/loaders/cached.py", line 57, in get_template
    template = super().get_template(template_name, skip)
               ^^^^^^^^^^^^^^^^^^^^^^^^^^^^^^^^^^^^^^^^^
  File "/home/deviyan/353505_ANUFRYIEU_02/IGI/LR5/.venv/lib/python3.12/site-packages/django/template/loaders/base.py", line 28, in get_template
    return Template(
           ^^^^^^^^^
  File "/home/deviyan/353505_ANUFRYIEU_02/IGI/LR5/.venv/lib/python3.12/site-packages/django/template/base.py", line 154, in __init__
    self.nodelist = self.compile_nodelist()
                    ^^^^^^^^^^^^^^^^^^^^^^^
  File "/home/deviyan/353505_ANUFRYIEU_02/IGI/LR5/.venv/lib/python3.12/site-packages/django/template/base.py", line 196, in compile_nodelist
    nodelist = parser.parse()
               ^^^^^^^^^^^^^^
  File "/home/deviyan/353505_ANUFRYIEU_02/IGI/LR5/.venv/lib/python3.12/site-packages/django/template/base.py", line 518, in parse
    raise self.error(token, e)
  File "/home/deviyan/353505_ANUFRYIEU_02/IGI/LR5/.venv/lib/python3.12/site-packages/django/template/base.py", line 516, in parse
    compiled_result = compile_func(self, token)
                      ^^^^^^^^^^^^^^^^^^^^^^^^^
  File "/home/deviyan/353505_ANUFRYIEU_02/IGI/LR5/.venv/lib/python3.12/site-packages/django/template/loader_tags.py", line 299, in do_extends
    nodelist = parser.parse()
               ^^^^^^^^^^^^^^
  File "/home/deviyan/353505_ANUFRYIEU_02/IGI/LR5/.venv/lib/python3.12/site-packages/django/template/base.py", line 518, in parse
    raise self.error(token, e)
  File "/home/deviyan/353505_ANUFRYIEU_02/IGI/LR5/.venv/lib/python3.12/site-packages/django/template/base.py", line 516, in parse
    compiled_result = compile_func(self, token)
                      ^^^^^^^^^^^^^^^^^^^^^^^^^
  File "/home/deviyan/353505_ANUFRYIEU_02/IGI/LR5/.venv/lib/python3.12/site-packages/django/template/loader_tags.py", line 299, in do_extends
    nodelist = parser.parse()
               ^^^^^^^^^^^^^^
  File "/home/deviyan/353505_ANUFRYIEU_02/IGI/LR5/.venv/lib/python3.12/site-packages/django/template/base.py", line 518, in parse
    raise self.error(token, e)
  File "/home/deviyan/353505_ANUFRYIEU_02/IGI/LR5/.venv/lib/python3.12/site-packages/django/template/base.py", line 516, in parse
    compiled_result = compile_func(self, token)
                      ^^^^^^^^^^^^^^^^^^^^^^^^^
  File "/home/deviyan/353505_ANUFRYIEU_02/IGI/LR5/.venv/lib/python3.12/site-packages/django/template/loader_tags.py", line 228, in do_block
    raise TemplateSyntaxError(
django.template.exceptions.TemplateSyntaxError: 'block' tag with name 'title' appears more than once
[2025-09-14 20:51:02,112] ERROR   django.request:248 Internal Server Error: /about/
Traceback (most recent call last):
  File "/home/deviyan/353505_ANUFRYIEU_02/IGI/LR5/.venv/lib/python3.12/site-packages/django/core/handlers/exception.py", line 55, in inner
    response = get_response(request)
               ^^^^^^^^^^^^^^^^^^^^^
  File "/home/deviyan/353505_ANUFRYIEU_02/IGI/LR5/.venv/lib/python3.12/site-packages/django/core/handlers/base.py", line 197, in _get_response
    response = wrapped_callback(request, *callback_args, **callback_kwargs)
               ^^^^^^^^^^^^^^^^^^^^^^^^^^^^^^^^^^^^^^^^^^^^^^^^^^^^^^^^^^^^
  File "/home/deviyan/353505_ANUFRYIEU_02/IGI/LR5/hotel_project/core/views.py", line 109, in about_view
    return render(request, 'core/about.html', {
           ^^^^^^^^^^^^^^^^^^^^^^^^^^^^^^^^^^^^
  File "/home/deviyan/353505_ANUFRYIEU_02/IGI/LR5/.venv/lib/python3.12/site-packages/django/shortcuts.py", line 25, in render
    content = loader.render_to_string(template_name, context, request, using=using)
              ^^^^^^^^^^^^^^^^^^^^^^^^^^^^^^^^^^^^^^^^^^^^^^^^^^^^^^^^^^^^^^^^^^^^^
  File "/home/deviyan/353505_ANUFRYIEU_02/IGI/LR5/.venv/lib/python3.12/site-packages/django/template/loader.py", line 61, in render_to_string
    template = get_template(template_name, using=using)
               ^^^^^^^^^^^^^^^^^^^^^^^^^^^^^^^^^^^^^^^^
  File "/home/deviyan/353505_ANUFRYIEU_02/IGI/LR5/.venv/lib/python3.12/site-packages/django/template/loader.py", line 15, in get_template
    return engine.get_template(template_name)
           ^^^^^^^^^^^^^^^^^^^^^^^^^^^^^^^^^^
  File "/home/deviyan/353505_ANUFRYIEU_02/IGI/LR5/.venv/lib/python3.12/site-packages/django/template/backends/django.py", line 79, in get_template
    return Template(self.engine.get_template(template_name), self)
                    ^^^^^^^^^^^^^^^^^^^^^^^^^^^^^^^^^^^^^^^
  File "/home/deviyan/353505_ANUFRYIEU_02/IGI/LR5/.venv/lib/python3.12/site-packages/django/template/engine.py", line 177, in get_template
    template, origin = self.find_template(template_name)
                       ^^^^^^^^^^^^^^^^^^^^^^^^^^^^^^^^^
  File "/home/deviyan/353505_ANUFRYIEU_02/IGI/LR5/.venv/lib/python3.12/site-packages/django/template/engine.py", line 159, in find_template
    template = loader.get_template(name, skip=skip)
               ^^^^^^^^^^^^^^^^^^^^^^^^^^^^^^^^^^^^
  File "/home/deviyan/353505_ANUFRYIEU_02/IGI/LR5/.venv/lib/python3.12/site-packages/django/template/loaders/cached.py", line 57, in get_template
    template = super().get_template(template_name, skip)
               ^^^^^^^^^^^^^^^^^^^^^^^^^^^^^^^^^^^^^^^^^
  File "/home/deviyan/353505_ANUFRYIEU_02/IGI/LR5/.venv/lib/python3.12/site-packages/django/template/loaders/base.py", line 28, in get_template
    return Template(
           ^^^^^^^^^
  File "/home/deviyan/353505_ANUFRYIEU_02/IGI/LR5/.venv/lib/python3.12/site-packages/django/template/base.py", line 154, in __init__
    self.nodelist = self.compile_nodelist()
                    ^^^^^^^^^^^^^^^^^^^^^^^
  File "/home/deviyan/353505_ANUFRYIEU_02/IGI/LR5/.venv/lib/python3.12/site-packages/django/template/base.py", line 196, in compile_nodelist
    nodelist = parser.parse()
               ^^^^^^^^^^^^^^
  File "/home/deviyan/353505_ANUFRYIEU_02/IGI/LR5/.venv/lib/python3.12/site-packages/django/template/base.py", line 518, in parse
    raise self.error(token, e)
  File "/home/deviyan/353505_ANUFRYIEU_02/IGI/LR5/.venv/lib/python3.12/site-packages/django/template/base.py", line 516, in parse
    compiled_result = compile_func(self, token)
                      ^^^^^^^^^^^^^^^^^^^^^^^^^
  File "/home/deviyan/353505_ANUFRYIEU_02/IGI/LR5/.venv/lib/python3.12/site-packages/django/template/loader_tags.py", line 299, in do_extends
    nodelist = parser.parse()
               ^^^^^^^^^^^^^^
  File "/home/deviyan/353505_ANUFRYIEU_02/IGI/LR5/.venv/lib/python3.12/site-packages/django/template/base.py", line 518, in parse
    raise self.error(token, e)
  File "/home/deviyan/353505_ANUFRYIEU_02/IGI/LR5/.venv/lib/python3.12/site-packages/django/template/base.py", line 516, in parse
    compiled_result = compile_func(self, token)
                      ^^^^^^^^^^^^^^^^^^^^^^^^^
  File "/home/deviyan/353505_ANUFRYIEU_02/IGI/LR5/.venv/lib/python3.12/site-packages/django/template/loader_tags.py", line 299, in do_extends
    nodelist = parser.parse()
               ^^^^^^^^^^^^^^
  File "/home/deviyan/353505_ANUFRYIEU_02/IGI/LR5/.venv/lib/python3.12/site-packages/django/template/base.py", line 518, in parse
    raise self.error(token, e)
  File "/home/deviyan/353505_ANUFRYIEU_02/IGI/LR5/.venv/lib/python3.12/site-packages/django/template/base.py", line 516, in parse
    compiled_result = compile_func(self, token)
                      ^^^^^^^^^^^^^^^^^^^^^^^^^
  File "/home/deviyan/353505_ANUFRYIEU_02/IGI/LR5/.venv/lib/python3.12/site-packages/django/template/loader_tags.py", line 228, in do_block
    raise TemplateSyntaxError(
django.template.exceptions.TemplateSyntaxError: 'block' tag with name 'title' appears more than once
[2025-09-14 20:51:02,285] ERROR   django.request:248 Internal Server Error: /about/
Traceback (most recent call last):
  File "/home/deviyan/353505_ANUFRYIEU_02/IGI/LR5/.venv/lib/python3.12/site-packages/django/core/handlers/exception.py", line 55, in inner
    response = get_response(request)
               ^^^^^^^^^^^^^^^^^^^^^
  File "/home/deviyan/353505_ANUFRYIEU_02/IGI/LR5/.venv/lib/python3.12/site-packages/django/core/handlers/base.py", line 197, in _get_response
    response = wrapped_callback(request, *callback_args, **callback_kwargs)
               ^^^^^^^^^^^^^^^^^^^^^^^^^^^^^^^^^^^^^^^^^^^^^^^^^^^^^^^^^^^^
  File "/home/deviyan/353505_ANUFRYIEU_02/IGI/LR5/hotel_project/core/views.py", line 109, in about_view
    return render(request, 'core/about.html', {
           ^^^^^^^^^^^^^^^^^^^^^^^^^^^^^^^^^^^^
  File "/home/deviyan/353505_ANUFRYIEU_02/IGI/LR5/.venv/lib/python3.12/site-packages/django/shortcuts.py", line 25, in render
    content = loader.render_to_string(template_name, context, request, using=using)
              ^^^^^^^^^^^^^^^^^^^^^^^^^^^^^^^^^^^^^^^^^^^^^^^^^^^^^^^^^^^^^^^^^^^^^
  File "/home/deviyan/353505_ANUFRYIEU_02/IGI/LR5/.venv/lib/python3.12/site-packages/django/template/loader.py", line 61, in render_to_string
    template = get_template(template_name, using=using)
               ^^^^^^^^^^^^^^^^^^^^^^^^^^^^^^^^^^^^^^^^
  File "/home/deviyan/353505_ANUFRYIEU_02/IGI/LR5/.venv/lib/python3.12/site-packages/django/template/loader.py", line 15, in get_template
    return engine.get_template(template_name)
           ^^^^^^^^^^^^^^^^^^^^^^^^^^^^^^^^^^
  File "/home/deviyan/353505_ANUFRYIEU_02/IGI/LR5/.venv/lib/python3.12/site-packages/django/template/backends/django.py", line 79, in get_template
    return Template(self.engine.get_template(template_name), self)
                    ^^^^^^^^^^^^^^^^^^^^^^^^^^^^^^^^^^^^^^^
  File "/home/deviyan/353505_ANUFRYIEU_02/IGI/LR5/.venv/lib/python3.12/site-packages/django/template/engine.py", line 177, in get_template
    template, origin = self.find_template(template_name)
                       ^^^^^^^^^^^^^^^^^^^^^^^^^^^^^^^^^
  File "/home/deviyan/353505_ANUFRYIEU_02/IGI/LR5/.venv/lib/python3.12/site-packages/django/template/engine.py", line 159, in find_template
    template = loader.get_template(name, skip=skip)
               ^^^^^^^^^^^^^^^^^^^^^^^^^^^^^^^^^^^^
  File "/home/deviyan/353505_ANUFRYIEU_02/IGI/LR5/.venv/lib/python3.12/site-packages/django/template/loaders/cached.py", line 57, in get_template
    template = super().get_template(template_name, skip)
               ^^^^^^^^^^^^^^^^^^^^^^^^^^^^^^^^^^^^^^^^^
  File "/home/deviyan/353505_ANUFRYIEU_02/IGI/LR5/.venv/lib/python3.12/site-packages/django/template/loaders/base.py", line 28, in get_template
    return Template(
           ^^^^^^^^^
  File "/home/deviyan/353505_ANUFRYIEU_02/IGI/LR5/.venv/lib/python3.12/site-packages/django/template/base.py", line 154, in __init__
    self.nodelist = self.compile_nodelist()
                    ^^^^^^^^^^^^^^^^^^^^^^^
  File "/home/deviyan/353505_ANUFRYIEU_02/IGI/LR5/.venv/lib/python3.12/site-packages/django/template/base.py", line 196, in compile_nodelist
    nodelist = parser.parse()
               ^^^^^^^^^^^^^^
  File "/home/deviyan/353505_ANUFRYIEU_02/IGI/LR5/.venv/lib/python3.12/site-packages/django/template/base.py", line 518, in parse
    raise self.error(token, e)
  File "/home/deviyan/353505_ANUFRYIEU_02/IGI/LR5/.venv/lib/python3.12/site-packages/django/template/base.py", line 516, in parse
    compiled_result = compile_func(self, token)
                      ^^^^^^^^^^^^^^^^^^^^^^^^^
  File "/home/deviyan/353505_ANUFRYIEU_02/IGI/LR5/.venv/lib/python3.12/site-packages/django/template/loader_tags.py", line 299, in do_extends
    nodelist = parser.parse()
               ^^^^^^^^^^^^^^
  File "/home/deviyan/353505_ANUFRYIEU_02/IGI/LR5/.venv/lib/python3.12/site-packages/django/template/base.py", line 518, in parse
    raise self.error(token, e)
  File "/home/deviyan/353505_ANUFRYIEU_02/IGI/LR5/.venv/lib/python3.12/site-packages/django/template/base.py", line 516, in parse
    compiled_result = compile_func(self, token)
                      ^^^^^^^^^^^^^^^^^^^^^^^^^
  File "/home/deviyan/353505_ANUFRYIEU_02/IGI/LR5/.venv/lib/python3.12/site-packages/django/template/loader_tags.py", line 299, in do_extends
    nodelist = parser.parse()
               ^^^^^^^^^^^^^^
  File "/home/deviyan/353505_ANUFRYIEU_02/IGI/LR5/.venv/lib/python3.12/site-packages/django/template/base.py", line 518, in parse
    raise self.error(token, e)
  File "/home/deviyan/353505_ANUFRYIEU_02/IGI/LR5/.venv/lib/python3.12/site-packages/django/template/base.py", line 516, in parse
    compiled_result = compile_func(self, token)
                      ^^^^^^^^^^^^^^^^^^^^^^^^^
  File "/home/deviyan/353505_ANUFRYIEU_02/IGI/LR5/.venv/lib/python3.12/site-packages/django/template/loader_tags.py", line 228, in do_block
    raise TemplateSyntaxError(
django.template.exceptions.TemplateSyntaxError: 'block' tag with name 'title' appears more than once
[2025-09-14 20:51:02,493] ERROR   django.request:248 Internal Server Error: /about/
Traceback (most recent call last):
  File "/home/deviyan/353505_ANUFRYIEU_02/IGI/LR5/.venv/lib/python3.12/site-packages/django/core/handlers/exception.py", line 55, in inner
    response = get_response(request)
               ^^^^^^^^^^^^^^^^^^^^^
  File "/home/deviyan/353505_ANUFRYIEU_02/IGI/LR5/.venv/lib/python3.12/site-packages/django/core/handlers/base.py", line 197, in _get_response
    response = wrapped_callback(request, *callback_args, **callback_kwargs)
               ^^^^^^^^^^^^^^^^^^^^^^^^^^^^^^^^^^^^^^^^^^^^^^^^^^^^^^^^^^^^
  File "/home/deviyan/353505_ANUFRYIEU_02/IGI/LR5/hotel_project/core/views.py", line 109, in about_view
    return render(request, 'core/about.html', {
           ^^^^^^^^^^^^^^^^^^^^^^^^^^^^^^^^^^^^
  File "/home/deviyan/353505_ANUFRYIEU_02/IGI/LR5/.venv/lib/python3.12/site-packages/django/shortcuts.py", line 25, in render
    content = loader.render_to_string(template_name, context, request, using=using)
              ^^^^^^^^^^^^^^^^^^^^^^^^^^^^^^^^^^^^^^^^^^^^^^^^^^^^^^^^^^^^^^^^^^^^^
  File "/home/deviyan/353505_ANUFRYIEU_02/IGI/LR5/.venv/lib/python3.12/site-packages/django/template/loader.py", line 61, in render_to_string
    template = get_template(template_name, using=using)
               ^^^^^^^^^^^^^^^^^^^^^^^^^^^^^^^^^^^^^^^^
  File "/home/deviyan/353505_ANUFRYIEU_02/IGI/LR5/.venv/lib/python3.12/site-packages/django/template/loader.py", line 15, in get_template
    return engine.get_template(template_name)
           ^^^^^^^^^^^^^^^^^^^^^^^^^^^^^^^^^^
  File "/home/deviyan/353505_ANUFRYIEU_02/IGI/LR5/.venv/lib/python3.12/site-packages/django/template/backends/django.py", line 79, in get_template
    return Template(self.engine.get_template(template_name), self)
                    ^^^^^^^^^^^^^^^^^^^^^^^^^^^^^^^^^^^^^^^
  File "/home/deviyan/353505_ANUFRYIEU_02/IGI/LR5/.venv/lib/python3.12/site-packages/django/template/engine.py", line 177, in get_template
    template, origin = self.find_template(template_name)
                       ^^^^^^^^^^^^^^^^^^^^^^^^^^^^^^^^^
  File "/home/deviyan/353505_ANUFRYIEU_02/IGI/LR5/.venv/lib/python3.12/site-packages/django/template/engine.py", line 159, in find_template
    template = loader.get_template(name, skip=skip)
               ^^^^^^^^^^^^^^^^^^^^^^^^^^^^^^^^^^^^
  File "/home/deviyan/353505_ANUFRYIEU_02/IGI/LR5/.venv/lib/python3.12/site-packages/django/template/loaders/cached.py", line 57, in get_template
    template = super().get_template(template_name, skip)
               ^^^^^^^^^^^^^^^^^^^^^^^^^^^^^^^^^^^^^^^^^
  File "/home/deviyan/353505_ANUFRYIEU_02/IGI/LR5/.venv/lib/python3.12/site-packages/django/template/loaders/base.py", line 28, in get_template
    return Template(
           ^^^^^^^^^
  File "/home/deviyan/353505_ANUFRYIEU_02/IGI/LR5/.venv/lib/python3.12/site-packages/django/template/base.py", line 154, in __init__
    self.nodelist = self.compile_nodelist()
                    ^^^^^^^^^^^^^^^^^^^^^^^
  File "/home/deviyan/353505_ANUFRYIEU_02/IGI/LR5/.venv/lib/python3.12/site-packages/django/template/base.py", line 196, in compile_nodelist
    nodelist = parser.parse()
               ^^^^^^^^^^^^^^
  File "/home/deviyan/353505_ANUFRYIEU_02/IGI/LR5/.venv/lib/python3.12/site-packages/django/template/base.py", line 518, in parse
    raise self.error(token, e)
  File "/home/deviyan/353505_ANUFRYIEU_02/IGI/LR5/.venv/lib/python3.12/site-packages/django/template/base.py", line 516, in parse
    compiled_result = compile_func(self, token)
                      ^^^^^^^^^^^^^^^^^^^^^^^^^
  File "/home/deviyan/353505_ANUFRYIEU_02/IGI/LR5/.venv/lib/python3.12/site-packages/django/template/loader_tags.py", line 299, in do_extends
    nodelist = parser.parse()
               ^^^^^^^^^^^^^^
  File "/home/deviyan/353505_ANUFRYIEU_02/IGI/LR5/.venv/lib/python3.12/site-packages/django/template/base.py", line 518, in parse
    raise self.error(token, e)
  File "/home/deviyan/353505_ANUFRYIEU_02/IGI/LR5/.venv/lib/python3.12/site-packages/django/template/base.py", line 516, in parse
    compiled_result = compile_func(self, token)
                      ^^^^^^^^^^^^^^^^^^^^^^^^^
  File "/home/deviyan/353505_ANUFRYIEU_02/IGI/LR5/.venv/lib/python3.12/site-packages/django/template/loader_tags.py", line 299, in do_extends
    nodelist = parser.parse()
               ^^^^^^^^^^^^^^
  File "/home/deviyan/353505_ANUFRYIEU_02/IGI/LR5/.venv/lib/python3.12/site-packages/django/template/base.py", line 518, in parse
    raise self.error(token, e)
  File "/home/deviyan/353505_ANUFRYIEU_02/IGI/LR5/.venv/lib/python3.12/site-packages/django/template/base.py", line 516, in parse
    compiled_result = compile_func(self, token)
                      ^^^^^^^^^^^^^^^^^^^^^^^^^
  File "/home/deviyan/353505_ANUFRYIEU_02/IGI/LR5/.venv/lib/python3.12/site-packages/django/template/loader_tags.py", line 228, in do_block
    raise TemplateSyntaxError(
django.template.exceptions.TemplateSyntaxError: 'block' tag with name 'title' appears more than once
[2025-09-14 20:51:10,577] ERROR   django.request:248 Internal Server Error: /about/
Traceback (most recent call last):
  File "/home/deviyan/353505_ANUFRYIEU_02/IGI/LR5/.venv/lib/python3.12/site-packages/django/core/handlers/exception.py", line 55, in inner
    response = get_response(request)
               ^^^^^^^^^^^^^^^^^^^^^
  File "/home/deviyan/353505_ANUFRYIEU_02/IGI/LR5/.venv/lib/python3.12/site-packages/django/core/handlers/base.py", line 197, in _get_response
    response = wrapped_callback(request, *callback_args, **callback_kwargs)
               ^^^^^^^^^^^^^^^^^^^^^^^^^^^^^^^^^^^^^^^^^^^^^^^^^^^^^^^^^^^^
  File "/home/deviyan/353505_ANUFRYIEU_02/IGI/LR5/hotel_project/core/views.py", line 109, in about_view
    return render(request, 'core/about.html', {
           ^^^^^^^^^^^^^^^^^^^^^^^^^^^^^^^^^^^^
  File "/home/deviyan/353505_ANUFRYIEU_02/IGI/LR5/.venv/lib/python3.12/site-packages/django/shortcuts.py", line 25, in render
    content = loader.render_to_string(template_name, context, request, using=using)
              ^^^^^^^^^^^^^^^^^^^^^^^^^^^^^^^^^^^^^^^^^^^^^^^^^^^^^^^^^^^^^^^^^^^^^
  File "/home/deviyan/353505_ANUFRYIEU_02/IGI/LR5/.venv/lib/python3.12/site-packages/django/template/loader.py", line 62, in render_to_string
    return template.render(context, request)
           ^^^^^^^^^^^^^^^^^^^^^^^^^^^^^^^^^
  File "/home/deviyan/353505_ANUFRYIEU_02/IGI/LR5/.venv/lib/python3.12/site-packages/django/template/backends/django.py", line 107, in render
    return self.template.render(context)
           ^^^^^^^^^^^^^^^^^^^^^^^^^^^^^
  File "/home/deviyan/353505_ANUFRYIEU_02/IGI/LR5/.venv/lib/python3.12/site-packages/django/template/base.py", line 171, in render
    return self._render(context)
           ^^^^^^^^^^^^^^^^^^^^^
  File "/home/deviyan/353505_ANUFRYIEU_02/IGI/LR5/.venv/lib/python3.12/site-packages/django/template/base.py", line 163, in _render
    return self.nodelist.render(context)
           ^^^^^^^^^^^^^^^^^^^^^^^^^^^^^
  File "/home/deviyan/353505_ANUFRYIEU_02/IGI/LR5/.venv/lib/python3.12/site-packages/django/template/base.py", line 1016, in render
    return SafeString("".join([node.render_annotated(context) for node in self]))
                               ^^^^^^^^^^^^^^^^^^^^^^^^^^^^^^
  File "/home/deviyan/353505_ANUFRYIEU_02/IGI/LR5/.venv/lib/python3.12/site-packages/django/template/base.py", line 977, in render_annotated
    return self.render(context)
           ^^^^^^^^^^^^^^^^^^^^
  File "/home/deviyan/353505_ANUFRYIEU_02/IGI/LR5/.venv/lib/python3.12/site-packages/django/template/loader_tags.py", line 159, in render
    return compiled_parent._render(context)
           ^^^^^^^^^^^^^^^^^^^^^^^^^^^^^^^^
  File "/home/deviyan/353505_ANUFRYIEU_02/IGI/LR5/.venv/lib/python3.12/site-packages/django/template/base.py", line 163, in _render
    return self.nodelist.render(context)
           ^^^^^^^^^^^^^^^^^^^^^^^^^^^^^
  File "/home/deviyan/353505_ANUFRYIEU_02/IGI/LR5/.venv/lib/python3.12/site-packages/django/template/base.py", line 1016, in render
    return SafeString("".join([node.render_annotated(context) for node in self]))
                               ^^^^^^^^^^^^^^^^^^^^^^^^^^^^^^
  File "/home/deviyan/353505_ANUFRYIEU_02/IGI/LR5/.venv/lib/python3.12/site-packages/django/template/base.py", line 977, in render_annotated
    return self.render(context)
           ^^^^^^^^^^^^^^^^^^^^
  File "/home/deviyan/353505_ANUFRYIEU_02/IGI/LR5/.venv/lib/python3.12/site-packages/django/template/loader_tags.py", line 65, in render
    result = block.nodelist.render(context)
             ^^^^^^^^^^^^^^^^^^^^^^^^^^^^^^
  File "/home/deviyan/353505_ANUFRYIEU_02/IGI/LR5/.venv/lib/python3.12/site-packages/django/template/base.py", line 1016, in render
    return SafeString("".join([node.render_annotated(context) for node in self]))
                               ^^^^^^^^^^^^^^^^^^^^^^^^^^^^^^
  File "/home/deviyan/353505_ANUFRYIEU_02/IGI/LR5/.venv/lib/python3.12/site-packages/django/template/base.py", line 977, in render_annotated
    return self.render(context)
           ^^^^^^^^^^^^^^^^^^^^
  File "/home/deviyan/353505_ANUFRYIEU_02/IGI/LR5/.venv/lib/python3.12/site-packages/django/template/defaulttags.py", line 480, in render
    url = reverse(view_name, args=args, kwargs=kwargs, current_app=current_app)
          ^^^^^^^^^^^^^^^^^^^^^^^^^^^^^^^^^^^^^^^^^^^^^^^^^^^^^^^^^^^^^^^^^^^^^
  File "/home/deviyan/353505_ANUFRYIEU_02/IGI/LR5/.venv/lib/python3.12/site-packages/django/urls/base.py", line 98, in reverse
    resolved_url = resolver._reverse_with_prefix(view, prefix, *args, **kwargs)
                   ^^^^^^^^^^^^^^^^^^^^^^^^^^^^^^^^^^^^^^^^^^^^^^^^^^^^^^^^^^^^
  File "/home/deviyan/353505_ANUFRYIEU_02/IGI/LR5/.venv/lib/python3.12/site-packages/django/urls/resolvers.py", line 831, in _reverse_with_prefix
    raise NoReverseMatch(msg)
django.urls.exceptions.NoReverseMatch: Reverse for 'contact' not found. 'contact' is not a valid view function or pattern name.
[2025-09-14 20:51:11,013] ERROR   django.request:248 Internal Server Error: /about/
Traceback (most recent call last):
  File "/home/deviyan/353505_ANUFRYIEU_02/IGI/LR5/.venv/lib/python3.12/site-packages/django/core/handlers/exception.py", line 55, in inner
    response = get_response(request)
               ^^^^^^^^^^^^^^^^^^^^^
  File "/home/deviyan/353505_ANUFRYIEU_02/IGI/LR5/.venv/lib/python3.12/site-packages/django/core/handlers/base.py", line 197, in _get_response
    response = wrapped_callback(request, *callback_args, **callback_kwargs)
               ^^^^^^^^^^^^^^^^^^^^^^^^^^^^^^^^^^^^^^^^^^^^^^^^^^^^^^^^^^^^
  File "/home/deviyan/353505_ANUFRYIEU_02/IGI/LR5/hotel_project/core/views.py", line 109, in about_view
    return render(request, 'core/about.html', {
           ^^^^^^^^^^^^^^^^^^^^^^^^^^^^^^^^^^^^
  File "/home/deviyan/353505_ANUFRYIEU_02/IGI/LR5/.venv/lib/python3.12/site-packages/django/shortcuts.py", line 25, in render
    content = loader.render_to_string(template_name, context, request, using=using)
              ^^^^^^^^^^^^^^^^^^^^^^^^^^^^^^^^^^^^^^^^^^^^^^^^^^^^^^^^^^^^^^^^^^^^^
  File "/home/deviyan/353505_ANUFRYIEU_02/IGI/LR5/.venv/lib/python3.12/site-packages/django/template/loader.py", line 62, in render_to_string
    return template.render(context, request)
           ^^^^^^^^^^^^^^^^^^^^^^^^^^^^^^^^^
  File "/home/deviyan/353505_ANUFRYIEU_02/IGI/LR5/.venv/lib/python3.12/site-packages/django/template/backends/django.py", line 107, in render
    return self.template.render(context)
           ^^^^^^^^^^^^^^^^^^^^^^^^^^^^^
  File "/home/deviyan/353505_ANUFRYIEU_02/IGI/LR5/.venv/lib/python3.12/site-packages/django/template/base.py", line 171, in render
    return self._render(context)
           ^^^^^^^^^^^^^^^^^^^^^
  File "/home/deviyan/353505_ANUFRYIEU_02/IGI/LR5/.venv/lib/python3.12/site-packages/django/template/base.py", line 163, in _render
    return self.nodelist.render(context)
           ^^^^^^^^^^^^^^^^^^^^^^^^^^^^^
  File "/home/deviyan/353505_ANUFRYIEU_02/IGI/LR5/.venv/lib/python3.12/site-packages/django/template/base.py", line 1016, in render
    return SafeString("".join([node.render_annotated(context) for node in self]))
                               ^^^^^^^^^^^^^^^^^^^^^^^^^^^^^^
  File "/home/deviyan/353505_ANUFRYIEU_02/IGI/LR5/.venv/lib/python3.12/site-packages/django/template/base.py", line 977, in render_annotated
    return self.render(context)
           ^^^^^^^^^^^^^^^^^^^^
  File "/home/deviyan/353505_ANUFRYIEU_02/IGI/LR5/.venv/lib/python3.12/site-packages/django/template/loader_tags.py", line 159, in render
    return compiled_parent._render(context)
           ^^^^^^^^^^^^^^^^^^^^^^^^^^^^^^^^
  File "/home/deviyan/353505_ANUFRYIEU_02/IGI/LR5/.venv/lib/python3.12/site-packages/django/template/base.py", line 163, in _render
    return self.nodelist.render(context)
           ^^^^^^^^^^^^^^^^^^^^^^^^^^^^^
  File "/home/deviyan/353505_ANUFRYIEU_02/IGI/LR5/.venv/lib/python3.12/site-packages/django/template/base.py", line 1016, in render
    return SafeString("".join([node.render_annotated(context) for node in self]))
                               ^^^^^^^^^^^^^^^^^^^^^^^^^^^^^^
  File "/home/deviyan/353505_ANUFRYIEU_02/IGI/LR5/.venv/lib/python3.12/site-packages/django/template/base.py", line 977, in render_annotated
    return self.render(context)
           ^^^^^^^^^^^^^^^^^^^^
  File "/home/deviyan/353505_ANUFRYIEU_02/IGI/LR5/.venv/lib/python3.12/site-packages/django/template/loader_tags.py", line 65, in render
    result = block.nodelist.render(context)
             ^^^^^^^^^^^^^^^^^^^^^^^^^^^^^^
  File "/home/deviyan/353505_ANUFRYIEU_02/IGI/LR5/.venv/lib/python3.12/site-packages/django/template/base.py", line 1016, in render
    return SafeString("".join([node.render_annotated(context) for node in self]))
                               ^^^^^^^^^^^^^^^^^^^^^^^^^^^^^^
  File "/home/deviyan/353505_ANUFRYIEU_02/IGI/LR5/.venv/lib/python3.12/site-packages/django/template/base.py", line 977, in render_annotated
    return self.render(context)
           ^^^^^^^^^^^^^^^^^^^^
  File "/home/deviyan/353505_ANUFRYIEU_02/IGI/LR5/.venv/lib/python3.12/site-packages/django/template/defaulttags.py", line 480, in render
    url = reverse(view_name, args=args, kwargs=kwargs, current_app=current_app)
          ^^^^^^^^^^^^^^^^^^^^^^^^^^^^^^^^^^^^^^^^^^^^^^^^^^^^^^^^^^^^^^^^^^^^^
  File "/home/deviyan/353505_ANUFRYIEU_02/IGI/LR5/.venv/lib/python3.12/site-packages/django/urls/base.py", line 98, in reverse
    resolved_url = resolver._reverse_with_prefix(view, prefix, *args, **kwargs)
                   ^^^^^^^^^^^^^^^^^^^^^^^^^^^^^^^^^^^^^^^^^^^^^^^^^^^^^^^^^^^^
  File "/home/deviyan/353505_ANUFRYIEU_02/IGI/LR5/.venv/lib/python3.12/site-packages/django/urls/resolvers.py", line 831, in _reverse_with_prefix
    raise NoReverseMatch(msg)
django.urls.exceptions.NoReverseMatch: Reverse for 'contact' not found. 'contact' is not a valid view function or pattern name.
[2025-09-14 20:51:11,389] ERROR   django.request:248 Internal Server Error: /about/
Traceback (most recent call last):
  File "/home/deviyan/353505_ANUFRYIEU_02/IGI/LR5/.venv/lib/python3.12/site-packages/django/core/handlers/exception.py", line 55, in inner
    response = get_response(request)
               ^^^^^^^^^^^^^^^^^^^^^
  File "/home/deviyan/353505_ANUFRYIEU_02/IGI/LR5/.venv/lib/python3.12/site-packages/django/core/handlers/base.py", line 197, in _get_response
    response = wrapped_callback(request, *callback_args, **callback_kwargs)
               ^^^^^^^^^^^^^^^^^^^^^^^^^^^^^^^^^^^^^^^^^^^^^^^^^^^^^^^^^^^^
  File "/home/deviyan/353505_ANUFRYIEU_02/IGI/LR5/hotel_project/core/views.py", line 109, in about_view
    return render(request, 'core/about.html', {
           ^^^^^^^^^^^^^^^^^^^^^^^^^^^^^^^^^^^^
  File "/home/deviyan/353505_ANUFRYIEU_02/IGI/LR5/.venv/lib/python3.12/site-packages/django/shortcuts.py", line 25, in render
    content = loader.render_to_string(template_name, context, request, using=using)
              ^^^^^^^^^^^^^^^^^^^^^^^^^^^^^^^^^^^^^^^^^^^^^^^^^^^^^^^^^^^^^^^^^^^^^
  File "/home/deviyan/353505_ANUFRYIEU_02/IGI/LR5/.venv/lib/python3.12/site-packages/django/template/loader.py", line 62, in render_to_string
    return template.render(context, request)
           ^^^^^^^^^^^^^^^^^^^^^^^^^^^^^^^^^
  File "/home/deviyan/353505_ANUFRYIEU_02/IGI/LR5/.venv/lib/python3.12/site-packages/django/template/backends/django.py", line 107, in render
    return self.template.render(context)
           ^^^^^^^^^^^^^^^^^^^^^^^^^^^^^
  File "/home/deviyan/353505_ANUFRYIEU_02/IGI/LR5/.venv/lib/python3.12/site-packages/django/template/base.py", line 171, in render
    return self._render(context)
           ^^^^^^^^^^^^^^^^^^^^^
  File "/home/deviyan/353505_ANUFRYIEU_02/IGI/LR5/.venv/lib/python3.12/site-packages/django/template/base.py", line 163, in _render
    return self.nodelist.render(context)
           ^^^^^^^^^^^^^^^^^^^^^^^^^^^^^
  File "/home/deviyan/353505_ANUFRYIEU_02/IGI/LR5/.venv/lib/python3.12/site-packages/django/template/base.py", line 1016, in render
    return SafeString("".join([node.render_annotated(context) for node in self]))
                               ^^^^^^^^^^^^^^^^^^^^^^^^^^^^^^
  File "/home/deviyan/353505_ANUFRYIEU_02/IGI/LR5/.venv/lib/python3.12/site-packages/django/template/base.py", line 977, in render_annotated
    return self.render(context)
           ^^^^^^^^^^^^^^^^^^^^
  File "/home/deviyan/353505_ANUFRYIEU_02/IGI/LR5/.venv/lib/python3.12/site-packages/django/template/loader_tags.py", line 159, in render
    return compiled_parent._render(context)
           ^^^^^^^^^^^^^^^^^^^^^^^^^^^^^^^^
  File "/home/deviyan/353505_ANUFRYIEU_02/IGI/LR5/.venv/lib/python3.12/site-packages/django/template/base.py", line 163, in _render
    return self.nodelist.render(context)
           ^^^^^^^^^^^^^^^^^^^^^^^^^^^^^
  File "/home/deviyan/353505_ANUFRYIEU_02/IGI/LR5/.venv/lib/python3.12/site-packages/django/template/base.py", line 1016, in render
    return SafeString("".join([node.render_annotated(context) for node in self]))
                               ^^^^^^^^^^^^^^^^^^^^^^^^^^^^^^
  File "/home/deviyan/353505_ANUFRYIEU_02/IGI/LR5/.venv/lib/python3.12/site-packages/django/template/base.py", line 977, in render_annotated
    return self.render(context)
           ^^^^^^^^^^^^^^^^^^^^
  File "/home/deviyan/353505_ANUFRYIEU_02/IGI/LR5/.venv/lib/python3.12/site-packages/django/template/loader_tags.py", line 65, in render
    result = block.nodelist.render(context)
             ^^^^^^^^^^^^^^^^^^^^^^^^^^^^^^
  File "/home/deviyan/353505_ANUFRYIEU_02/IGI/LR5/.venv/lib/python3.12/site-packages/django/template/base.py", line 1016, in render
    return SafeString("".join([node.render_annotated(context) for node in self]))
                               ^^^^^^^^^^^^^^^^^^^^^^^^^^^^^^
  File "/home/deviyan/353505_ANUFRYIEU_02/IGI/LR5/.venv/lib/python3.12/site-packages/django/template/base.py", line 977, in render_annotated
    return self.render(context)
           ^^^^^^^^^^^^^^^^^^^^
  File "/home/deviyan/353505_ANUFRYIEU_02/IGI/LR5/.venv/lib/python3.12/site-packages/django/template/defaulttags.py", line 480, in render
    url = reverse(view_name, args=args, kwargs=kwargs, current_app=current_app)
          ^^^^^^^^^^^^^^^^^^^^^^^^^^^^^^^^^^^^^^^^^^^^^^^^^^^^^^^^^^^^^^^^^^^^^
  File "/home/deviyan/353505_ANUFRYIEU_02/IGI/LR5/.venv/lib/python3.12/site-packages/django/urls/base.py", line 98, in reverse
    resolved_url = resolver._reverse_with_prefix(view, prefix, *args, **kwargs)
                   ^^^^^^^^^^^^^^^^^^^^^^^^^^^^^^^^^^^^^^^^^^^^^^^^^^^^^^^^^^^^
  File "/home/deviyan/353505_ANUFRYIEU_02/IGI/LR5/.venv/lib/python3.12/site-packages/django/urls/resolvers.py", line 831, in _reverse_with_prefix
    raise NoReverseMatch(msg)
django.urls.exceptions.NoReverseMatch: Reverse for 'contact' not found. 'contact' is not a valid view function or pattern name.
[2025-09-14 20:51:11,851] ERROR   django.request:248 Internal Server Error: /about/
Traceback (most recent call last):
  File "/home/deviyan/353505_ANUFRYIEU_02/IGI/LR5/.venv/lib/python3.12/site-packages/django/core/handlers/exception.py", line 55, in inner
    response = get_response(request)
               ^^^^^^^^^^^^^^^^^^^^^
  File "/home/deviyan/353505_ANUFRYIEU_02/IGI/LR5/.venv/lib/python3.12/site-packages/django/core/handlers/base.py", line 197, in _get_response
    response = wrapped_callback(request, *callback_args, **callback_kwargs)
               ^^^^^^^^^^^^^^^^^^^^^^^^^^^^^^^^^^^^^^^^^^^^^^^^^^^^^^^^^^^^
  File "/home/deviyan/353505_ANUFRYIEU_02/IGI/LR5/hotel_project/core/views.py", line 109, in about_view
    return render(request, 'core/about.html', {
           ^^^^^^^^^^^^^^^^^^^^^^^^^^^^^^^^^^^^
  File "/home/deviyan/353505_ANUFRYIEU_02/IGI/LR5/.venv/lib/python3.12/site-packages/django/shortcuts.py", line 25, in render
    content = loader.render_to_string(template_name, context, request, using=using)
              ^^^^^^^^^^^^^^^^^^^^^^^^^^^^^^^^^^^^^^^^^^^^^^^^^^^^^^^^^^^^^^^^^^^^^
  File "/home/deviyan/353505_ANUFRYIEU_02/IGI/LR5/.venv/lib/python3.12/site-packages/django/template/loader.py", line 62, in render_to_string
    return template.render(context, request)
           ^^^^^^^^^^^^^^^^^^^^^^^^^^^^^^^^^
  File "/home/deviyan/353505_ANUFRYIEU_02/IGI/LR5/.venv/lib/python3.12/site-packages/django/template/backends/django.py", line 107, in render
    return self.template.render(context)
           ^^^^^^^^^^^^^^^^^^^^^^^^^^^^^
  File "/home/deviyan/353505_ANUFRYIEU_02/IGI/LR5/.venv/lib/python3.12/site-packages/django/template/base.py", line 171, in render
    return self._render(context)
           ^^^^^^^^^^^^^^^^^^^^^
  File "/home/deviyan/353505_ANUFRYIEU_02/IGI/LR5/.venv/lib/python3.12/site-packages/django/template/base.py", line 163, in _render
    return self.nodelist.render(context)
           ^^^^^^^^^^^^^^^^^^^^^^^^^^^^^
  File "/home/deviyan/353505_ANUFRYIEU_02/IGI/LR5/.venv/lib/python3.12/site-packages/django/template/base.py", line 1016, in render
    return SafeString("".join([node.render_annotated(context) for node in self]))
                               ^^^^^^^^^^^^^^^^^^^^^^^^^^^^^^
  File "/home/deviyan/353505_ANUFRYIEU_02/IGI/LR5/.venv/lib/python3.12/site-packages/django/template/base.py", line 977, in render_annotated
    return self.render(context)
           ^^^^^^^^^^^^^^^^^^^^
  File "/home/deviyan/353505_ANUFRYIEU_02/IGI/LR5/.venv/lib/python3.12/site-packages/django/template/loader_tags.py", line 159, in render
    return compiled_parent._render(context)
           ^^^^^^^^^^^^^^^^^^^^^^^^^^^^^^^^
  File "/home/deviyan/353505_ANUFRYIEU_02/IGI/LR5/.venv/lib/python3.12/site-packages/django/template/base.py", line 163, in _render
    return self.nodelist.render(context)
           ^^^^^^^^^^^^^^^^^^^^^^^^^^^^^
  File "/home/deviyan/353505_ANUFRYIEU_02/IGI/LR5/.venv/lib/python3.12/site-packages/django/template/base.py", line 1016, in render
    return SafeString("".join([node.render_annotated(context) for node in self]))
                               ^^^^^^^^^^^^^^^^^^^^^^^^^^^^^^
  File "/home/deviyan/353505_ANUFRYIEU_02/IGI/LR5/.venv/lib/python3.12/site-packages/django/template/base.py", line 977, in render_annotated
    return self.render(context)
           ^^^^^^^^^^^^^^^^^^^^
  File "/home/deviyan/353505_ANUFRYIEU_02/IGI/LR5/.venv/lib/python3.12/site-packages/django/template/loader_tags.py", line 65, in render
    result = block.nodelist.render(context)
             ^^^^^^^^^^^^^^^^^^^^^^^^^^^^^^
  File "/home/deviyan/353505_ANUFRYIEU_02/IGI/LR5/.venv/lib/python3.12/site-packages/django/template/base.py", line 1016, in render
    return SafeString("".join([node.render_annotated(context) for node in self]))
                               ^^^^^^^^^^^^^^^^^^^^^^^^^^^^^^
  File "/home/deviyan/353505_ANUFRYIEU_02/IGI/LR5/.venv/lib/python3.12/site-packages/django/template/base.py", line 977, in render_annotated
    return self.render(context)
           ^^^^^^^^^^^^^^^^^^^^
  File "/home/deviyan/353505_ANUFRYIEU_02/IGI/LR5/.venv/lib/python3.12/site-packages/django/template/defaulttags.py", line 480, in render
    url = reverse(view_name, args=args, kwargs=kwargs, current_app=current_app)
          ^^^^^^^^^^^^^^^^^^^^^^^^^^^^^^^^^^^^^^^^^^^^^^^^^^^^^^^^^^^^^^^^^^^^^
  File "/home/deviyan/353505_ANUFRYIEU_02/IGI/LR5/.venv/lib/python3.12/site-packages/django/urls/base.py", line 98, in reverse
    resolved_url = resolver._reverse_with_prefix(view, prefix, *args, **kwargs)
                   ^^^^^^^^^^^^^^^^^^^^^^^^^^^^^^^^^^^^^^^^^^^^^^^^^^^^^^^^^^^^
  File "/home/deviyan/353505_ANUFRYIEU_02/IGI/LR5/.venv/lib/python3.12/site-packages/django/urls/resolvers.py", line 831, in _reverse_with_prefix
    raise NoReverseMatch(msg)
django.urls.exceptions.NoReverseMatch: Reverse for 'contact' not found. 'contact' is not a valid view function or pattern name.
[2025-09-14 20:51:12,045] ERROR   django.request:248 Internal Server Error: /about/
Traceback (most recent call last):
  File "/home/deviyan/353505_ANUFRYIEU_02/IGI/LR5/.venv/lib/python3.12/site-packages/django/core/handlers/exception.py", line 55, in inner
    response = get_response(request)
               ^^^^^^^^^^^^^^^^^^^^^
  File "/home/deviyan/353505_ANUFRYIEU_02/IGI/LR5/.venv/lib/python3.12/site-packages/django/core/handlers/base.py", line 197, in _get_response
    response = wrapped_callback(request, *callback_args, **callback_kwargs)
               ^^^^^^^^^^^^^^^^^^^^^^^^^^^^^^^^^^^^^^^^^^^^^^^^^^^^^^^^^^^^
  File "/home/deviyan/353505_ANUFRYIEU_02/IGI/LR5/hotel_project/core/views.py", line 109, in about_view
    return render(request, 'core/about.html', {
           ^^^^^^^^^^^^^^^^^^^^^^^^^^^^^^^^^^^^
  File "/home/deviyan/353505_ANUFRYIEU_02/IGI/LR5/.venv/lib/python3.12/site-packages/django/shortcuts.py", line 25, in render
    content = loader.render_to_string(template_name, context, request, using=using)
              ^^^^^^^^^^^^^^^^^^^^^^^^^^^^^^^^^^^^^^^^^^^^^^^^^^^^^^^^^^^^^^^^^^^^^
  File "/home/deviyan/353505_ANUFRYIEU_02/IGI/LR5/.venv/lib/python3.12/site-packages/django/template/loader.py", line 62, in render_to_string
    return template.render(context, request)
           ^^^^^^^^^^^^^^^^^^^^^^^^^^^^^^^^^
  File "/home/deviyan/353505_ANUFRYIEU_02/IGI/LR5/.venv/lib/python3.12/site-packages/django/template/backends/django.py", line 107, in render
    return self.template.render(context)
           ^^^^^^^^^^^^^^^^^^^^^^^^^^^^^
  File "/home/deviyan/353505_ANUFRYIEU_02/IGI/LR5/.venv/lib/python3.12/site-packages/django/template/base.py", line 171, in render
    return self._render(context)
           ^^^^^^^^^^^^^^^^^^^^^
  File "/home/deviyan/353505_ANUFRYIEU_02/IGI/LR5/.venv/lib/python3.12/site-packages/django/template/base.py", line 163, in _render
    return self.nodelist.render(context)
           ^^^^^^^^^^^^^^^^^^^^^^^^^^^^^
  File "/home/deviyan/353505_ANUFRYIEU_02/IGI/LR5/.venv/lib/python3.12/site-packages/django/template/base.py", line 1016, in render
    return SafeString("".join([node.render_annotated(context) for node in self]))
                               ^^^^^^^^^^^^^^^^^^^^^^^^^^^^^^
  File "/home/deviyan/353505_ANUFRYIEU_02/IGI/LR5/.venv/lib/python3.12/site-packages/django/template/base.py", line 977, in render_annotated
    return self.render(context)
           ^^^^^^^^^^^^^^^^^^^^
  File "/home/deviyan/353505_ANUFRYIEU_02/IGI/LR5/.venv/lib/python3.12/site-packages/django/template/loader_tags.py", line 159, in render
    return compiled_parent._render(context)
           ^^^^^^^^^^^^^^^^^^^^^^^^^^^^^^^^
  File "/home/deviyan/353505_ANUFRYIEU_02/IGI/LR5/.venv/lib/python3.12/site-packages/django/template/base.py", line 163, in _render
    return self.nodelist.render(context)
           ^^^^^^^^^^^^^^^^^^^^^^^^^^^^^
  File "/home/deviyan/353505_ANUFRYIEU_02/IGI/LR5/.venv/lib/python3.12/site-packages/django/template/base.py", line 1016, in render
    return SafeString("".join([node.render_annotated(context) for node in self]))
                               ^^^^^^^^^^^^^^^^^^^^^^^^^^^^^^
  File "/home/deviyan/353505_ANUFRYIEU_02/IGI/LR5/.venv/lib/python3.12/site-packages/django/template/base.py", line 977, in render_annotated
    return self.render(context)
           ^^^^^^^^^^^^^^^^^^^^
  File "/home/deviyan/353505_ANUFRYIEU_02/IGI/LR5/.venv/lib/python3.12/site-packages/django/template/loader_tags.py", line 65, in render
    result = block.nodelist.render(context)
             ^^^^^^^^^^^^^^^^^^^^^^^^^^^^^^
  File "/home/deviyan/353505_ANUFRYIEU_02/IGI/LR5/.venv/lib/python3.12/site-packages/django/template/base.py", line 1016, in render
    return SafeString("".join([node.render_annotated(context) for node in self]))
                               ^^^^^^^^^^^^^^^^^^^^^^^^^^^^^^
  File "/home/deviyan/353505_ANUFRYIEU_02/IGI/LR5/.venv/lib/python3.12/site-packages/django/template/base.py", line 977, in render_annotated
    return self.render(context)
           ^^^^^^^^^^^^^^^^^^^^
  File "/home/deviyan/353505_ANUFRYIEU_02/IGI/LR5/.venv/lib/python3.12/site-packages/django/template/defaulttags.py", line 480, in render
    url = reverse(view_name, args=args, kwargs=kwargs, current_app=current_app)
          ^^^^^^^^^^^^^^^^^^^^^^^^^^^^^^^^^^^^^^^^^^^^^^^^^^^^^^^^^^^^^^^^^^^^^
  File "/home/deviyan/353505_ANUFRYIEU_02/IGI/LR5/.venv/lib/python3.12/site-packages/django/urls/base.py", line 98, in reverse
    resolved_url = resolver._reverse_with_prefix(view, prefix, *args, **kwargs)
                   ^^^^^^^^^^^^^^^^^^^^^^^^^^^^^^^^^^^^^^^^^^^^^^^^^^^^^^^^^^^^
  File "/home/deviyan/353505_ANUFRYIEU_02/IGI/LR5/.venv/lib/python3.12/site-packages/django/urls/resolvers.py", line 831, in _reverse_with_prefix
    raise NoReverseMatch(msg)
django.urls.exceptions.NoReverseMatch: Reverse for 'contact' not found. 'contact' is not a valid view function or pattern name.
[2025-09-14 20:51:12,227] ERROR   django.request:248 Internal Server Error: /about/
Traceback (most recent call last):
  File "/home/deviyan/353505_ANUFRYIEU_02/IGI/LR5/.venv/lib/python3.12/site-packages/django/core/handlers/exception.py", line 55, in inner
    response = get_response(request)
               ^^^^^^^^^^^^^^^^^^^^^
  File "/home/deviyan/353505_ANUFRYIEU_02/IGI/LR5/.venv/lib/python3.12/site-packages/django/core/handlers/base.py", line 197, in _get_response
    response = wrapped_callback(request, *callback_args, **callback_kwargs)
               ^^^^^^^^^^^^^^^^^^^^^^^^^^^^^^^^^^^^^^^^^^^^^^^^^^^^^^^^^^^^
  File "/home/deviyan/353505_ANUFRYIEU_02/IGI/LR5/hotel_project/core/views.py", line 109, in about_view
    return render(request, 'core/about.html', {
           ^^^^^^^^^^^^^^^^^^^^^^^^^^^^^^^^^^^^
  File "/home/deviyan/353505_ANUFRYIEU_02/IGI/LR5/.venv/lib/python3.12/site-packages/django/shortcuts.py", line 25, in render
    content = loader.render_to_string(template_name, context, request, using=using)
              ^^^^^^^^^^^^^^^^^^^^^^^^^^^^^^^^^^^^^^^^^^^^^^^^^^^^^^^^^^^^^^^^^^^^^
  File "/home/deviyan/353505_ANUFRYIEU_02/IGI/LR5/.venv/lib/python3.12/site-packages/django/template/loader.py", line 62, in render_to_string
    return template.render(context, request)
           ^^^^^^^^^^^^^^^^^^^^^^^^^^^^^^^^^
  File "/home/deviyan/353505_ANUFRYIEU_02/IGI/LR5/.venv/lib/python3.12/site-packages/django/template/backends/django.py", line 107, in render
    return self.template.render(context)
           ^^^^^^^^^^^^^^^^^^^^^^^^^^^^^
  File "/home/deviyan/353505_ANUFRYIEU_02/IGI/LR5/.venv/lib/python3.12/site-packages/django/template/base.py", line 171, in render
    return self._render(context)
           ^^^^^^^^^^^^^^^^^^^^^
  File "/home/deviyan/353505_ANUFRYIEU_02/IGI/LR5/.venv/lib/python3.12/site-packages/django/template/base.py", line 163, in _render
    return self.nodelist.render(context)
           ^^^^^^^^^^^^^^^^^^^^^^^^^^^^^
  File "/home/deviyan/353505_ANUFRYIEU_02/IGI/LR5/.venv/lib/python3.12/site-packages/django/template/base.py", line 1016, in render
    return SafeString("".join([node.render_annotated(context) for node in self]))
                               ^^^^^^^^^^^^^^^^^^^^^^^^^^^^^^
  File "/home/deviyan/353505_ANUFRYIEU_02/IGI/LR5/.venv/lib/python3.12/site-packages/django/template/base.py", line 977, in render_annotated
    return self.render(context)
           ^^^^^^^^^^^^^^^^^^^^
  File "/home/deviyan/353505_ANUFRYIEU_02/IGI/LR5/.venv/lib/python3.12/site-packages/django/template/loader_tags.py", line 159, in render
    return compiled_parent._render(context)
           ^^^^^^^^^^^^^^^^^^^^^^^^^^^^^^^^
  File "/home/deviyan/353505_ANUFRYIEU_02/IGI/LR5/.venv/lib/python3.12/site-packages/django/template/base.py", line 163, in _render
    return self.nodelist.render(context)
           ^^^^^^^^^^^^^^^^^^^^^^^^^^^^^
  File "/home/deviyan/353505_ANUFRYIEU_02/IGI/LR5/.venv/lib/python3.12/site-packages/django/template/base.py", line 1016, in render
    return SafeString("".join([node.render_annotated(context) for node in self]))
                               ^^^^^^^^^^^^^^^^^^^^^^^^^^^^^^
  File "/home/deviyan/353505_ANUFRYIEU_02/IGI/LR5/.venv/lib/python3.12/site-packages/django/template/base.py", line 977, in render_annotated
    return self.render(context)
           ^^^^^^^^^^^^^^^^^^^^
  File "/home/deviyan/353505_ANUFRYIEU_02/IGI/LR5/.venv/lib/python3.12/site-packages/django/template/loader_tags.py", line 65, in render
    result = block.nodelist.render(context)
             ^^^^^^^^^^^^^^^^^^^^^^^^^^^^^^
  File "/home/deviyan/353505_ANUFRYIEU_02/IGI/LR5/.venv/lib/python3.12/site-packages/django/template/base.py", line 1016, in render
    return SafeString("".join([node.render_annotated(context) for node in self]))
                               ^^^^^^^^^^^^^^^^^^^^^^^^^^^^^^
  File "/home/deviyan/353505_ANUFRYIEU_02/IGI/LR5/.venv/lib/python3.12/site-packages/django/template/base.py", line 977, in render_annotated
    return self.render(context)
           ^^^^^^^^^^^^^^^^^^^^
  File "/home/deviyan/353505_ANUFRYIEU_02/IGI/LR5/.venv/lib/python3.12/site-packages/django/template/defaulttags.py", line 480, in render
    url = reverse(view_name, args=args, kwargs=kwargs, current_app=current_app)
          ^^^^^^^^^^^^^^^^^^^^^^^^^^^^^^^^^^^^^^^^^^^^^^^^^^^^^^^^^^^^^^^^^^^^^
  File "/home/deviyan/353505_ANUFRYIEU_02/IGI/LR5/.venv/lib/python3.12/site-packages/django/urls/base.py", line 98, in reverse
    resolved_url = resolver._reverse_with_prefix(view, prefix, *args, **kwargs)
                   ^^^^^^^^^^^^^^^^^^^^^^^^^^^^^^^^^^^^^^^^^^^^^^^^^^^^^^^^^^^^
  File "/home/deviyan/353505_ANUFRYIEU_02/IGI/LR5/.venv/lib/python3.12/site-packages/django/urls/resolvers.py", line 831, in _reverse_with_prefix
    raise NoReverseMatch(msg)
django.urls.exceptions.NoReverseMatch: Reverse for 'contact' not found. 'contact' is not a valid view function or pattern name.
[2025-09-14 20:51:12,393] ERROR   django.request:248 Internal Server Error: /about/
Traceback (most recent call last):
  File "/home/deviyan/353505_ANUFRYIEU_02/IGI/LR5/.venv/lib/python3.12/site-packages/django/core/handlers/exception.py", line 55, in inner
    response = get_response(request)
               ^^^^^^^^^^^^^^^^^^^^^
  File "/home/deviyan/353505_ANUFRYIEU_02/IGI/LR5/.venv/lib/python3.12/site-packages/django/core/handlers/base.py", line 197, in _get_response
    response = wrapped_callback(request, *callback_args, **callback_kwargs)
               ^^^^^^^^^^^^^^^^^^^^^^^^^^^^^^^^^^^^^^^^^^^^^^^^^^^^^^^^^^^^
  File "/home/deviyan/353505_ANUFRYIEU_02/IGI/LR5/hotel_project/core/views.py", line 109, in about_view
    return render(request, 'core/about.html', {
           ^^^^^^^^^^^^^^^^^^^^^^^^^^^^^^^^^^^^
  File "/home/deviyan/353505_ANUFRYIEU_02/IGI/LR5/.venv/lib/python3.12/site-packages/django/shortcuts.py", line 25, in render
    content = loader.render_to_string(template_name, context, request, using=using)
              ^^^^^^^^^^^^^^^^^^^^^^^^^^^^^^^^^^^^^^^^^^^^^^^^^^^^^^^^^^^^^^^^^^^^^
  File "/home/deviyan/353505_ANUFRYIEU_02/IGI/LR5/.venv/lib/python3.12/site-packages/django/template/loader.py", line 62, in render_to_string
    return template.render(context, request)
           ^^^^^^^^^^^^^^^^^^^^^^^^^^^^^^^^^
  File "/home/deviyan/353505_ANUFRYIEU_02/IGI/LR5/.venv/lib/python3.12/site-packages/django/template/backends/django.py", line 107, in render
    return self.template.render(context)
           ^^^^^^^^^^^^^^^^^^^^^^^^^^^^^
  File "/home/deviyan/353505_ANUFRYIEU_02/IGI/LR5/.venv/lib/python3.12/site-packages/django/template/base.py", line 171, in render
    return self._render(context)
           ^^^^^^^^^^^^^^^^^^^^^
  File "/home/deviyan/353505_ANUFRYIEU_02/IGI/LR5/.venv/lib/python3.12/site-packages/django/template/base.py", line 163, in _render
    return self.nodelist.render(context)
           ^^^^^^^^^^^^^^^^^^^^^^^^^^^^^
  File "/home/deviyan/353505_ANUFRYIEU_02/IGI/LR5/.venv/lib/python3.12/site-packages/django/template/base.py", line 1016, in render
    return SafeString("".join([node.render_annotated(context) for node in self]))
                               ^^^^^^^^^^^^^^^^^^^^^^^^^^^^^^
  File "/home/deviyan/353505_ANUFRYIEU_02/IGI/LR5/.venv/lib/python3.12/site-packages/django/template/base.py", line 977, in render_annotated
    return self.render(context)
           ^^^^^^^^^^^^^^^^^^^^
  File "/home/deviyan/353505_ANUFRYIEU_02/IGI/LR5/.venv/lib/python3.12/site-packages/django/template/loader_tags.py", line 159, in render
    return compiled_parent._render(context)
           ^^^^^^^^^^^^^^^^^^^^^^^^^^^^^^^^
  File "/home/deviyan/353505_ANUFRYIEU_02/IGI/LR5/.venv/lib/python3.12/site-packages/django/template/base.py", line 163, in _render
    return self.nodelist.render(context)
           ^^^^^^^^^^^^^^^^^^^^^^^^^^^^^
  File "/home/deviyan/353505_ANUFRYIEU_02/IGI/LR5/.venv/lib/python3.12/site-packages/django/template/base.py", line 1016, in render
    return SafeString("".join([node.render_annotated(context) for node in self]))
                               ^^^^^^^^^^^^^^^^^^^^^^^^^^^^^^
  File "/home/deviyan/353505_ANUFRYIEU_02/IGI/LR5/.venv/lib/python3.12/site-packages/django/template/base.py", line 977, in render_annotated
    return self.render(context)
           ^^^^^^^^^^^^^^^^^^^^
  File "/home/deviyan/353505_ANUFRYIEU_02/IGI/LR5/.venv/lib/python3.12/site-packages/django/template/loader_tags.py", line 65, in render
    result = block.nodelist.render(context)
             ^^^^^^^^^^^^^^^^^^^^^^^^^^^^^^
  File "/home/deviyan/353505_ANUFRYIEU_02/IGI/LR5/.venv/lib/python3.12/site-packages/django/template/base.py", line 1016, in render
    return SafeString("".join([node.render_annotated(context) for node in self]))
                               ^^^^^^^^^^^^^^^^^^^^^^^^^^^^^^
  File "/home/deviyan/353505_ANUFRYIEU_02/IGI/LR5/.venv/lib/python3.12/site-packages/django/template/base.py", line 977, in render_annotated
    return self.render(context)
           ^^^^^^^^^^^^^^^^^^^^
  File "/home/deviyan/353505_ANUFRYIEU_02/IGI/LR5/.venv/lib/python3.12/site-packages/django/template/defaulttags.py", line 480, in render
    url = reverse(view_name, args=args, kwargs=kwargs, current_app=current_app)
          ^^^^^^^^^^^^^^^^^^^^^^^^^^^^^^^^^^^^^^^^^^^^^^^^^^^^^^^^^^^^^^^^^^^^^
  File "/home/deviyan/353505_ANUFRYIEU_02/IGI/LR5/.venv/lib/python3.12/site-packages/django/urls/base.py", line 98, in reverse
    resolved_url = resolver._reverse_with_prefix(view, prefix, *args, **kwargs)
                   ^^^^^^^^^^^^^^^^^^^^^^^^^^^^^^^^^^^^^^^^^^^^^^^^^^^^^^^^^^^^
  File "/home/deviyan/353505_ANUFRYIEU_02/IGI/LR5/.venv/lib/python3.12/site-packages/django/urls/resolvers.py", line 831, in _reverse_with_prefix
    raise NoReverseMatch(msg)
django.urls.exceptions.NoReverseMatch: Reverse for 'contact' not found. 'contact' is not a valid view function or pattern name.
[2025-09-14 20:51:12,728] ERROR   django.request:248 Internal Server Error: /about/
Traceback (most recent call last):
  File "/home/deviyan/353505_ANUFRYIEU_02/IGI/LR5/.venv/lib/python3.12/site-packages/django/core/handlers/exception.py", line 55, in inner
    response = get_response(request)
               ^^^^^^^^^^^^^^^^^^^^^
  File "/home/deviyan/353505_ANUFRYIEU_02/IGI/LR5/.venv/lib/python3.12/site-packages/django/core/handlers/base.py", line 197, in _get_response
    response = wrapped_callback(request, *callback_args, **callback_kwargs)
               ^^^^^^^^^^^^^^^^^^^^^^^^^^^^^^^^^^^^^^^^^^^^^^^^^^^^^^^^^^^^
  File "/home/deviyan/353505_ANUFRYIEU_02/IGI/LR5/hotel_project/core/views.py", line 109, in about_view
    return render(request, 'core/about.html', {
           ^^^^^^^^^^^^^^^^^^^^^^^^^^^^^^^^^^^^
  File "/home/deviyan/353505_ANUFRYIEU_02/IGI/LR5/.venv/lib/python3.12/site-packages/django/shortcuts.py", line 25, in render
    content = loader.render_to_string(template_name, context, request, using=using)
              ^^^^^^^^^^^^^^^^^^^^^^^^^^^^^^^^^^^^^^^^^^^^^^^^^^^^^^^^^^^^^^^^^^^^^
  File "/home/deviyan/353505_ANUFRYIEU_02/IGI/LR5/.venv/lib/python3.12/site-packages/django/template/loader.py", line 62, in render_to_string
    return template.render(context, request)
           ^^^^^^^^^^^^^^^^^^^^^^^^^^^^^^^^^
  File "/home/deviyan/353505_ANUFRYIEU_02/IGI/LR5/.venv/lib/python3.12/site-packages/django/template/backends/django.py", line 107, in render
    return self.template.render(context)
           ^^^^^^^^^^^^^^^^^^^^^^^^^^^^^
  File "/home/deviyan/353505_ANUFRYIEU_02/IGI/LR5/.venv/lib/python3.12/site-packages/django/template/base.py", line 171, in render
    return self._render(context)
           ^^^^^^^^^^^^^^^^^^^^^
  File "/home/deviyan/353505_ANUFRYIEU_02/IGI/LR5/.venv/lib/python3.12/site-packages/django/template/base.py", line 163, in _render
    return self.nodelist.render(context)
           ^^^^^^^^^^^^^^^^^^^^^^^^^^^^^
  File "/home/deviyan/353505_ANUFRYIEU_02/IGI/LR5/.venv/lib/python3.12/site-packages/django/template/base.py", line 1016, in render
    return SafeString("".join([node.render_annotated(context) for node in self]))
                               ^^^^^^^^^^^^^^^^^^^^^^^^^^^^^^
  File "/home/deviyan/353505_ANUFRYIEU_02/IGI/LR5/.venv/lib/python3.12/site-packages/django/template/base.py", line 977, in render_annotated
    return self.render(context)
           ^^^^^^^^^^^^^^^^^^^^
  File "/home/deviyan/353505_ANUFRYIEU_02/IGI/LR5/.venv/lib/python3.12/site-packages/django/template/loader_tags.py", line 159, in render
    return compiled_parent._render(context)
           ^^^^^^^^^^^^^^^^^^^^^^^^^^^^^^^^
  File "/home/deviyan/353505_ANUFRYIEU_02/IGI/LR5/.venv/lib/python3.12/site-packages/django/template/base.py", line 163, in _render
    return self.nodelist.render(context)
           ^^^^^^^^^^^^^^^^^^^^^^^^^^^^^
  File "/home/deviyan/353505_ANUFRYIEU_02/IGI/LR5/.venv/lib/python3.12/site-packages/django/template/base.py", line 1016, in render
    return SafeString("".join([node.render_annotated(context) for node in self]))
                               ^^^^^^^^^^^^^^^^^^^^^^^^^^^^^^
  File "/home/deviyan/353505_ANUFRYIEU_02/IGI/LR5/.venv/lib/python3.12/site-packages/django/template/base.py", line 977, in render_annotated
    return self.render(context)
           ^^^^^^^^^^^^^^^^^^^^
  File "/home/deviyan/353505_ANUFRYIEU_02/IGI/LR5/.venv/lib/python3.12/site-packages/django/template/loader_tags.py", line 65, in render
    result = block.nodelist.render(context)
             ^^^^^^^^^^^^^^^^^^^^^^^^^^^^^^
  File "/home/deviyan/353505_ANUFRYIEU_02/IGI/LR5/.venv/lib/python3.12/site-packages/django/template/base.py", line 1016, in render
    return SafeString("".join([node.render_annotated(context) for node in self]))
                               ^^^^^^^^^^^^^^^^^^^^^^^^^^^^^^
  File "/home/deviyan/353505_ANUFRYIEU_02/IGI/LR5/.venv/lib/python3.12/site-packages/django/template/base.py", line 977, in render_annotated
    return self.render(context)
           ^^^^^^^^^^^^^^^^^^^^
  File "/home/deviyan/353505_ANUFRYIEU_02/IGI/LR5/.venv/lib/python3.12/site-packages/django/template/defaulttags.py", line 480, in render
    url = reverse(view_name, args=args, kwargs=kwargs, current_app=current_app)
          ^^^^^^^^^^^^^^^^^^^^^^^^^^^^^^^^^^^^^^^^^^^^^^^^^^^^^^^^^^^^^^^^^^^^^
  File "/home/deviyan/353505_ANUFRYIEU_02/IGI/LR5/.venv/lib/python3.12/site-packages/django/urls/base.py", line 98, in reverse
    resolved_url = resolver._reverse_with_prefix(view, prefix, *args, **kwargs)
                   ^^^^^^^^^^^^^^^^^^^^^^^^^^^^^^^^^^^^^^^^^^^^^^^^^^^^^^^^^^^^
  File "/home/deviyan/353505_ANUFRYIEU_02/IGI/LR5/.venv/lib/python3.12/site-packages/django/urls/resolvers.py", line 831, in _reverse_with_prefix
    raise NoReverseMatch(msg)
django.urls.exceptions.NoReverseMatch: Reverse for 'contact' not found. 'contact' is not a valid view function or pattern name.
[2025-09-14 21:27:38,522] ERROR   django.request:248 Internal Server Error: /news/
Traceback (most recent call last):
  File "/home/deviyan/353505_ANUFRYIEU_02/IGI/LR5/.venv/lib/python3.12/site-packages/django/core/handlers/exception.py", line 55, in inner
    response = get_response(request)
               ^^^^^^^^^^^^^^^^^^^^^
  File "/home/deviyan/353505_ANUFRYIEU_02/IGI/LR5/.venv/lib/python3.12/site-packages/django/core/handlers/base.py", line 197, in _get_response
    response = wrapped_callback(request, *callback_args, **callback_kwargs)
               ^^^^^^^^^^^^^^^^^^^^^^^^^^^^^^^^^^^^^^^^^^^^^^^^^^^^^^^^^^^^
  File "/home/deviyan/353505_ANUFRYIEU_02/IGI/LR5/hotel_project/core/views.py", line 123, in news_list
    return render(request, 'core/news.html', {
           ^^^^^^^^^^^^^^^^^^^^^^^^^^^^^^^^^^^
  File "/home/deviyan/353505_ANUFRYIEU_02/IGI/LR5/.venv/lib/python3.12/site-packages/django/shortcuts.py", line 25, in render
    content = loader.render_to_string(template_name, context, request, using=using)
              ^^^^^^^^^^^^^^^^^^^^^^^^^^^^^^^^^^^^^^^^^^^^^^^^^^^^^^^^^^^^^^^^^^^^^
  File "/home/deviyan/353505_ANUFRYIEU_02/IGI/LR5/.venv/lib/python3.12/site-packages/django/template/loader.py", line 62, in render_to_string
    return template.render(context, request)
           ^^^^^^^^^^^^^^^^^^^^^^^^^^^^^^^^^
  File "/home/deviyan/353505_ANUFRYIEU_02/IGI/LR5/.venv/lib/python3.12/site-packages/django/template/backends/django.py", line 107, in render
    return self.template.render(context)
           ^^^^^^^^^^^^^^^^^^^^^^^^^^^^^
  File "/home/deviyan/353505_ANUFRYIEU_02/IGI/LR5/.venv/lib/python3.12/site-packages/django/template/base.py", line 171, in render
    return self._render(context)
           ^^^^^^^^^^^^^^^^^^^^^
  File "/home/deviyan/353505_ANUFRYIEU_02/IGI/LR5/.venv/lib/python3.12/site-packages/django/template/base.py", line 163, in _render
    return self.nodelist.render(context)
           ^^^^^^^^^^^^^^^^^^^^^^^^^^^^^
  File "/home/deviyan/353505_ANUFRYIEU_02/IGI/LR5/.venv/lib/python3.12/site-packages/django/template/base.py", line 1016, in render
    return SafeString("".join([node.render_annotated(context) for node in self]))
                               ^^^^^^^^^^^^^^^^^^^^^^^^^^^^^^
  File "/home/deviyan/353505_ANUFRYIEU_02/IGI/LR5/.venv/lib/python3.12/site-packages/django/template/base.py", line 977, in render_annotated
    return self.render(context)
           ^^^^^^^^^^^^^^^^^^^^
  File "/home/deviyan/353505_ANUFRYIEU_02/IGI/LR5/.venv/lib/python3.12/site-packages/django/template/loader_tags.py", line 159, in render
    return compiled_parent._render(context)
           ^^^^^^^^^^^^^^^^^^^^^^^^^^^^^^^^
  File "/home/deviyan/353505_ANUFRYIEU_02/IGI/LR5/.venv/lib/python3.12/site-packages/django/template/base.py", line 163, in _render
    return self.nodelist.render(context)
           ^^^^^^^^^^^^^^^^^^^^^^^^^^^^^
  File "/home/deviyan/353505_ANUFRYIEU_02/IGI/LR5/.venv/lib/python3.12/site-packages/django/template/base.py", line 1016, in render
    return SafeString("".join([node.render_annotated(context) for node in self]))
                               ^^^^^^^^^^^^^^^^^^^^^^^^^^^^^^
  File "/home/deviyan/353505_ANUFRYIEU_02/IGI/LR5/.venv/lib/python3.12/site-packages/django/template/base.py", line 977, in render_annotated
    return self.render(context)
           ^^^^^^^^^^^^^^^^^^^^
  File "/home/deviyan/353505_ANUFRYIEU_02/IGI/LR5/.venv/lib/python3.12/site-packages/django/template/loader_tags.py", line 65, in render
    result = block.nodelist.render(context)
             ^^^^^^^^^^^^^^^^^^^^^^^^^^^^^^
  File "/home/deviyan/353505_ANUFRYIEU_02/IGI/LR5/.venv/lib/python3.12/site-packages/django/template/base.py", line 1016, in render
    return SafeString("".join([node.render_annotated(context) for node in self]))
                               ^^^^^^^^^^^^^^^^^^^^^^^^^^^^^^
  File "/home/deviyan/353505_ANUFRYIEU_02/IGI/LR5/.venv/lib/python3.12/site-packages/django/template/base.py", line 977, in render_annotated
    return self.render(context)
           ^^^^^^^^^^^^^^^^^^^^
  File "/home/deviyan/353505_ANUFRYIEU_02/IGI/LR5/.venv/lib/python3.12/site-packages/django/template/defaulttags.py", line 327, in render
    return nodelist.render(context)
           ^^^^^^^^^^^^^^^^^^^^^^^^
  File "/home/deviyan/353505_ANUFRYIEU_02/IGI/LR5/.venv/lib/python3.12/site-packages/django/template/base.py", line 1016, in render
    return SafeString("".join([node.render_annotated(context) for node in self]))
                               ^^^^^^^^^^^^^^^^^^^^^^^^^^^^^^
  File "/home/deviyan/353505_ANUFRYIEU_02/IGI/LR5/.venv/lib/python3.12/site-packages/django/template/base.py", line 977, in render_annotated
    return self.render(context)
           ^^^^^^^^^^^^^^^^^^^^
  File "/home/deviyan/353505_ANUFRYIEU_02/IGI/LR5/.venv/lib/python3.12/site-packages/django/template/defaulttags.py", line 243, in render
    nodelist.append(node.render_annotated(context))
                    ^^^^^^^^^^^^^^^^^^^^^^^^^^^^^^
  File "/home/deviyan/353505_ANUFRYIEU_02/IGI/LR5/.venv/lib/python3.12/site-packages/django/template/base.py", line 977, in render_annotated
    return self.render(context)
           ^^^^^^^^^^^^^^^^^^^^
  File "/home/deviyan/353505_ANUFRYIEU_02/IGI/LR5/.venv/lib/python3.12/site-packages/django/template/defaulttags.py", line 480, in render
    url = reverse(view_name, args=args, kwargs=kwargs, current_app=current_app)
          ^^^^^^^^^^^^^^^^^^^^^^^^^^^^^^^^^^^^^^^^^^^^^^^^^^^^^^^^^^^^^^^^^^^^^
  File "/home/deviyan/353505_ANUFRYIEU_02/IGI/LR5/.venv/lib/python3.12/site-packages/django/urls/base.py", line 98, in reverse
    resolved_url = resolver._reverse_with_prefix(view, prefix, *args, **kwargs)
                   ^^^^^^^^^^^^^^^^^^^^^^^^^^^^^^^^^^^^^^^^^^^^^^^^^^^^^^^^^^^^
  File "/home/deviyan/353505_ANUFRYIEU_02/IGI/LR5/.venv/lib/python3.12/site-packages/django/urls/resolvers.py", line 831, in _reverse_with_prefix
    raise NoReverseMatch(msg)
django.urls.exceptions.NoReverseMatch: Reverse for 'news_detail' not found. 'news_detail' is not a valid view function or pattern name.
[2025-09-14 21:27:46,983] ERROR   django.request:248 Internal Server Error: /news/
Traceback (most recent call last):
  File "/home/deviyan/353505_ANUFRYIEU_02/IGI/LR5/.venv/lib/python3.12/site-packages/django/core/handlers/exception.py", line 55, in inner
    response = get_response(request)
               ^^^^^^^^^^^^^^^^^^^^^
  File "/home/deviyan/353505_ANUFRYIEU_02/IGI/LR5/.venv/lib/python3.12/site-packages/django/core/handlers/base.py", line 197, in _get_response
    response = wrapped_callback(request, *callback_args, **callback_kwargs)
               ^^^^^^^^^^^^^^^^^^^^^^^^^^^^^^^^^^^^^^^^^^^^^^^^^^^^^^^^^^^^
  File "/home/deviyan/353505_ANUFRYIEU_02/IGI/LR5/hotel_project/core/views.py", line 123, in news_list
    return render(request, 'core/news.html', {
           ^^^^^^^^^^^^^^^^^^^^^^^^^^^^^^^^^^^
  File "/home/deviyan/353505_ANUFRYIEU_02/IGI/LR5/.venv/lib/python3.12/site-packages/django/shortcuts.py", line 25, in render
    content = loader.render_to_string(template_name, context, request, using=using)
              ^^^^^^^^^^^^^^^^^^^^^^^^^^^^^^^^^^^^^^^^^^^^^^^^^^^^^^^^^^^^^^^^^^^^^
  File "/home/deviyan/353505_ANUFRYIEU_02/IGI/LR5/.venv/lib/python3.12/site-packages/django/template/loader.py", line 62, in render_to_string
    return template.render(context, request)
           ^^^^^^^^^^^^^^^^^^^^^^^^^^^^^^^^^
  File "/home/deviyan/353505_ANUFRYIEU_02/IGI/LR5/.venv/lib/python3.12/site-packages/django/template/backends/django.py", line 107, in render
    return self.template.render(context)
           ^^^^^^^^^^^^^^^^^^^^^^^^^^^^^
  File "/home/deviyan/353505_ANUFRYIEU_02/IGI/LR5/.venv/lib/python3.12/site-packages/django/template/base.py", line 171, in render
    return self._render(context)
           ^^^^^^^^^^^^^^^^^^^^^
  File "/home/deviyan/353505_ANUFRYIEU_02/IGI/LR5/.venv/lib/python3.12/site-packages/django/template/base.py", line 163, in _render
    return self.nodelist.render(context)
           ^^^^^^^^^^^^^^^^^^^^^^^^^^^^^
  File "/home/deviyan/353505_ANUFRYIEU_02/IGI/LR5/.venv/lib/python3.12/site-packages/django/template/base.py", line 1016, in render
    return SafeString("".join([node.render_annotated(context) for node in self]))
                               ^^^^^^^^^^^^^^^^^^^^^^^^^^^^^^
  File "/home/deviyan/353505_ANUFRYIEU_02/IGI/LR5/.venv/lib/python3.12/site-packages/django/template/base.py", line 977, in render_annotated
    return self.render(context)
           ^^^^^^^^^^^^^^^^^^^^
  File "/home/deviyan/353505_ANUFRYIEU_02/IGI/LR5/.venv/lib/python3.12/site-packages/django/template/loader_tags.py", line 159, in render
    return compiled_parent._render(context)
           ^^^^^^^^^^^^^^^^^^^^^^^^^^^^^^^^
  File "/home/deviyan/353505_ANUFRYIEU_02/IGI/LR5/.venv/lib/python3.12/site-packages/django/template/base.py", line 163, in _render
    return self.nodelist.render(context)
           ^^^^^^^^^^^^^^^^^^^^^^^^^^^^^
  File "/home/deviyan/353505_ANUFRYIEU_02/IGI/LR5/.venv/lib/python3.12/site-packages/django/template/base.py", line 1016, in render
    return SafeString("".join([node.render_annotated(context) for node in self]))
                               ^^^^^^^^^^^^^^^^^^^^^^^^^^^^^^
  File "/home/deviyan/353505_ANUFRYIEU_02/IGI/LR5/.venv/lib/python3.12/site-packages/django/template/base.py", line 977, in render_annotated
    return self.render(context)
           ^^^^^^^^^^^^^^^^^^^^
  File "/home/deviyan/353505_ANUFRYIEU_02/IGI/LR5/.venv/lib/python3.12/site-packages/django/template/loader_tags.py", line 65, in render
    result = block.nodelist.render(context)
             ^^^^^^^^^^^^^^^^^^^^^^^^^^^^^^
  File "/home/deviyan/353505_ANUFRYIEU_02/IGI/LR5/.venv/lib/python3.12/site-packages/django/template/base.py", line 1016, in render
    return SafeString("".join([node.render_annotated(context) for node in self]))
                               ^^^^^^^^^^^^^^^^^^^^^^^^^^^^^^
  File "/home/deviyan/353505_ANUFRYIEU_02/IGI/LR5/.venv/lib/python3.12/site-packages/django/template/base.py", line 977, in render_annotated
    return self.render(context)
           ^^^^^^^^^^^^^^^^^^^^
  File "/home/deviyan/353505_ANUFRYIEU_02/IGI/LR5/.venv/lib/python3.12/site-packages/django/template/defaulttags.py", line 327, in render
    return nodelist.render(context)
           ^^^^^^^^^^^^^^^^^^^^^^^^
  File "/home/deviyan/353505_ANUFRYIEU_02/IGI/LR5/.venv/lib/python3.12/site-packages/django/template/base.py", line 1016, in render
    return SafeString("".join([node.render_annotated(context) for node in self]))
                               ^^^^^^^^^^^^^^^^^^^^^^^^^^^^^^
  File "/home/deviyan/353505_ANUFRYIEU_02/IGI/LR5/.venv/lib/python3.12/site-packages/django/template/base.py", line 977, in render_annotated
    return self.render(context)
           ^^^^^^^^^^^^^^^^^^^^
  File "/home/deviyan/353505_ANUFRYIEU_02/IGI/LR5/.venv/lib/python3.12/site-packages/django/template/defaulttags.py", line 243, in render
    nodelist.append(node.render_annotated(context))
                    ^^^^^^^^^^^^^^^^^^^^^^^^^^^^^^
  File "/home/deviyan/353505_ANUFRYIEU_02/IGI/LR5/.venv/lib/python3.12/site-packages/django/template/base.py", line 977, in render_annotated
    return self.render(context)
           ^^^^^^^^^^^^^^^^^^^^
  File "/home/deviyan/353505_ANUFRYIEU_02/IGI/LR5/.venv/lib/python3.12/site-packages/django/template/defaulttags.py", line 480, in render
    url = reverse(view_name, args=args, kwargs=kwargs, current_app=current_app)
          ^^^^^^^^^^^^^^^^^^^^^^^^^^^^^^^^^^^^^^^^^^^^^^^^^^^^^^^^^^^^^^^^^^^^^
  File "/home/deviyan/353505_ANUFRYIEU_02/IGI/LR5/.venv/lib/python3.12/site-packages/django/urls/base.py", line 98, in reverse
    resolved_url = resolver._reverse_with_prefix(view, prefix, *args, **kwargs)
                   ^^^^^^^^^^^^^^^^^^^^^^^^^^^^^^^^^^^^^^^^^^^^^^^^^^^^^^^^^^^^
  File "/home/deviyan/353505_ANUFRYIEU_02/IGI/LR5/.venv/lib/python3.12/site-packages/django/urls/resolvers.py", line 831, in _reverse_with_prefix
    raise NoReverseMatch(msg)
django.urls.exceptions.NoReverseMatch: Reverse for 'news_detail' not found. 'news_detail' is not a valid view function or pattern name.
[2025-09-14 21:27:47,572] ERROR   django.request:248 Internal Server Error: /news/
Traceback (most recent call last):
  File "/home/deviyan/353505_ANUFRYIEU_02/IGI/LR5/.venv/lib/python3.12/site-packages/django/core/handlers/exception.py", line 55, in inner
    response = get_response(request)
               ^^^^^^^^^^^^^^^^^^^^^
  File "/home/deviyan/353505_ANUFRYIEU_02/IGI/LR5/.venv/lib/python3.12/site-packages/django/core/handlers/base.py", line 197, in _get_response
    response = wrapped_callback(request, *callback_args, **callback_kwargs)
               ^^^^^^^^^^^^^^^^^^^^^^^^^^^^^^^^^^^^^^^^^^^^^^^^^^^^^^^^^^^^
  File "/home/deviyan/353505_ANUFRYIEU_02/IGI/LR5/hotel_project/core/views.py", line 123, in news_list
    return render(request, 'core/news.html', {
           ^^^^^^^^^^^^^^^^^^^^^^^^^^^^^^^^^^^
  File "/home/deviyan/353505_ANUFRYIEU_02/IGI/LR5/.venv/lib/python3.12/site-packages/django/shortcuts.py", line 25, in render
    content = loader.render_to_string(template_name, context, request, using=using)
              ^^^^^^^^^^^^^^^^^^^^^^^^^^^^^^^^^^^^^^^^^^^^^^^^^^^^^^^^^^^^^^^^^^^^^
  File "/home/deviyan/353505_ANUFRYIEU_02/IGI/LR5/.venv/lib/python3.12/site-packages/django/template/loader.py", line 62, in render_to_string
    return template.render(context, request)
           ^^^^^^^^^^^^^^^^^^^^^^^^^^^^^^^^^
  File "/home/deviyan/353505_ANUFRYIEU_02/IGI/LR5/.venv/lib/python3.12/site-packages/django/template/backends/django.py", line 107, in render
    return self.template.render(context)
           ^^^^^^^^^^^^^^^^^^^^^^^^^^^^^
  File "/home/deviyan/353505_ANUFRYIEU_02/IGI/LR5/.venv/lib/python3.12/site-packages/django/template/base.py", line 171, in render
    return self._render(context)
           ^^^^^^^^^^^^^^^^^^^^^
  File "/home/deviyan/353505_ANUFRYIEU_02/IGI/LR5/.venv/lib/python3.12/site-packages/django/template/base.py", line 163, in _render
    return self.nodelist.render(context)
           ^^^^^^^^^^^^^^^^^^^^^^^^^^^^^
  File "/home/deviyan/353505_ANUFRYIEU_02/IGI/LR5/.venv/lib/python3.12/site-packages/django/template/base.py", line 1016, in render
    return SafeString("".join([node.render_annotated(context) for node in self]))
                               ^^^^^^^^^^^^^^^^^^^^^^^^^^^^^^
  File "/home/deviyan/353505_ANUFRYIEU_02/IGI/LR5/.venv/lib/python3.12/site-packages/django/template/base.py", line 977, in render_annotated
    return self.render(context)
           ^^^^^^^^^^^^^^^^^^^^
  File "/home/deviyan/353505_ANUFRYIEU_02/IGI/LR5/.venv/lib/python3.12/site-packages/django/template/loader_tags.py", line 159, in render
    return compiled_parent._render(context)
           ^^^^^^^^^^^^^^^^^^^^^^^^^^^^^^^^
  File "/home/deviyan/353505_ANUFRYIEU_02/IGI/LR5/.venv/lib/python3.12/site-packages/django/template/base.py", line 163, in _render
    return self.nodelist.render(context)
           ^^^^^^^^^^^^^^^^^^^^^^^^^^^^^
  File "/home/deviyan/353505_ANUFRYIEU_02/IGI/LR5/.venv/lib/python3.12/site-packages/django/template/base.py", line 1016, in render
    return SafeString("".join([node.render_annotated(context) for node in self]))
                               ^^^^^^^^^^^^^^^^^^^^^^^^^^^^^^
  File "/home/deviyan/353505_ANUFRYIEU_02/IGI/LR5/.venv/lib/python3.12/site-packages/django/template/base.py", line 977, in render_annotated
    return self.render(context)
           ^^^^^^^^^^^^^^^^^^^^
  File "/home/deviyan/353505_ANUFRYIEU_02/IGI/LR5/.venv/lib/python3.12/site-packages/django/template/loader_tags.py", line 65, in render
    result = block.nodelist.render(context)
             ^^^^^^^^^^^^^^^^^^^^^^^^^^^^^^
  File "/home/deviyan/353505_ANUFRYIEU_02/IGI/LR5/.venv/lib/python3.12/site-packages/django/template/base.py", line 1016, in render
    return SafeString("".join([node.render_annotated(context) for node in self]))
                               ^^^^^^^^^^^^^^^^^^^^^^^^^^^^^^
  File "/home/deviyan/353505_ANUFRYIEU_02/IGI/LR5/.venv/lib/python3.12/site-packages/django/template/base.py", line 977, in render_annotated
    return self.render(context)
           ^^^^^^^^^^^^^^^^^^^^
  File "/home/deviyan/353505_ANUFRYIEU_02/IGI/LR5/.venv/lib/python3.12/site-packages/django/template/defaulttags.py", line 327, in render
    return nodelist.render(context)
           ^^^^^^^^^^^^^^^^^^^^^^^^
  File "/home/deviyan/353505_ANUFRYIEU_02/IGI/LR5/.venv/lib/python3.12/site-packages/django/template/base.py", line 1016, in render
    return SafeString("".join([node.render_annotated(context) for node in self]))
                               ^^^^^^^^^^^^^^^^^^^^^^^^^^^^^^
  File "/home/deviyan/353505_ANUFRYIEU_02/IGI/LR5/.venv/lib/python3.12/site-packages/django/template/base.py", line 977, in render_annotated
    return self.render(context)
           ^^^^^^^^^^^^^^^^^^^^
  File "/home/deviyan/353505_ANUFRYIEU_02/IGI/LR5/.venv/lib/python3.12/site-packages/django/template/defaulttags.py", line 243, in render
    nodelist.append(node.render_annotated(context))
                    ^^^^^^^^^^^^^^^^^^^^^^^^^^^^^^
  File "/home/deviyan/353505_ANUFRYIEU_02/IGI/LR5/.venv/lib/python3.12/site-packages/django/template/base.py", line 977, in render_annotated
    return self.render(context)
           ^^^^^^^^^^^^^^^^^^^^
  File "/home/deviyan/353505_ANUFRYIEU_02/IGI/LR5/.venv/lib/python3.12/site-packages/django/template/defaulttags.py", line 480, in render
    url = reverse(view_name, args=args, kwargs=kwargs, current_app=current_app)
          ^^^^^^^^^^^^^^^^^^^^^^^^^^^^^^^^^^^^^^^^^^^^^^^^^^^^^^^^^^^^^^^^^^^^^
  File "/home/deviyan/353505_ANUFRYIEU_02/IGI/LR5/.venv/lib/python3.12/site-packages/django/urls/base.py", line 98, in reverse
    resolved_url = resolver._reverse_with_prefix(view, prefix, *args, **kwargs)
                   ^^^^^^^^^^^^^^^^^^^^^^^^^^^^^^^^^^^^^^^^^^^^^^^^^^^^^^^^^^^^
  File "/home/deviyan/353505_ANUFRYIEU_02/IGI/LR5/.venv/lib/python3.12/site-packages/django/urls/resolvers.py", line 831, in _reverse_with_prefix
    raise NoReverseMatch(msg)
django.urls.exceptions.NoReverseMatch: Reverse for 'news_detail' not found. 'news_detail' is not a valid view function or pattern name.
[2025-09-14 21:27:47,886] ERROR   django.request:248 Internal Server Error: /news/
Traceback (most recent call last):
  File "/home/deviyan/353505_ANUFRYIEU_02/IGI/LR5/.venv/lib/python3.12/site-packages/django/core/handlers/exception.py", line 55, in inner
    response = get_response(request)
               ^^^^^^^^^^^^^^^^^^^^^
  File "/home/deviyan/353505_ANUFRYIEU_02/IGI/LR5/.venv/lib/python3.12/site-packages/django/core/handlers/base.py", line 197, in _get_response
    response = wrapped_callback(request, *callback_args, **callback_kwargs)
               ^^^^^^^^^^^^^^^^^^^^^^^^^^^^^^^^^^^^^^^^^^^^^^^^^^^^^^^^^^^^
  File "/home/deviyan/353505_ANUFRYIEU_02/IGI/LR5/hotel_project/core/views.py", line 123, in news_list
    return render(request, 'core/news.html', {
           ^^^^^^^^^^^^^^^^^^^^^^^^^^^^^^^^^^^
  File "/home/deviyan/353505_ANUFRYIEU_02/IGI/LR5/.venv/lib/python3.12/site-packages/django/shortcuts.py", line 25, in render
    content = loader.render_to_string(template_name, context, request, using=using)
              ^^^^^^^^^^^^^^^^^^^^^^^^^^^^^^^^^^^^^^^^^^^^^^^^^^^^^^^^^^^^^^^^^^^^^
  File "/home/deviyan/353505_ANUFRYIEU_02/IGI/LR5/.venv/lib/python3.12/site-packages/django/template/loader.py", line 62, in render_to_string
    return template.render(context, request)
           ^^^^^^^^^^^^^^^^^^^^^^^^^^^^^^^^^
  File "/home/deviyan/353505_ANUFRYIEU_02/IGI/LR5/.venv/lib/python3.12/site-packages/django/template/backends/django.py", line 107, in render
    return self.template.render(context)
           ^^^^^^^^^^^^^^^^^^^^^^^^^^^^^
  File "/home/deviyan/353505_ANUFRYIEU_02/IGI/LR5/.venv/lib/python3.12/site-packages/django/template/base.py", line 171, in render
    return self._render(context)
           ^^^^^^^^^^^^^^^^^^^^^
  File "/home/deviyan/353505_ANUFRYIEU_02/IGI/LR5/.venv/lib/python3.12/site-packages/django/template/base.py", line 163, in _render
    return self.nodelist.render(context)
           ^^^^^^^^^^^^^^^^^^^^^^^^^^^^^
  File "/home/deviyan/353505_ANUFRYIEU_02/IGI/LR5/.venv/lib/python3.12/site-packages/django/template/base.py", line 1016, in render
    return SafeString("".join([node.render_annotated(context) for node in self]))
                               ^^^^^^^^^^^^^^^^^^^^^^^^^^^^^^
  File "/home/deviyan/353505_ANUFRYIEU_02/IGI/LR5/.venv/lib/python3.12/site-packages/django/template/base.py", line 977, in render_annotated
    return self.render(context)
           ^^^^^^^^^^^^^^^^^^^^
  File "/home/deviyan/353505_ANUFRYIEU_02/IGI/LR5/.venv/lib/python3.12/site-packages/django/template/loader_tags.py", line 159, in render
    return compiled_parent._render(context)
           ^^^^^^^^^^^^^^^^^^^^^^^^^^^^^^^^
  File "/home/deviyan/353505_ANUFRYIEU_02/IGI/LR5/.venv/lib/python3.12/site-packages/django/template/base.py", line 163, in _render
    return self.nodelist.render(context)
           ^^^^^^^^^^^^^^^^^^^^^^^^^^^^^
  File "/home/deviyan/353505_ANUFRYIEU_02/IGI/LR5/.venv/lib/python3.12/site-packages/django/template/base.py", line 1016, in render
    return SafeString("".join([node.render_annotated(context) for node in self]))
                               ^^^^^^^^^^^^^^^^^^^^^^^^^^^^^^
  File "/home/deviyan/353505_ANUFRYIEU_02/IGI/LR5/.venv/lib/python3.12/site-packages/django/template/base.py", line 977, in render_annotated
    return self.render(context)
           ^^^^^^^^^^^^^^^^^^^^
  File "/home/deviyan/353505_ANUFRYIEU_02/IGI/LR5/.venv/lib/python3.12/site-packages/django/template/loader_tags.py", line 65, in render
    result = block.nodelist.render(context)
             ^^^^^^^^^^^^^^^^^^^^^^^^^^^^^^
  File "/home/deviyan/353505_ANUFRYIEU_02/IGI/LR5/.venv/lib/python3.12/site-packages/django/template/base.py", line 1016, in render
    return SafeString("".join([node.render_annotated(context) for node in self]))
                               ^^^^^^^^^^^^^^^^^^^^^^^^^^^^^^
  File "/home/deviyan/353505_ANUFRYIEU_02/IGI/LR5/.venv/lib/python3.12/site-packages/django/template/base.py", line 977, in render_annotated
    return self.render(context)
           ^^^^^^^^^^^^^^^^^^^^
  File "/home/deviyan/353505_ANUFRYIEU_02/IGI/LR5/.venv/lib/python3.12/site-packages/django/template/defaulttags.py", line 327, in render
    return nodelist.render(context)
           ^^^^^^^^^^^^^^^^^^^^^^^^
  File "/home/deviyan/353505_ANUFRYIEU_02/IGI/LR5/.venv/lib/python3.12/site-packages/django/template/base.py", line 1016, in render
    return SafeString("".join([node.render_annotated(context) for node in self]))
                               ^^^^^^^^^^^^^^^^^^^^^^^^^^^^^^
  File "/home/deviyan/353505_ANUFRYIEU_02/IGI/LR5/.venv/lib/python3.12/site-packages/django/template/base.py", line 977, in render_annotated
    return self.render(context)
           ^^^^^^^^^^^^^^^^^^^^
  File "/home/deviyan/353505_ANUFRYIEU_02/IGI/LR5/.venv/lib/python3.12/site-packages/django/template/defaulttags.py", line 243, in render
    nodelist.append(node.render_annotated(context))
                    ^^^^^^^^^^^^^^^^^^^^^^^^^^^^^^
  File "/home/deviyan/353505_ANUFRYIEU_02/IGI/LR5/.venv/lib/python3.12/site-packages/django/template/base.py", line 977, in render_annotated
    return self.render(context)
           ^^^^^^^^^^^^^^^^^^^^
  File "/home/deviyan/353505_ANUFRYIEU_02/IGI/LR5/.venv/lib/python3.12/site-packages/django/template/defaulttags.py", line 480, in render
    url = reverse(view_name, args=args, kwargs=kwargs, current_app=current_app)
          ^^^^^^^^^^^^^^^^^^^^^^^^^^^^^^^^^^^^^^^^^^^^^^^^^^^^^^^^^^^^^^^^^^^^^
  File "/home/deviyan/353505_ANUFRYIEU_02/IGI/LR5/.venv/lib/python3.12/site-packages/django/urls/base.py", line 98, in reverse
    resolved_url = resolver._reverse_with_prefix(view, prefix, *args, **kwargs)
                   ^^^^^^^^^^^^^^^^^^^^^^^^^^^^^^^^^^^^^^^^^^^^^^^^^^^^^^^^^^^^
  File "/home/deviyan/353505_ANUFRYIEU_02/IGI/LR5/.venv/lib/python3.12/site-packages/django/urls/resolvers.py", line 831, in _reverse_with_prefix
    raise NoReverseMatch(msg)
django.urls.exceptions.NoReverseMatch: Reverse for 'news_detail' not found. 'news_detail' is not a valid view function or pattern name.
[2025-09-14 21:31:05,413] ERROR   django.request:248 Internal Server Error: /news/
Traceback (most recent call last):
  File "/home/deviyan/353505_ANUFRYIEU_02/IGI/LR5/.venv/lib/python3.12/site-packages/django/core/handlers/exception.py", line 55, in inner
    response = get_response(request)
               ^^^^^^^^^^^^^^^^^^^^^
  File "/home/deviyan/353505_ANUFRYIEU_02/IGI/LR5/.venv/lib/python3.12/site-packages/django/core/handlers/base.py", line 197, in _get_response
    response = wrapped_callback(request, *callback_args, **callback_kwargs)
               ^^^^^^^^^^^^^^^^^^^^^^^^^^^^^^^^^^^^^^^^^^^^^^^^^^^^^^^^^^^^
  File "/home/deviyan/353505_ANUFRYIEU_02/IGI/LR5/hotel_project/core/views.py", line 123, in news_list
    return render(request, 'core/news.html', {
           ^^^^^^^^^^^^^^^^^^^^^^^^^^^^^^^^^^^
  File "/home/deviyan/353505_ANUFRYIEU_02/IGI/LR5/.venv/lib/python3.12/site-packages/django/shortcuts.py", line 25, in render
    content = loader.render_to_string(template_name, context, request, using=using)
              ^^^^^^^^^^^^^^^^^^^^^^^^^^^^^^^^^^^^^^^^^^^^^^^^^^^^^^^^^^^^^^^^^^^^^
  File "/home/deviyan/353505_ANUFRYIEU_02/IGI/LR5/.venv/lib/python3.12/site-packages/django/template/loader.py", line 62, in render_to_string
    return template.render(context, request)
           ^^^^^^^^^^^^^^^^^^^^^^^^^^^^^^^^^
  File "/home/deviyan/353505_ANUFRYIEU_02/IGI/LR5/.venv/lib/python3.12/site-packages/django/template/backends/django.py", line 107, in render
    return self.template.render(context)
           ^^^^^^^^^^^^^^^^^^^^^^^^^^^^^
  File "/home/deviyan/353505_ANUFRYIEU_02/IGI/LR5/.venv/lib/python3.12/site-packages/django/template/base.py", line 171, in render
    return self._render(context)
           ^^^^^^^^^^^^^^^^^^^^^
  File "/home/deviyan/353505_ANUFRYIEU_02/IGI/LR5/.venv/lib/python3.12/site-packages/django/template/base.py", line 163, in _render
    return self.nodelist.render(context)
           ^^^^^^^^^^^^^^^^^^^^^^^^^^^^^
  File "/home/deviyan/353505_ANUFRYIEU_02/IGI/LR5/.venv/lib/python3.12/site-packages/django/template/base.py", line 1016, in render
    return SafeString("".join([node.render_annotated(context) for node in self]))
                               ^^^^^^^^^^^^^^^^^^^^^^^^^^^^^^
  File "/home/deviyan/353505_ANUFRYIEU_02/IGI/LR5/.venv/lib/python3.12/site-packages/django/template/base.py", line 977, in render_annotated
    return self.render(context)
           ^^^^^^^^^^^^^^^^^^^^
  File "/home/deviyan/353505_ANUFRYIEU_02/IGI/LR5/.venv/lib/python3.12/site-packages/django/template/loader_tags.py", line 159, in render
    return compiled_parent._render(context)
           ^^^^^^^^^^^^^^^^^^^^^^^^^^^^^^^^
  File "/home/deviyan/353505_ANUFRYIEU_02/IGI/LR5/.venv/lib/python3.12/site-packages/django/template/base.py", line 163, in _render
    return self.nodelist.render(context)
           ^^^^^^^^^^^^^^^^^^^^^^^^^^^^^
  File "/home/deviyan/353505_ANUFRYIEU_02/IGI/LR5/.venv/lib/python3.12/site-packages/django/template/base.py", line 1016, in render
    return SafeString("".join([node.render_annotated(context) for node in self]))
                               ^^^^^^^^^^^^^^^^^^^^^^^^^^^^^^
  File "/home/deviyan/353505_ANUFRYIEU_02/IGI/LR5/.venv/lib/python3.12/site-packages/django/template/base.py", line 977, in render_annotated
    return self.render(context)
           ^^^^^^^^^^^^^^^^^^^^
  File "/home/deviyan/353505_ANUFRYIEU_02/IGI/LR5/.venv/lib/python3.12/site-packages/django/template/loader_tags.py", line 65, in render
    result = block.nodelist.render(context)
             ^^^^^^^^^^^^^^^^^^^^^^^^^^^^^^
  File "/home/deviyan/353505_ANUFRYIEU_02/IGI/LR5/.venv/lib/python3.12/site-packages/django/template/base.py", line 1016, in render
    return SafeString("".join([node.render_annotated(context) for node in self]))
                               ^^^^^^^^^^^^^^^^^^^^^^^^^^^^^^
  File "/home/deviyan/353505_ANUFRYIEU_02/IGI/LR5/.venv/lib/python3.12/site-packages/django/template/base.py", line 977, in render_annotated
    return self.render(context)
           ^^^^^^^^^^^^^^^^^^^^
  File "/home/deviyan/353505_ANUFRYIEU_02/IGI/LR5/.venv/lib/python3.12/site-packages/django/template/defaulttags.py", line 327, in render
    return nodelist.render(context)
           ^^^^^^^^^^^^^^^^^^^^^^^^
  File "/home/deviyan/353505_ANUFRYIEU_02/IGI/LR5/.venv/lib/python3.12/site-packages/django/template/base.py", line 1016, in render
    return SafeString("".join([node.render_annotated(context) for node in self]))
                               ^^^^^^^^^^^^^^^^^^^^^^^^^^^^^^
  File "/home/deviyan/353505_ANUFRYIEU_02/IGI/LR5/.venv/lib/python3.12/site-packages/django/template/base.py", line 977, in render_annotated
    return self.render(context)
           ^^^^^^^^^^^^^^^^^^^^
  File "/home/deviyan/353505_ANUFRYIEU_02/IGI/LR5/.venv/lib/python3.12/site-packages/django/template/defaulttags.py", line 243, in render
    nodelist.append(node.render_annotated(context))
                    ^^^^^^^^^^^^^^^^^^^^^^^^^^^^^^
  File "/home/deviyan/353505_ANUFRYIEU_02/IGI/LR5/.venv/lib/python3.12/site-packages/django/template/base.py", line 977, in render_annotated
    return self.render(context)
           ^^^^^^^^^^^^^^^^^^^^
  File "/home/deviyan/353505_ANUFRYIEU_02/IGI/LR5/.venv/lib/python3.12/site-packages/django/template/defaulttags.py", line 480, in render
    url = reverse(view_name, args=args, kwargs=kwargs, current_app=current_app)
          ^^^^^^^^^^^^^^^^^^^^^^^^^^^^^^^^^^^^^^^^^^^^^^^^^^^^^^^^^^^^^^^^^^^^^
  File "/home/deviyan/353505_ANUFRYIEU_02/IGI/LR5/.venv/lib/python3.12/site-packages/django/urls/base.py", line 98, in reverse
    resolved_url = resolver._reverse_with_prefix(view, prefix, *args, **kwargs)
                   ^^^^^^^^^^^^^^^^^^^^^^^^^^^^^^^^^^^^^^^^^^^^^^^^^^^^^^^^^^^^
  File "/home/deviyan/353505_ANUFRYIEU_02/IGI/LR5/.venv/lib/python3.12/site-packages/django/urls/resolvers.py", line 831, in _reverse_with_prefix
    raise NoReverseMatch(msg)
django.urls.exceptions.NoReverseMatch: Reverse for 'news_detail' not found. 'news_detail' is not a valid view function or pattern name.
[2025-09-14 21:31:05,971] ERROR   django.request:248 Internal Server Error: /news/
Traceback (most recent call last):
  File "/home/deviyan/353505_ANUFRYIEU_02/IGI/LR5/.venv/lib/python3.12/site-packages/django/core/handlers/exception.py", line 55, in inner
    response = get_response(request)
               ^^^^^^^^^^^^^^^^^^^^^
  File "/home/deviyan/353505_ANUFRYIEU_02/IGI/LR5/.venv/lib/python3.12/site-packages/django/core/handlers/base.py", line 197, in _get_response
    response = wrapped_callback(request, *callback_args, **callback_kwargs)
               ^^^^^^^^^^^^^^^^^^^^^^^^^^^^^^^^^^^^^^^^^^^^^^^^^^^^^^^^^^^^
  File "/home/deviyan/353505_ANUFRYIEU_02/IGI/LR5/hotel_project/core/views.py", line 123, in news_list
    return render(request, 'core/news.html', {
           ^^^^^^^^^^^^^^^^^^^^^^^^^^^^^^^^^^^
  File "/home/deviyan/353505_ANUFRYIEU_02/IGI/LR5/.venv/lib/python3.12/site-packages/django/shortcuts.py", line 25, in render
    content = loader.render_to_string(template_name, context, request, using=using)
              ^^^^^^^^^^^^^^^^^^^^^^^^^^^^^^^^^^^^^^^^^^^^^^^^^^^^^^^^^^^^^^^^^^^^^
  File "/home/deviyan/353505_ANUFRYIEU_02/IGI/LR5/.venv/lib/python3.12/site-packages/django/template/loader.py", line 62, in render_to_string
    return template.render(context, request)
           ^^^^^^^^^^^^^^^^^^^^^^^^^^^^^^^^^
  File "/home/deviyan/353505_ANUFRYIEU_02/IGI/LR5/.venv/lib/python3.12/site-packages/django/template/backends/django.py", line 107, in render
    return self.template.render(context)
           ^^^^^^^^^^^^^^^^^^^^^^^^^^^^^
  File "/home/deviyan/353505_ANUFRYIEU_02/IGI/LR5/.venv/lib/python3.12/site-packages/django/template/base.py", line 171, in render
    return self._render(context)
           ^^^^^^^^^^^^^^^^^^^^^
  File "/home/deviyan/353505_ANUFRYIEU_02/IGI/LR5/.venv/lib/python3.12/site-packages/django/template/base.py", line 163, in _render
    return self.nodelist.render(context)
           ^^^^^^^^^^^^^^^^^^^^^^^^^^^^^
  File "/home/deviyan/353505_ANUFRYIEU_02/IGI/LR5/.venv/lib/python3.12/site-packages/django/template/base.py", line 1016, in render
    return SafeString("".join([node.render_annotated(context) for node in self]))
                               ^^^^^^^^^^^^^^^^^^^^^^^^^^^^^^
  File "/home/deviyan/353505_ANUFRYIEU_02/IGI/LR5/.venv/lib/python3.12/site-packages/django/template/base.py", line 977, in render_annotated
    return self.render(context)
           ^^^^^^^^^^^^^^^^^^^^
  File "/home/deviyan/353505_ANUFRYIEU_02/IGI/LR5/.venv/lib/python3.12/site-packages/django/template/loader_tags.py", line 159, in render
    return compiled_parent._render(context)
           ^^^^^^^^^^^^^^^^^^^^^^^^^^^^^^^^
  File "/home/deviyan/353505_ANUFRYIEU_02/IGI/LR5/.venv/lib/python3.12/site-packages/django/template/base.py", line 163, in _render
    return self.nodelist.render(context)
           ^^^^^^^^^^^^^^^^^^^^^^^^^^^^^
  File "/home/deviyan/353505_ANUFRYIEU_02/IGI/LR5/.venv/lib/python3.12/site-packages/django/template/base.py", line 1016, in render
    return SafeString("".join([node.render_annotated(context) for node in self]))
                               ^^^^^^^^^^^^^^^^^^^^^^^^^^^^^^
  File "/home/deviyan/353505_ANUFRYIEU_02/IGI/LR5/.venv/lib/python3.12/site-packages/django/template/base.py", line 977, in render_annotated
    return self.render(context)
           ^^^^^^^^^^^^^^^^^^^^
  File "/home/deviyan/353505_ANUFRYIEU_02/IGI/LR5/.venv/lib/python3.12/site-packages/django/template/loader_tags.py", line 65, in render
    result = block.nodelist.render(context)
             ^^^^^^^^^^^^^^^^^^^^^^^^^^^^^^
  File "/home/deviyan/353505_ANUFRYIEU_02/IGI/LR5/.venv/lib/python3.12/site-packages/django/template/base.py", line 1016, in render
    return SafeString("".join([node.render_annotated(context) for node in self]))
                               ^^^^^^^^^^^^^^^^^^^^^^^^^^^^^^
  File "/home/deviyan/353505_ANUFRYIEU_02/IGI/LR5/.venv/lib/python3.12/site-packages/django/template/base.py", line 977, in render_annotated
    return self.render(context)
           ^^^^^^^^^^^^^^^^^^^^
  File "/home/deviyan/353505_ANUFRYIEU_02/IGI/LR5/.venv/lib/python3.12/site-packages/django/template/defaulttags.py", line 327, in render
    return nodelist.render(context)
           ^^^^^^^^^^^^^^^^^^^^^^^^
  File "/home/deviyan/353505_ANUFRYIEU_02/IGI/LR5/.venv/lib/python3.12/site-packages/django/template/base.py", line 1016, in render
    return SafeString("".join([node.render_annotated(context) for node in self]))
                               ^^^^^^^^^^^^^^^^^^^^^^^^^^^^^^
  File "/home/deviyan/353505_ANUFRYIEU_02/IGI/LR5/.venv/lib/python3.12/site-packages/django/template/base.py", line 977, in render_annotated
    return self.render(context)
           ^^^^^^^^^^^^^^^^^^^^
  File "/home/deviyan/353505_ANUFRYIEU_02/IGI/LR5/.venv/lib/python3.12/site-packages/django/template/defaulttags.py", line 243, in render
    nodelist.append(node.render_annotated(context))
                    ^^^^^^^^^^^^^^^^^^^^^^^^^^^^^^
  File "/home/deviyan/353505_ANUFRYIEU_02/IGI/LR5/.venv/lib/python3.12/site-packages/django/template/base.py", line 977, in render_annotated
    return self.render(context)
           ^^^^^^^^^^^^^^^^^^^^
  File "/home/deviyan/353505_ANUFRYIEU_02/IGI/LR5/.venv/lib/python3.12/site-packages/django/template/defaulttags.py", line 480, in render
    url = reverse(view_name, args=args, kwargs=kwargs, current_app=current_app)
          ^^^^^^^^^^^^^^^^^^^^^^^^^^^^^^^^^^^^^^^^^^^^^^^^^^^^^^^^^^^^^^^^^^^^^
  File "/home/deviyan/353505_ANUFRYIEU_02/IGI/LR5/.venv/lib/python3.12/site-packages/django/urls/base.py", line 98, in reverse
    resolved_url = resolver._reverse_with_prefix(view, prefix, *args, **kwargs)
                   ^^^^^^^^^^^^^^^^^^^^^^^^^^^^^^^^^^^^^^^^^^^^^^^^^^^^^^^^^^^^
  File "/home/deviyan/353505_ANUFRYIEU_02/IGI/LR5/.venv/lib/python3.12/site-packages/django/urls/resolvers.py", line 831, in _reverse_with_prefix
    raise NoReverseMatch(msg)
django.urls.exceptions.NoReverseMatch: Reverse for 'news_detail' not found. 'news_detail' is not a valid view function or pattern name.
[2025-09-14 21:31:06,349] ERROR   django.request:248 Internal Server Error: /news/
Traceback (most recent call last):
  File "/home/deviyan/353505_ANUFRYIEU_02/IGI/LR5/.venv/lib/python3.12/site-packages/django/core/handlers/exception.py", line 55, in inner
    response = get_response(request)
               ^^^^^^^^^^^^^^^^^^^^^
  File "/home/deviyan/353505_ANUFRYIEU_02/IGI/LR5/.venv/lib/python3.12/site-packages/django/core/handlers/base.py", line 197, in _get_response
    response = wrapped_callback(request, *callback_args, **callback_kwargs)
               ^^^^^^^^^^^^^^^^^^^^^^^^^^^^^^^^^^^^^^^^^^^^^^^^^^^^^^^^^^^^
  File "/home/deviyan/353505_ANUFRYIEU_02/IGI/LR5/hotel_project/core/views.py", line 123, in news_list
    return render(request, 'core/news.html', {
           ^^^^^^^^^^^^^^^^^^^^^^^^^^^^^^^^^^^
  File "/home/deviyan/353505_ANUFRYIEU_02/IGI/LR5/.venv/lib/python3.12/site-packages/django/shortcuts.py", line 25, in render
    content = loader.render_to_string(template_name, context, request, using=using)
              ^^^^^^^^^^^^^^^^^^^^^^^^^^^^^^^^^^^^^^^^^^^^^^^^^^^^^^^^^^^^^^^^^^^^^
  File "/home/deviyan/353505_ANUFRYIEU_02/IGI/LR5/.venv/lib/python3.12/site-packages/django/template/loader.py", line 62, in render_to_string
    return template.render(context, request)
           ^^^^^^^^^^^^^^^^^^^^^^^^^^^^^^^^^
  File "/home/deviyan/353505_ANUFRYIEU_02/IGI/LR5/.venv/lib/python3.12/site-packages/django/template/backends/django.py", line 107, in render
    return self.template.render(context)
           ^^^^^^^^^^^^^^^^^^^^^^^^^^^^^
  File "/home/deviyan/353505_ANUFRYIEU_02/IGI/LR5/.venv/lib/python3.12/site-packages/django/template/base.py", line 171, in render
    return self._render(context)
           ^^^^^^^^^^^^^^^^^^^^^
  File "/home/deviyan/353505_ANUFRYIEU_02/IGI/LR5/.venv/lib/python3.12/site-packages/django/template/base.py", line 163, in _render
    return self.nodelist.render(context)
           ^^^^^^^^^^^^^^^^^^^^^^^^^^^^^
  File "/home/deviyan/353505_ANUFRYIEU_02/IGI/LR5/.venv/lib/python3.12/site-packages/django/template/base.py", line 1016, in render
    return SafeString("".join([node.render_annotated(context) for node in self]))
                               ^^^^^^^^^^^^^^^^^^^^^^^^^^^^^^
  File "/home/deviyan/353505_ANUFRYIEU_02/IGI/LR5/.venv/lib/python3.12/site-packages/django/template/base.py", line 977, in render_annotated
    return self.render(context)
           ^^^^^^^^^^^^^^^^^^^^
  File "/home/deviyan/353505_ANUFRYIEU_02/IGI/LR5/.venv/lib/python3.12/site-packages/django/template/loader_tags.py", line 159, in render
    return compiled_parent._render(context)
           ^^^^^^^^^^^^^^^^^^^^^^^^^^^^^^^^
  File "/home/deviyan/353505_ANUFRYIEU_02/IGI/LR5/.venv/lib/python3.12/site-packages/django/template/base.py", line 163, in _render
    return self.nodelist.render(context)
           ^^^^^^^^^^^^^^^^^^^^^^^^^^^^^
  File "/home/deviyan/353505_ANUFRYIEU_02/IGI/LR5/.venv/lib/python3.12/site-packages/django/template/base.py", line 1016, in render
    return SafeString("".join([node.render_annotated(context) for node in self]))
                               ^^^^^^^^^^^^^^^^^^^^^^^^^^^^^^
  File "/home/deviyan/353505_ANUFRYIEU_02/IGI/LR5/.venv/lib/python3.12/site-packages/django/template/base.py", line 977, in render_annotated
    return self.render(context)
           ^^^^^^^^^^^^^^^^^^^^
  File "/home/deviyan/353505_ANUFRYIEU_02/IGI/LR5/.venv/lib/python3.12/site-packages/django/template/loader_tags.py", line 65, in render
    result = block.nodelist.render(context)
             ^^^^^^^^^^^^^^^^^^^^^^^^^^^^^^
  File "/home/deviyan/353505_ANUFRYIEU_02/IGI/LR5/.venv/lib/python3.12/site-packages/django/template/base.py", line 1016, in render
    return SafeString("".join([node.render_annotated(context) for node in self]))
                               ^^^^^^^^^^^^^^^^^^^^^^^^^^^^^^
  File "/home/deviyan/353505_ANUFRYIEU_02/IGI/LR5/.venv/lib/python3.12/site-packages/django/template/base.py", line 977, in render_annotated
    return self.render(context)
           ^^^^^^^^^^^^^^^^^^^^
  File "/home/deviyan/353505_ANUFRYIEU_02/IGI/LR5/.venv/lib/python3.12/site-packages/django/template/defaulttags.py", line 327, in render
    return nodelist.render(context)
           ^^^^^^^^^^^^^^^^^^^^^^^^
  File "/home/deviyan/353505_ANUFRYIEU_02/IGI/LR5/.venv/lib/python3.12/site-packages/django/template/base.py", line 1016, in render
    return SafeString("".join([node.render_annotated(context) for node in self]))
                               ^^^^^^^^^^^^^^^^^^^^^^^^^^^^^^
  File "/home/deviyan/353505_ANUFRYIEU_02/IGI/LR5/.venv/lib/python3.12/site-packages/django/template/base.py", line 977, in render_annotated
    return self.render(context)
           ^^^^^^^^^^^^^^^^^^^^
  File "/home/deviyan/353505_ANUFRYIEU_02/IGI/LR5/.venv/lib/python3.12/site-packages/django/template/defaulttags.py", line 243, in render
    nodelist.append(node.render_annotated(context))
                    ^^^^^^^^^^^^^^^^^^^^^^^^^^^^^^
  File "/home/deviyan/353505_ANUFRYIEU_02/IGI/LR5/.venv/lib/python3.12/site-packages/django/template/base.py", line 977, in render_annotated
    return self.render(context)
           ^^^^^^^^^^^^^^^^^^^^
  File "/home/deviyan/353505_ANUFRYIEU_02/IGI/LR5/.venv/lib/python3.12/site-packages/django/template/defaulttags.py", line 480, in render
    url = reverse(view_name, args=args, kwargs=kwargs, current_app=current_app)
          ^^^^^^^^^^^^^^^^^^^^^^^^^^^^^^^^^^^^^^^^^^^^^^^^^^^^^^^^^^^^^^^^^^^^^
  File "/home/deviyan/353505_ANUFRYIEU_02/IGI/LR5/.venv/lib/python3.12/site-packages/django/urls/base.py", line 98, in reverse
    resolved_url = resolver._reverse_with_prefix(view, prefix, *args, **kwargs)
                   ^^^^^^^^^^^^^^^^^^^^^^^^^^^^^^^^^^^^^^^^^^^^^^^^^^^^^^^^^^^^
  File "/home/deviyan/353505_ANUFRYIEU_02/IGI/LR5/.venv/lib/python3.12/site-packages/django/urls/resolvers.py", line 831, in _reverse_with_prefix
    raise NoReverseMatch(msg)
django.urls.exceptions.NoReverseMatch: Reverse for 'news_detail' not found. 'news_detail' is not a valid view function or pattern name.
[2025-09-14 23:07:01,240] ERROR   django.request:248 Internal Server Error: /privacy/
Traceback (most recent call last):
  File "/home/deviyan/353505_ANUFRYIEU_02/IGI/LR5/.venv/lib/python3.12/site-packages/django/core/handlers/exception.py", line 55, in inner
    response = get_response(request)
               ^^^^^^^^^^^^^^^^^^^^^
  File "/home/deviyan/353505_ANUFRYIEU_02/IGI/LR5/.venv/lib/python3.12/site-packages/django/core/handlers/base.py", line 197, in _get_response
    response = wrapped_callback(request, *callback_args, **callback_kwargs)
               ^^^^^^^^^^^^^^^^^^^^^^^^^^^^^^^^^^^^^^^^^^^^^^^^^^^^^^^^^^^^
  File "/home/deviyan/353505_ANUFRYIEU_02/IGI/LR5/hotel_project/core/views.py", line 156, in privacy
    return render(request, 'core/privacy.html', {
           ^^^^^^^^^^^^^^^^^^^^^^^^^^^^^^^^^^^^^^
  File "/home/deviyan/353505_ANUFRYIEU_02/IGI/LR5/.venv/lib/python3.12/site-packages/django/shortcuts.py", line 25, in render
    content = loader.render_to_string(template_name, context, request, using=using)
              ^^^^^^^^^^^^^^^^^^^^^^^^^^^^^^^^^^^^^^^^^^^^^^^^^^^^^^^^^^^^^^^^^^^^^
  File "/home/deviyan/353505_ANUFRYIEU_02/IGI/LR5/.venv/lib/python3.12/site-packages/django/template/loader.py", line 62, in render_to_string
    return template.render(context, request)
           ^^^^^^^^^^^^^^^^^^^^^^^^^^^^^^^^^
  File "/home/deviyan/353505_ANUFRYIEU_02/IGI/LR5/.venv/lib/python3.12/site-packages/django/template/backends/django.py", line 107, in render
    return self.template.render(context)
           ^^^^^^^^^^^^^^^^^^^^^^^^^^^^^
  File "/home/deviyan/353505_ANUFRYIEU_02/IGI/LR5/.venv/lib/python3.12/site-packages/django/template/base.py", line 171, in render
    return self._render(context)
           ^^^^^^^^^^^^^^^^^^^^^
  File "/home/deviyan/353505_ANUFRYIEU_02/IGI/LR5/.venv/lib/python3.12/site-packages/django/template/base.py", line 163, in _render
    return self.nodelist.render(context)
           ^^^^^^^^^^^^^^^^^^^^^^^^^^^^^
  File "/home/deviyan/353505_ANUFRYIEU_02/IGI/LR5/.venv/lib/python3.12/site-packages/django/template/base.py", line 1016, in render
    return SafeString("".join([node.render_annotated(context) for node in self]))
                               ^^^^^^^^^^^^^^^^^^^^^^^^^^^^^^
  File "/home/deviyan/353505_ANUFRYIEU_02/IGI/LR5/.venv/lib/python3.12/site-packages/django/template/base.py", line 977, in render_annotated
    return self.render(context)
           ^^^^^^^^^^^^^^^^^^^^
  File "/home/deviyan/353505_ANUFRYIEU_02/IGI/LR5/.venv/lib/python3.12/site-packages/django/template/loader_tags.py", line 159, in render
    return compiled_parent._render(context)
           ^^^^^^^^^^^^^^^^^^^^^^^^^^^^^^^^
  File "/home/deviyan/353505_ANUFRYIEU_02/IGI/LR5/.venv/lib/python3.12/site-packages/django/template/base.py", line 163, in _render
    return self.nodelist.render(context)
           ^^^^^^^^^^^^^^^^^^^^^^^^^^^^^
  File "/home/deviyan/353505_ANUFRYIEU_02/IGI/LR5/.venv/lib/python3.12/site-packages/django/template/base.py", line 1016, in render
    return SafeString("".join([node.render_annotated(context) for node in self]))
                               ^^^^^^^^^^^^^^^^^^^^^^^^^^^^^^
  File "/home/deviyan/353505_ANUFRYIEU_02/IGI/LR5/.venv/lib/python3.12/site-packages/django/template/base.py", line 977, in render_annotated
    return self.render(context)
           ^^^^^^^^^^^^^^^^^^^^
  File "/home/deviyan/353505_ANUFRYIEU_02/IGI/LR5/.venv/lib/python3.12/site-packages/django/template/loader_tags.py", line 65, in render
    result = block.nodelist.render(context)
             ^^^^^^^^^^^^^^^^^^^^^^^^^^^^^^
  File "/home/deviyan/353505_ANUFRYIEU_02/IGI/LR5/.venv/lib/python3.12/site-packages/django/template/base.py", line 1016, in render
    return SafeString("".join([node.render_annotated(context) for node in self]))
                               ^^^^^^^^^^^^^^^^^^^^^^^^^^^^^^
  File "/home/deviyan/353505_ANUFRYIEU_02/IGI/LR5/.venv/lib/python3.12/site-packages/django/template/base.py", line 977, in render_annotated
    return self.render(context)
           ^^^^^^^^^^^^^^^^^^^^
  File "/home/deviyan/353505_ANUFRYIEU_02/IGI/LR5/.venv/lib/python3.12/site-packages/django/template/defaulttags.py", line 480, in render
    url = reverse(view_name, args=args, kwargs=kwargs, current_app=current_app)
          ^^^^^^^^^^^^^^^^^^^^^^^^^^^^^^^^^^^^^^^^^^^^^^^^^^^^^^^^^^^^^^^^^^^^^
  File "/home/deviyan/353505_ANUFRYIEU_02/IGI/LR5/.venv/lib/python3.12/site-packages/django/urls/base.py", line 98, in reverse
    resolved_url = resolver._reverse_with_prefix(view, prefix, *args, **kwargs)
                   ^^^^^^^^^^^^^^^^^^^^^^^^^^^^^^^^^^^^^^^^^^^^^^^^^^^^^^^^^^^^
  File "/home/deviyan/353505_ANUFRYIEU_02/IGI/LR5/.venv/lib/python3.12/site-packages/django/urls/resolvers.py", line 831, in _reverse_with_prefix
    raise NoReverseMatch(msg)
django.urls.exceptions.NoReverseMatch: Reverse for 'privacy_policy' not found. 'privacy_policy' is not a valid view function or pattern name.
[2025-09-14 23:07:29,436] ERROR   django.request:248 Internal Server Error: /privacy/
Traceback (most recent call last):
  File "/home/deviyan/353505_ANUFRYIEU_02/IGI/LR5/.venv/lib/python3.12/site-packages/django/core/handlers/exception.py", line 55, in inner
    response = get_response(request)
               ^^^^^^^^^^^^^^^^^^^^^
  File "/home/deviyan/353505_ANUFRYIEU_02/IGI/LR5/.venv/lib/python3.12/site-packages/django/core/handlers/base.py", line 197, in _get_response
    response = wrapped_callback(request, *callback_args, **callback_kwargs)
               ^^^^^^^^^^^^^^^^^^^^^^^^^^^^^^^^^^^^^^^^^^^^^^^^^^^^^^^^^^^^
  File "/home/deviyan/353505_ANUFRYIEU_02/IGI/LR5/hotel_project/core/views.py", line 156, in privacy
    return render(request, 'core/privacy.html', {
           ^^^^^^^^^^^^^^^^^^^^^^^^^^^^^^^^^^^^^^
  File "/home/deviyan/353505_ANUFRYIEU_02/IGI/LR5/.venv/lib/python3.12/site-packages/django/shortcuts.py", line 25, in render
    content = loader.render_to_string(template_name, context, request, using=using)
              ^^^^^^^^^^^^^^^^^^^^^^^^^^^^^^^^^^^^^^^^^^^^^^^^^^^^^^^^^^^^^^^^^^^^^
  File "/home/deviyan/353505_ANUFRYIEU_02/IGI/LR5/.venv/lib/python3.12/site-packages/django/template/loader.py", line 62, in render_to_string
    return template.render(context, request)
           ^^^^^^^^^^^^^^^^^^^^^^^^^^^^^^^^^
  File "/home/deviyan/353505_ANUFRYIEU_02/IGI/LR5/.venv/lib/python3.12/site-packages/django/template/backends/django.py", line 107, in render
    return self.template.render(context)
           ^^^^^^^^^^^^^^^^^^^^^^^^^^^^^
  File "/home/deviyan/353505_ANUFRYIEU_02/IGI/LR5/.venv/lib/python3.12/site-packages/django/template/base.py", line 171, in render
    return self._render(context)
           ^^^^^^^^^^^^^^^^^^^^^
  File "/home/deviyan/353505_ANUFRYIEU_02/IGI/LR5/.venv/lib/python3.12/site-packages/django/template/base.py", line 163, in _render
    return self.nodelist.render(context)
           ^^^^^^^^^^^^^^^^^^^^^^^^^^^^^
  File "/home/deviyan/353505_ANUFRYIEU_02/IGI/LR5/.venv/lib/python3.12/site-packages/django/template/base.py", line 1016, in render
    return SafeString("".join([node.render_annotated(context) for node in self]))
                               ^^^^^^^^^^^^^^^^^^^^^^^^^^^^^^
  File "/home/deviyan/353505_ANUFRYIEU_02/IGI/LR5/.venv/lib/python3.12/site-packages/django/template/base.py", line 977, in render_annotated
    return self.render(context)
           ^^^^^^^^^^^^^^^^^^^^
  File "/home/deviyan/353505_ANUFRYIEU_02/IGI/LR5/.venv/lib/python3.12/site-packages/django/template/loader_tags.py", line 159, in render
    return compiled_parent._render(context)
           ^^^^^^^^^^^^^^^^^^^^^^^^^^^^^^^^
  File "/home/deviyan/353505_ANUFRYIEU_02/IGI/LR5/.venv/lib/python3.12/site-packages/django/template/base.py", line 163, in _render
    return self.nodelist.render(context)
           ^^^^^^^^^^^^^^^^^^^^^^^^^^^^^
  File "/home/deviyan/353505_ANUFRYIEU_02/IGI/LR5/.venv/lib/python3.12/site-packages/django/template/base.py", line 1016, in render
    return SafeString("".join([node.render_annotated(context) for node in self]))
                               ^^^^^^^^^^^^^^^^^^^^^^^^^^^^^^
  File "/home/deviyan/353505_ANUFRYIEU_02/IGI/LR5/.venv/lib/python3.12/site-packages/django/template/base.py", line 977, in render_annotated
    return self.render(context)
           ^^^^^^^^^^^^^^^^^^^^
  File "/home/deviyan/353505_ANUFRYIEU_02/IGI/LR5/.venv/lib/python3.12/site-packages/django/template/loader_tags.py", line 65, in render
    result = block.nodelist.render(context)
             ^^^^^^^^^^^^^^^^^^^^^^^^^^^^^^
  File "/home/deviyan/353505_ANUFRYIEU_02/IGI/LR5/.venv/lib/python3.12/site-packages/django/template/base.py", line 1016, in render
    return SafeString("".join([node.render_annotated(context) for node in self]))
                               ^^^^^^^^^^^^^^^^^^^^^^^^^^^^^^
  File "/home/deviyan/353505_ANUFRYIEU_02/IGI/LR5/.venv/lib/python3.12/site-packages/django/template/base.py", line 977, in render_annotated
    return self.render(context)
           ^^^^^^^^^^^^^^^^^^^^
  File "/home/deviyan/353505_ANUFRYIEU_02/IGI/LR5/.venv/lib/python3.12/site-packages/django/template/defaulttags.py", line 480, in render
    url = reverse(view_name, args=args, kwargs=kwargs, current_app=current_app)
          ^^^^^^^^^^^^^^^^^^^^^^^^^^^^^^^^^^^^^^^^^^^^^^^^^^^^^^^^^^^^^^^^^^^^^
  File "/home/deviyan/353505_ANUFRYIEU_02/IGI/LR5/.venv/lib/python3.12/site-packages/django/urls/base.py", line 98, in reverse
    resolved_url = resolver._reverse_with_prefix(view, prefix, *args, **kwargs)
                   ^^^^^^^^^^^^^^^^^^^^^^^^^^^^^^^^^^^^^^^^^^^^^^^^^^^^^^^^^^^^
  File "/home/deviyan/353505_ANUFRYIEU_02/IGI/LR5/.venv/lib/python3.12/site-packages/django/urls/resolvers.py", line 831, in _reverse_with_prefix
    raise NoReverseMatch(msg)
django.urls.exceptions.NoReverseMatch: Reverse for 'privacy_policy' not found. 'privacy_policy' is not a valid view function or pattern name.
[2025-09-15 10:55:32,456] INFO    core.views:447 Успешно получили ответ  api
[2025-09-15 10:55:33,451] INFO    core.views:447 Успешно получили ответ  api
[2025-09-15 11:53:42,813] ERROR   core.views:62 Foursquare API error: 429 Client Error: Too Many Requests for url: https://api.foursquare.com/v3/places/search?ll=53.911919%2C27.594950&radius=1000&limit=15&open_now=True
[2025-09-15 14:20:54,326] ERROR   core.views:62 Foursquare API error: 429 Client Error: Too Many Requests for url: https://api.foursquare.com/v3/places/search?ll=53.911919%2C27.594950&radius=1000&limit=15&open_now=True
[2025-09-15 14:22:36,128] ERROR   core.views:62 Foursquare API error: 429 Client Error: Too Many Requests for url: https://api.foursquare.com/v3/places/search?ll=53.911919%2C27.594950&radius=1000&limit=15&open_now=True
[2025-09-15 14:24:10,153] ERROR   core.views:62 Foursquare API error: 429 Client Error: Too Many Requests for url: https://api.foursquare.com/v3/places/search?ll=53.911919%2C27.594950&radius=1000&limit=15&open_now=True
[2025-09-15 14:24:22,035] ERROR   core.views:62 Foursquare API error: 429 Client Error: Too Many Requests for url: https://api.foursquare.com/v3/places/search?ll=53.911919%2C27.594950&radius=1000&limit=15&open_now=True
[2025-09-15 14:29:31,162] ERROR   core.views:62 Foursquare API error: 429 Client Error: Too Many Requests for url: https://api.foursquare.com/v3/places/search?ll=53.911919%2C27.594950&radius=1000&limit=15&open_now=True
[2025-09-15 14:29:33,196] ERROR   core.views:62 Foursquare API error: 429 Client Error: Too Many Requests for url: https://api.foursquare.com/v3/places/search?ll=53.911919%2C27.594950&radius=1000&limit=15&open_now=True
[2025-09-15 14:41:09,645] ERROR   core.views:62 Foursquare API error: 429 Client Error: Too Many Requests for url: https://api.foursquare.com/v3/places/search?ll=53.911919%2C27.594950&radius=1000&limit=15&open_now=True
[2025-09-15 14:52:42,851] INFO    core.views:447 Успешно получили ответ  api
[2025-09-15 15:07:51,312] ERROR   django.request:248 Internal Server Error: /reviews/
Traceback (most recent call last):
  File "/home/deviyan/353505_ANUFRYIEU_02/IGI/LR5/.venv/lib/python3.12/site-packages/django/core/handlers/exception.py", line 55, in inner
    response = get_response(request)
               ^^^^^^^^^^^^^^^^^^^^^
  File "/home/deviyan/353505_ANUFRYIEU_02/IGI/LR5/.venv/lib/python3.12/site-packages/django/core/handlers/base.py", line 197, in _get_response
    response = wrapped_callback(request, *callback_args, **callback_kwargs)
               ^^^^^^^^^^^^^^^^^^^^^^^^^^^^^^^^^^^^^^^^^^^^^^^^^^^^^^^^^^^^
  File "/home/deviyan/353505_ANUFRYIEU_02/IGI/LR5/hotel_project/core/views.py", line 189, in reviews_list
    return render(request, 'core/reviews.html', {
           ^^^^^^^^^^^^^^^^^^^^^^^^^^^^^^^^^^^^^^
  File "/home/deviyan/353505_ANUFRYIEU_02/IGI/LR5/.venv/lib/python3.12/site-packages/django/shortcuts.py", line 25, in render
    content = loader.render_to_string(template_name, context, request, using=using)
              ^^^^^^^^^^^^^^^^^^^^^^^^^^^^^^^^^^^^^^^^^^^^^^^^^^^^^^^^^^^^^^^^^^^^^
  File "/home/deviyan/353505_ANUFRYIEU_02/IGI/LR5/.venv/lib/python3.12/site-packages/django/template/loader.py", line 62, in render_to_string
    return template.render(context, request)
           ^^^^^^^^^^^^^^^^^^^^^^^^^^^^^^^^^
  File "/home/deviyan/353505_ANUFRYIEU_02/IGI/LR5/.venv/lib/python3.12/site-packages/django/template/backends/django.py", line 107, in render
    return self.template.render(context)
           ^^^^^^^^^^^^^^^^^^^^^^^^^^^^^
  File "/home/deviyan/353505_ANUFRYIEU_02/IGI/LR5/.venv/lib/python3.12/site-packages/django/template/base.py", line 171, in render
    return self._render(context)
           ^^^^^^^^^^^^^^^^^^^^^
  File "/home/deviyan/353505_ANUFRYIEU_02/IGI/LR5/.venv/lib/python3.12/site-packages/django/template/base.py", line 163, in _render
    return self.nodelist.render(context)
           ^^^^^^^^^^^^^^^^^^^^^^^^^^^^^
  File "/home/deviyan/353505_ANUFRYIEU_02/IGI/LR5/.venv/lib/python3.12/site-packages/django/template/base.py", line 1016, in render
    return SafeString("".join([node.render_annotated(context) for node in self]))
                               ^^^^^^^^^^^^^^^^^^^^^^^^^^^^^^
  File "/home/deviyan/353505_ANUFRYIEU_02/IGI/LR5/.venv/lib/python3.12/site-packages/django/template/base.py", line 977, in render_annotated
    return self.render(context)
           ^^^^^^^^^^^^^^^^^^^^
  File "/home/deviyan/353505_ANUFRYIEU_02/IGI/LR5/.venv/lib/python3.12/site-packages/django/template/loader_tags.py", line 134, in render
    compiled_parent = self.get_parent(context)
                      ^^^^^^^^^^^^^^^^^^^^^^^^
  File "/home/deviyan/353505_ANUFRYIEU_02/IGI/LR5/.venv/lib/python3.12/site-packages/django/template/loader_tags.py", line 131, in get_parent
    return self.find_template(parent, context)
           ^^^^^^^^^^^^^^^^^^^^^^^^^^^^^^^^^^^
  File "/home/deviyan/353505_ANUFRYIEU_02/IGI/LR5/.venv/lib/python3.12/site-packages/django/template/loader_tags.py", line 109, in find_template
    template, origin = context.template.engine.find_template(
                       ^^^^^^^^^^^^^^^^^^^^^^^^^^^^^^^^^^^^^^
  File "/home/deviyan/353505_ANUFRYIEU_02/IGI/LR5/.venv/lib/python3.12/site-packages/django/template/engine.py", line 159, in find_template
    template = loader.get_template(name, skip=skip)
               ^^^^^^^^^^^^^^^^^^^^^^^^^^^^^^^^^^^^
  File "/home/deviyan/353505_ANUFRYIEU_02/IGI/LR5/.venv/lib/python3.12/site-packages/django/template/loaders/cached.py", line 57, in get_template
    template = super().get_template(template_name, skip)
               ^^^^^^^^^^^^^^^^^^^^^^^^^^^^^^^^^^^^^^^^^
  File "/home/deviyan/353505_ANUFRYIEU_02/IGI/LR5/.venv/lib/python3.12/site-packages/django/template/loaders/base.py", line 28, in get_template
    return Template(
           ^^^^^^^^^
  File "/home/deviyan/353505_ANUFRYIEU_02/IGI/LR5/.venv/lib/python3.12/site-packages/django/template/base.py", line 154, in __init__
    self.nodelist = self.compile_nodelist()
                    ^^^^^^^^^^^^^^^^^^^^^^^
  File "/home/deviyan/353505_ANUFRYIEU_02/IGI/LR5/.venv/lib/python3.12/site-packages/django/template/base.py", line 196, in compile_nodelist
    nodelist = parser.parse()
               ^^^^^^^^^^^^^^
  File "/home/deviyan/353505_ANUFRYIEU_02/IGI/LR5/.venv/lib/python3.12/site-packages/django/template/base.py", line 489, in parse
    raise self.error(token, e)
  File "/home/deviyan/353505_ANUFRYIEU_02/IGI/LR5/.venv/lib/python3.12/site-packages/django/template/base.py", line 487, in parse
    filter_expression = self.compile_filter(token.contents)
                        ^^^^^^^^^^^^^^^^^^^^^^^^^^^^^^^^^^^
  File "/home/deviyan/353505_ANUFRYIEU_02/IGI/LR5/.venv/lib/python3.12/site-packages/django/template/base.py", line 609, in compile_filter
    return FilterExpression(token, self)
           ^^^^^^^^^^^^^^^^^^^^^^^^^^^^^
  File "/home/deviyan/353505_ANUFRYIEU_02/IGI/LR5/.venv/lib/python3.12/site-packages/django/template/base.py", line 682, in __init__
    raise TemplateSyntaxError(
django.template.exceptions.TemplateSyntaxError: Could not parse some characters: request.build_absolute_uri|('/')||escapejs
[2025-09-15 15:07:52,422] ERROR   django.request:248 Internal Server Error: /reviews/
Traceback (most recent call last):
  File "/home/deviyan/353505_ANUFRYIEU_02/IGI/LR5/.venv/lib/python3.12/site-packages/django/core/handlers/exception.py", line 55, in inner
    response = get_response(request)
               ^^^^^^^^^^^^^^^^^^^^^
  File "/home/deviyan/353505_ANUFRYIEU_02/IGI/LR5/.venv/lib/python3.12/site-packages/django/core/handlers/base.py", line 197, in _get_response
    response = wrapped_callback(request, *callback_args, **callback_kwargs)
               ^^^^^^^^^^^^^^^^^^^^^^^^^^^^^^^^^^^^^^^^^^^^^^^^^^^^^^^^^^^^
  File "/home/deviyan/353505_ANUFRYIEU_02/IGI/LR5/hotel_project/core/views.py", line 189, in reviews_list
    return render(request, 'core/reviews.html', {
           ^^^^^^^^^^^^^^^^^^^^^^^^^^^^^^^^^^^^^^
  File "/home/deviyan/353505_ANUFRYIEU_02/IGI/LR5/.venv/lib/python3.12/site-packages/django/shortcuts.py", line 25, in render
    content = loader.render_to_string(template_name, context, request, using=using)
              ^^^^^^^^^^^^^^^^^^^^^^^^^^^^^^^^^^^^^^^^^^^^^^^^^^^^^^^^^^^^^^^^^^^^^
  File "/home/deviyan/353505_ANUFRYIEU_02/IGI/LR5/.venv/lib/python3.12/site-packages/django/template/loader.py", line 62, in render_to_string
    return template.render(context, request)
           ^^^^^^^^^^^^^^^^^^^^^^^^^^^^^^^^^
  File "/home/deviyan/353505_ANUFRYIEU_02/IGI/LR5/.venv/lib/python3.12/site-packages/django/template/backends/django.py", line 107, in render
    return self.template.render(context)
           ^^^^^^^^^^^^^^^^^^^^^^^^^^^^^
  File "/home/deviyan/353505_ANUFRYIEU_02/IGI/LR5/.venv/lib/python3.12/site-packages/django/template/base.py", line 171, in render
    return self._render(context)
           ^^^^^^^^^^^^^^^^^^^^^
  File "/home/deviyan/353505_ANUFRYIEU_02/IGI/LR5/.venv/lib/python3.12/site-packages/django/template/base.py", line 163, in _render
    return self.nodelist.render(context)
           ^^^^^^^^^^^^^^^^^^^^^^^^^^^^^
  File "/home/deviyan/353505_ANUFRYIEU_02/IGI/LR5/.venv/lib/python3.12/site-packages/django/template/base.py", line 1016, in render
    return SafeString("".join([node.render_annotated(context) for node in self]))
                               ^^^^^^^^^^^^^^^^^^^^^^^^^^^^^^
  File "/home/deviyan/353505_ANUFRYIEU_02/IGI/LR5/.venv/lib/python3.12/site-packages/django/template/base.py", line 977, in render_annotated
    return self.render(context)
           ^^^^^^^^^^^^^^^^^^^^
  File "/home/deviyan/353505_ANUFRYIEU_02/IGI/LR5/.venv/lib/python3.12/site-packages/django/template/loader_tags.py", line 134, in render
    compiled_parent = self.get_parent(context)
                      ^^^^^^^^^^^^^^^^^^^^^^^^
  File "/home/deviyan/353505_ANUFRYIEU_02/IGI/LR5/.venv/lib/python3.12/site-packages/django/template/loader_tags.py", line 131, in get_parent
    return self.find_template(parent, context)
           ^^^^^^^^^^^^^^^^^^^^^^^^^^^^^^^^^^^
  File "/home/deviyan/353505_ANUFRYIEU_02/IGI/LR5/.venv/lib/python3.12/site-packages/django/template/loader_tags.py", line 109, in find_template
    template, origin = context.template.engine.find_template(
                       ^^^^^^^^^^^^^^^^^^^^^^^^^^^^^^^^^^^^^^
  File "/home/deviyan/353505_ANUFRYIEU_02/IGI/LR5/.venv/lib/python3.12/site-packages/django/template/engine.py", line 159, in find_template
    template = loader.get_template(name, skip=skip)
               ^^^^^^^^^^^^^^^^^^^^^^^^^^^^^^^^^^^^
  File "/home/deviyan/353505_ANUFRYIEU_02/IGI/LR5/.venv/lib/python3.12/site-packages/django/template/loaders/cached.py", line 57, in get_template
    template = super().get_template(template_name, skip)
               ^^^^^^^^^^^^^^^^^^^^^^^^^^^^^^^^^^^^^^^^^
  File "/home/deviyan/353505_ANUFRYIEU_02/IGI/LR5/.venv/lib/python3.12/site-packages/django/template/loaders/base.py", line 28, in get_template
    return Template(
           ^^^^^^^^^
  File "/home/deviyan/353505_ANUFRYIEU_02/IGI/LR5/.venv/lib/python3.12/site-packages/django/template/base.py", line 154, in __init__
    self.nodelist = self.compile_nodelist()
                    ^^^^^^^^^^^^^^^^^^^^^^^
  File "/home/deviyan/353505_ANUFRYIEU_02/IGI/LR5/.venv/lib/python3.12/site-packages/django/template/base.py", line 196, in compile_nodelist
    nodelist = parser.parse()
               ^^^^^^^^^^^^^^
  File "/home/deviyan/353505_ANUFRYIEU_02/IGI/LR5/.venv/lib/python3.12/site-packages/django/template/base.py", line 489, in parse
    raise self.error(token, e)
  File "/home/deviyan/353505_ANUFRYIEU_02/IGI/LR5/.venv/lib/python3.12/site-packages/django/template/base.py", line 487, in parse
    filter_expression = self.compile_filter(token.contents)
                        ^^^^^^^^^^^^^^^^^^^^^^^^^^^^^^^^^^^
  File "/home/deviyan/353505_ANUFRYIEU_02/IGI/LR5/.venv/lib/python3.12/site-packages/django/template/base.py", line 609, in compile_filter
    return FilterExpression(token, self)
           ^^^^^^^^^^^^^^^^^^^^^^^^^^^^^
  File "/home/deviyan/353505_ANUFRYIEU_02/IGI/LR5/.venv/lib/python3.12/site-packages/django/template/base.py", line 682, in __init__
    raise TemplateSyntaxError(
django.template.exceptions.TemplateSyntaxError: Could not parse some characters: request.build_absolute_uri|('/')||escapejs
[2025-09-15 15:08:03,520] ERROR   django.request:248 Internal Server Error: /reviews/
Traceback (most recent call last):
  File "/home/deviyan/353505_ANUFRYIEU_02/IGI/LR5/.venv/lib/python3.12/site-packages/django/core/handlers/exception.py", line 55, in inner
    response = get_response(request)
               ^^^^^^^^^^^^^^^^^^^^^
  File "/home/deviyan/353505_ANUFRYIEU_02/IGI/LR5/.venv/lib/python3.12/site-packages/django/core/handlers/base.py", line 197, in _get_response
    response = wrapped_callback(request, *callback_args, **callback_kwargs)
               ^^^^^^^^^^^^^^^^^^^^^^^^^^^^^^^^^^^^^^^^^^^^^^^^^^^^^^^^^^^^
  File "/home/deviyan/353505_ANUFRYIEU_02/IGI/LR5/hotel_project/core/views.py", line 189, in reviews_list
    return render(request, 'core/reviews.html', {
           ^^^^^^^^^^^^^^^^^^^^^^^^^^^^^^^^^^^^^^
  File "/home/deviyan/353505_ANUFRYIEU_02/IGI/LR5/.venv/lib/python3.12/site-packages/django/shortcuts.py", line 25, in render
    content = loader.render_to_string(template_name, context, request, using=using)
              ^^^^^^^^^^^^^^^^^^^^^^^^^^^^^^^^^^^^^^^^^^^^^^^^^^^^^^^^^^^^^^^^^^^^^
  File "/home/deviyan/353505_ANUFRYIEU_02/IGI/LR5/.venv/lib/python3.12/site-packages/django/template/loader.py", line 62, in render_to_string
    return template.render(context, request)
           ^^^^^^^^^^^^^^^^^^^^^^^^^^^^^^^^^
  File "/home/deviyan/353505_ANUFRYIEU_02/IGI/LR5/.venv/lib/python3.12/site-packages/django/template/backends/django.py", line 107, in render
    return self.template.render(context)
           ^^^^^^^^^^^^^^^^^^^^^^^^^^^^^
  File "/home/deviyan/353505_ANUFRYIEU_02/IGI/LR5/.venv/lib/python3.12/site-packages/django/template/base.py", line 171, in render
    return self._render(context)
           ^^^^^^^^^^^^^^^^^^^^^
  File "/home/deviyan/353505_ANUFRYIEU_02/IGI/LR5/.venv/lib/python3.12/site-packages/django/template/base.py", line 163, in _render
    return self.nodelist.render(context)
           ^^^^^^^^^^^^^^^^^^^^^^^^^^^^^
  File "/home/deviyan/353505_ANUFRYIEU_02/IGI/LR5/.venv/lib/python3.12/site-packages/django/template/base.py", line 1016, in render
    return SafeString("".join([node.render_annotated(context) for node in self]))
                               ^^^^^^^^^^^^^^^^^^^^^^^^^^^^^^
  File "/home/deviyan/353505_ANUFRYIEU_02/IGI/LR5/.venv/lib/python3.12/site-packages/django/template/base.py", line 977, in render_annotated
    return self.render(context)
           ^^^^^^^^^^^^^^^^^^^^
  File "/home/deviyan/353505_ANUFRYIEU_02/IGI/LR5/.venv/lib/python3.12/site-packages/django/template/loader_tags.py", line 134, in render
    compiled_parent = self.get_parent(context)
                      ^^^^^^^^^^^^^^^^^^^^^^^^
  File "/home/deviyan/353505_ANUFRYIEU_02/IGI/LR5/.venv/lib/python3.12/site-packages/django/template/loader_tags.py", line 131, in get_parent
    return self.find_template(parent, context)
           ^^^^^^^^^^^^^^^^^^^^^^^^^^^^^^^^^^^
  File "/home/deviyan/353505_ANUFRYIEU_02/IGI/LR5/.venv/lib/python3.12/site-packages/django/template/loader_tags.py", line 109, in find_template
    template, origin = context.template.engine.find_template(
                       ^^^^^^^^^^^^^^^^^^^^^^^^^^^^^^^^^^^^^^
  File "/home/deviyan/353505_ANUFRYIEU_02/IGI/LR5/.venv/lib/python3.12/site-packages/django/template/engine.py", line 159, in find_template
    template = loader.get_template(name, skip=skip)
               ^^^^^^^^^^^^^^^^^^^^^^^^^^^^^^^^^^^^
  File "/home/deviyan/353505_ANUFRYIEU_02/IGI/LR5/.venv/lib/python3.12/site-packages/django/template/loaders/cached.py", line 57, in get_template
    template = super().get_template(template_name, skip)
               ^^^^^^^^^^^^^^^^^^^^^^^^^^^^^^^^^^^^^^^^^
  File "/home/deviyan/353505_ANUFRYIEU_02/IGI/LR5/.venv/lib/python3.12/site-packages/django/template/loaders/base.py", line 28, in get_template
    return Template(
           ^^^^^^^^^
  File "/home/deviyan/353505_ANUFRYIEU_02/IGI/LR5/.venv/lib/python3.12/site-packages/django/template/base.py", line 154, in __init__
    self.nodelist = self.compile_nodelist()
                    ^^^^^^^^^^^^^^^^^^^^^^^
  File "/home/deviyan/353505_ANUFRYIEU_02/IGI/LR5/.venv/lib/python3.12/site-packages/django/template/base.py", line 196, in compile_nodelist
    nodelist = parser.parse()
               ^^^^^^^^^^^^^^
  File "/home/deviyan/353505_ANUFRYIEU_02/IGI/LR5/.venv/lib/python3.12/site-packages/django/template/base.py", line 489, in parse
    raise self.error(token, e)
  File "/home/deviyan/353505_ANUFRYIEU_02/IGI/LR5/.venv/lib/python3.12/site-packages/django/template/base.py", line 487, in parse
    filter_expression = self.compile_filter(token.contents)
                        ^^^^^^^^^^^^^^^^^^^^^^^^^^^^^^^^^^^
  File "/home/deviyan/353505_ANUFRYIEU_02/IGI/LR5/.venv/lib/python3.12/site-packages/django/template/base.py", line 609, in compile_filter
    return FilterExpression(token, self)
           ^^^^^^^^^^^^^^^^^^^^^^^^^^^^^
  File "/home/deviyan/353505_ANUFRYIEU_02/IGI/LR5/.venv/lib/python3.12/site-packages/django/template/base.py", line 710, in __init__
    raise TemplateSyntaxError(
django.template.exceptions.TemplateSyntaxError: Could not parse the remainder: '(company_info.logo.url) if company_info.logo else request.build_absolute_uri(static('hotel_logo.jpg'))' from 'request.build_absolute_uri(company_info.logo.url) if company_info.logo else request.build_absolute_uri(static('hotel_logo.jpg'))'
[2025-09-15 15:08:04,053] ERROR   django.request:248 Internal Server Error: /reviews/
Traceback (most recent call last):
  File "/home/deviyan/353505_ANUFRYIEU_02/IGI/LR5/.venv/lib/python3.12/site-packages/django/core/handlers/exception.py", line 55, in inner
    response = get_response(request)
               ^^^^^^^^^^^^^^^^^^^^^
  File "/home/deviyan/353505_ANUFRYIEU_02/IGI/LR5/.venv/lib/python3.12/site-packages/django/core/handlers/base.py", line 197, in _get_response
    response = wrapped_callback(request, *callback_args, **callback_kwargs)
               ^^^^^^^^^^^^^^^^^^^^^^^^^^^^^^^^^^^^^^^^^^^^^^^^^^^^^^^^^^^^
  File "/home/deviyan/353505_ANUFRYIEU_02/IGI/LR5/hotel_project/core/views.py", line 189, in reviews_list
    return render(request, 'core/reviews.html', {
           ^^^^^^^^^^^^^^^^^^^^^^^^^^^^^^^^^^^^^^
  File "/home/deviyan/353505_ANUFRYIEU_02/IGI/LR5/.venv/lib/python3.12/site-packages/django/shortcuts.py", line 25, in render
    content = loader.render_to_string(template_name, context, request, using=using)
              ^^^^^^^^^^^^^^^^^^^^^^^^^^^^^^^^^^^^^^^^^^^^^^^^^^^^^^^^^^^^^^^^^^^^^
  File "/home/deviyan/353505_ANUFRYIEU_02/IGI/LR5/.venv/lib/python3.12/site-packages/django/template/loader.py", line 62, in render_to_string
    return template.render(context, request)
           ^^^^^^^^^^^^^^^^^^^^^^^^^^^^^^^^^
  File "/home/deviyan/353505_ANUFRYIEU_02/IGI/LR5/.venv/lib/python3.12/site-packages/django/template/backends/django.py", line 107, in render
    return self.template.render(context)
           ^^^^^^^^^^^^^^^^^^^^^^^^^^^^^
  File "/home/deviyan/353505_ANUFRYIEU_02/IGI/LR5/.venv/lib/python3.12/site-packages/django/template/base.py", line 171, in render
    return self._render(context)
           ^^^^^^^^^^^^^^^^^^^^^
  File "/home/deviyan/353505_ANUFRYIEU_02/IGI/LR5/.venv/lib/python3.12/site-packages/django/template/base.py", line 163, in _render
    return self.nodelist.render(context)
           ^^^^^^^^^^^^^^^^^^^^^^^^^^^^^
  File "/home/deviyan/353505_ANUFRYIEU_02/IGI/LR5/.venv/lib/python3.12/site-packages/django/template/base.py", line 1016, in render
    return SafeString("".join([node.render_annotated(context) for node in self]))
                               ^^^^^^^^^^^^^^^^^^^^^^^^^^^^^^
  File "/home/deviyan/353505_ANUFRYIEU_02/IGI/LR5/.venv/lib/python3.12/site-packages/django/template/base.py", line 977, in render_annotated
    return self.render(context)
           ^^^^^^^^^^^^^^^^^^^^
  File "/home/deviyan/353505_ANUFRYIEU_02/IGI/LR5/.venv/lib/python3.12/site-packages/django/template/loader_tags.py", line 134, in render
    compiled_parent = self.get_parent(context)
                      ^^^^^^^^^^^^^^^^^^^^^^^^
  File "/home/deviyan/353505_ANUFRYIEU_02/IGI/LR5/.venv/lib/python3.12/site-packages/django/template/loader_tags.py", line 131, in get_parent
    return self.find_template(parent, context)
           ^^^^^^^^^^^^^^^^^^^^^^^^^^^^^^^^^^^
  File "/home/deviyan/353505_ANUFRYIEU_02/IGI/LR5/.venv/lib/python3.12/site-packages/django/template/loader_tags.py", line 109, in find_template
    template, origin = context.template.engine.find_template(
                       ^^^^^^^^^^^^^^^^^^^^^^^^^^^^^^^^^^^^^^
  File "/home/deviyan/353505_ANUFRYIEU_02/IGI/LR5/.venv/lib/python3.12/site-packages/django/template/engine.py", line 159, in find_template
    template = loader.get_template(name, skip=skip)
               ^^^^^^^^^^^^^^^^^^^^^^^^^^^^^^^^^^^^
  File "/home/deviyan/353505_ANUFRYIEU_02/IGI/LR5/.venv/lib/python3.12/site-packages/django/template/loaders/cached.py", line 57, in get_template
    template = super().get_template(template_name, skip)
               ^^^^^^^^^^^^^^^^^^^^^^^^^^^^^^^^^^^^^^^^^
  File "/home/deviyan/353505_ANUFRYIEU_02/IGI/LR5/.venv/lib/python3.12/site-packages/django/template/loaders/base.py", line 28, in get_template
    return Template(
           ^^^^^^^^^
  File "/home/deviyan/353505_ANUFRYIEU_02/IGI/LR5/.venv/lib/python3.12/site-packages/django/template/base.py", line 154, in __init__
    self.nodelist = self.compile_nodelist()
                    ^^^^^^^^^^^^^^^^^^^^^^^
  File "/home/deviyan/353505_ANUFRYIEU_02/IGI/LR5/.venv/lib/python3.12/site-packages/django/template/base.py", line 196, in compile_nodelist
    nodelist = parser.parse()
               ^^^^^^^^^^^^^^
  File "/home/deviyan/353505_ANUFRYIEU_02/IGI/LR5/.venv/lib/python3.12/site-packages/django/template/base.py", line 489, in parse
    raise self.error(token, e)
  File "/home/deviyan/353505_ANUFRYIEU_02/IGI/LR5/.venv/lib/python3.12/site-packages/django/template/base.py", line 487, in parse
    filter_expression = self.compile_filter(token.contents)
                        ^^^^^^^^^^^^^^^^^^^^^^^^^^^^^^^^^^^
  File "/home/deviyan/353505_ANUFRYIEU_02/IGI/LR5/.venv/lib/python3.12/site-packages/django/template/base.py", line 609, in compile_filter
    return FilterExpression(token, self)
           ^^^^^^^^^^^^^^^^^^^^^^^^^^^^^
  File "/home/deviyan/353505_ANUFRYIEU_02/IGI/LR5/.venv/lib/python3.12/site-packages/django/template/base.py", line 710, in __init__
    raise TemplateSyntaxError(
django.template.exceptions.TemplateSyntaxError: Could not parse the remainder: '(company_info.logo.url) if company_info.logo else request.build_absolute_uri(static('hotel_logo.jpg'))' from 'request.build_absolute_uri(company_info.logo.url) if company_info.logo else request.build_absolute_uri(static('hotel_logo.jpg'))'
[2025-09-15 15:08:04,656] ERROR   django.request:248 Internal Server Error: /reviews/
Traceback (most recent call last):
  File "/home/deviyan/353505_ANUFRYIEU_02/IGI/LR5/.venv/lib/python3.12/site-packages/django/core/handlers/exception.py", line 55, in inner
    response = get_response(request)
               ^^^^^^^^^^^^^^^^^^^^^
  File "/home/deviyan/353505_ANUFRYIEU_02/IGI/LR5/.venv/lib/python3.12/site-packages/django/core/handlers/base.py", line 197, in _get_response
    response = wrapped_callback(request, *callback_args, **callback_kwargs)
               ^^^^^^^^^^^^^^^^^^^^^^^^^^^^^^^^^^^^^^^^^^^^^^^^^^^^^^^^^^^^
  File "/home/deviyan/353505_ANUFRYIEU_02/IGI/LR5/hotel_project/core/views.py", line 189, in reviews_list
    return render(request, 'core/reviews.html', {
           ^^^^^^^^^^^^^^^^^^^^^^^^^^^^^^^^^^^^^^
  File "/home/deviyan/353505_ANUFRYIEU_02/IGI/LR5/.venv/lib/python3.12/site-packages/django/shortcuts.py", line 25, in render
    content = loader.render_to_string(template_name, context, request, using=using)
              ^^^^^^^^^^^^^^^^^^^^^^^^^^^^^^^^^^^^^^^^^^^^^^^^^^^^^^^^^^^^^^^^^^^^^
  File "/home/deviyan/353505_ANUFRYIEU_02/IGI/LR5/.venv/lib/python3.12/site-packages/django/template/loader.py", line 62, in render_to_string
    return template.render(context, request)
           ^^^^^^^^^^^^^^^^^^^^^^^^^^^^^^^^^
  File "/home/deviyan/353505_ANUFRYIEU_02/IGI/LR5/.venv/lib/python3.12/site-packages/django/template/backends/django.py", line 107, in render
    return self.template.render(context)
           ^^^^^^^^^^^^^^^^^^^^^^^^^^^^^
  File "/home/deviyan/353505_ANUFRYIEU_02/IGI/LR5/.venv/lib/python3.12/site-packages/django/template/base.py", line 171, in render
    return self._render(context)
           ^^^^^^^^^^^^^^^^^^^^^
  File "/home/deviyan/353505_ANUFRYIEU_02/IGI/LR5/.venv/lib/python3.12/site-packages/django/template/base.py", line 163, in _render
    return self.nodelist.render(context)
           ^^^^^^^^^^^^^^^^^^^^^^^^^^^^^
  File "/home/deviyan/353505_ANUFRYIEU_02/IGI/LR5/.venv/lib/python3.12/site-packages/django/template/base.py", line 1016, in render
    return SafeString("".join([node.render_annotated(context) for node in self]))
                               ^^^^^^^^^^^^^^^^^^^^^^^^^^^^^^
  File "/home/deviyan/353505_ANUFRYIEU_02/IGI/LR5/.venv/lib/python3.12/site-packages/django/template/base.py", line 977, in render_annotated
    return self.render(context)
           ^^^^^^^^^^^^^^^^^^^^
  File "/home/deviyan/353505_ANUFRYIEU_02/IGI/LR5/.venv/lib/python3.12/site-packages/django/template/loader_tags.py", line 134, in render
    compiled_parent = self.get_parent(context)
                      ^^^^^^^^^^^^^^^^^^^^^^^^
  File "/home/deviyan/353505_ANUFRYIEU_02/IGI/LR5/.venv/lib/python3.12/site-packages/django/template/loader_tags.py", line 131, in get_parent
    return self.find_template(parent, context)
           ^^^^^^^^^^^^^^^^^^^^^^^^^^^^^^^^^^^
  File "/home/deviyan/353505_ANUFRYIEU_02/IGI/LR5/.venv/lib/python3.12/site-packages/django/template/loader_tags.py", line 109, in find_template
    template, origin = context.template.engine.find_template(
                       ^^^^^^^^^^^^^^^^^^^^^^^^^^^^^^^^^^^^^^
  File "/home/deviyan/353505_ANUFRYIEU_02/IGI/LR5/.venv/lib/python3.12/site-packages/django/template/engine.py", line 159, in find_template
    template = loader.get_template(name, skip=skip)
               ^^^^^^^^^^^^^^^^^^^^^^^^^^^^^^^^^^^^
  File "/home/deviyan/353505_ANUFRYIEU_02/IGI/LR5/.venv/lib/python3.12/site-packages/django/template/loaders/cached.py", line 57, in get_template
    template = super().get_template(template_name, skip)
               ^^^^^^^^^^^^^^^^^^^^^^^^^^^^^^^^^^^^^^^^^
  File "/home/deviyan/353505_ANUFRYIEU_02/IGI/LR5/.venv/lib/python3.12/site-packages/django/template/loaders/base.py", line 28, in get_template
    return Template(
           ^^^^^^^^^
  File "/home/deviyan/353505_ANUFRYIEU_02/IGI/LR5/.venv/lib/python3.12/site-packages/django/template/base.py", line 154, in __init__
    self.nodelist = self.compile_nodelist()
                    ^^^^^^^^^^^^^^^^^^^^^^^
  File "/home/deviyan/353505_ANUFRYIEU_02/IGI/LR5/.venv/lib/python3.12/site-packages/django/template/base.py", line 196, in compile_nodelist
    nodelist = parser.parse()
               ^^^^^^^^^^^^^^
  File "/home/deviyan/353505_ANUFRYIEU_02/IGI/LR5/.venv/lib/python3.12/site-packages/django/template/base.py", line 489, in parse
    raise self.error(token, e)
  File "/home/deviyan/353505_ANUFRYIEU_02/IGI/LR5/.venv/lib/python3.12/site-packages/django/template/base.py", line 487, in parse
    filter_expression = self.compile_filter(token.contents)
                        ^^^^^^^^^^^^^^^^^^^^^^^^^^^^^^^^^^^
  File "/home/deviyan/353505_ANUFRYIEU_02/IGI/LR5/.venv/lib/python3.12/site-packages/django/template/base.py", line 609, in compile_filter
    return FilterExpression(token, self)
           ^^^^^^^^^^^^^^^^^^^^^^^^^^^^^
  File "/home/deviyan/353505_ANUFRYIEU_02/IGI/LR5/.venv/lib/python3.12/site-packages/django/template/base.py", line 710, in __init__
    raise TemplateSyntaxError(
django.template.exceptions.TemplateSyntaxError: Could not parse the remainder: '(company_info.logo.url) if company_info.logo else request.build_absolute_uri(static('hotel_logo.jpg'))' from 'request.build_absolute_uri(company_info.logo.url) if company_info.logo else request.build_absolute_uri(static('hotel_logo.jpg'))'
[2025-09-16 14:24:36,037] ERROR   core.views:62 Foursquare API error: 429 Client Error: Too Many Requests for url: https://api.foursquare.com/v3/places/search?ll=53.911919%2C27.594950&radius=1000&limit=15&open_now=True
